has_salary,normalized_salary_annual,salary_spread,desc_char_length,desc_word_count,desc_bullet_points,desc_is_optimal_length,title_length,seniority_level,cat_software_engineering,cat_data_and_ai,cat_product_and_design,cat_sales_and_bd,cat_marketing_and_growth,cat_operations_and_hr,cat_customer_support,is_remote,loc_tier_1,loc_tier_2,is_fulltime,is_contract,skills_count,sponsored,posting_dayofweek,posting_hour,is_weekend_posting,apply_rate,is_high_converting
0,105000.0,0.0,928,128,10,1,16,1,0,0,1,0,0,0,0,0,1,0,1,0,7,0,2,12,0,0.046511627906976744,0
1,119250.0,0.22676579925650558,1323,174,11,1,32,3,0,0,0,1,0,0,0,1,0,1,1,0,6,0,5,11,1,0.15151515151515152,1
0,105000.0,0.0,692,90,6,1,32,1,0,0,0,1,0,0,0,0,0,1,1,0,3,1,5,7,1,0.05734767025089606,0
1,85280.0,0.3180885972108285,731,94,6,1,28,3,0,0,0,0,0,0,1,0,0,1,1,0,4,1,0,4,0,0.0958904109589041,0
1,64000.0,0.28187919463087246,1320,174,11,1,29,1,0,0,1,0,0,0,0,1,0,1,0,0,6,1,6,15,1,0.1927437641723356,1
1,171500.0,0.3588516746411483,1019,145,10,1,25,1,1,0,0,0,0,0,0,1,0,1,0,0,7,0,4,22,0,0.2073170731707317,1
0,105000.0,0.0,860,119,10,1,25,4,0,0,0,1,0,0,0,1,0,1,1,0,3,0,5,14,1,0.05063291139240506,0
1,67912.0,0.33035029404244437,734,97,6,1,19,2,0,0,0,0,0,1,0,1,0,0,1,0,5,0,2,3,0,0.28431372549019607,1
0,105000.0,0.0,1269,169,11,1,24,3,1,0,0,0,0,0,0,0,0,1,0,0,7,1,4,22,0,0.029661016949152543,0
1,158250.0,0.2513812154696133,1102,147,11,1,21,3,0,1,0,0,0,0,0,0,0,0,1,0,5,0,4,23,0,0.12422360248447205,1
1,65000.0,0.36477987421383645,1140,150,11,1,22,4,0,0,0,0,0,1,0,0,0,1,1,0,6,0,3,12,0,0.1694915254237288,1
1,90000.0,0.19095477386934673,1149,152,11,1,26,4,0,0,0,0,1,0,0,0,0,0,1,0,7,0,3,13,0,0.12790697674418605,1
0,105000.0,0.0,1281,169,11,1,28,3,0,0,0,1,0,0,0,0,0,1,0,0,4,1,4,4,0,0.03888888888888889,0
1,79500.0,0.26229508196721313,919,124,6,1,24,1,0,0,0,0,1,0,0,0,1,0,1,0,7,0,2,14,0,0.10887096774193548,1
0,105000.0,0.0,1106,147,11,1,15,3,1,0,0,0,0,0,0,0,1,0,0,1,6,0,0,3,0,0.037037037037037035,0
1,152500.0,0.22157434402332363,829,117,10,1,25,1,1,0,0,0,0,0,0,0,0,0,1,0,3,0,5,6,1,0.12162162162162163,1
1,133250.0,0.19932432432432431,825,107,6,1,20,4,0,0,0,0,0,1,0,1,0,0,0,0,3,0,4,13,0,0.08450704225352113,0
1,71000.0,0.31952662721893493,726,96,6,1,31,2,0,0,0,0,0,0,1,0,1,0,0,0,4,1,2,15,0,0.13333333333333333,1
1,230755.19999999998,0.3154657960671172,866,122,10,1,15,4,1,0,0,0,0,0,0,1,0,0,1,0,7,0,6,15,1,0.09803921568627451,0
1,178500.0,0.38826185101580135,727,95,6,1,25,3,0,1,0,0,0,0,0,0,1,0,0,1,6,0,3,3,0,0.17647058823529413,1
1,163250.0,0.2950391644908616,677,93,6,1,25,1,1,0,0,0,0,0,0,0,1,0,1,0,4,1,6,23,1,0.0847457627118644,0
1,91000.0,0.36036036036036034,1285,170,11,1,26,4,0,0,0,0,1,0,0,0,0,0,1,0,5,0,2,22,0,0.14285714285714285,1
1,172500.0,0.3170731707317073,744,100,6,1,19,4,1,0,0,0,0,0,0,0,0,0,0,1,6,1,6,6,1,0.049773755656108594,0
1,67500.0,0.2802547770700637,852,114,6,1,28,3,0,0,0,0,0,0,1,0,0,1,1,0,3,0,6,23,1,0.15254237288135594,1
0,105000.0,0.0,1097,145,11,1,33,3,1,0,0,0,0,0,0,0,1,0,1,0,3,1,1,5,0,0.06172839506172839,0
0,105000.0,0.0,1040,146,10,1,18,2,0,0,0,0,1,0,0,0,1,0,0,1,6,0,2,11,0,0.047619047619047616,0
0,105000.0,0.0,998,139,10,1,24,2,0,0,0,0,1,0,0,0,0,1,1,0,3,0,6,7,1,0.07441860465116279,0
1,142750.0,0.23765432098765432,875,112,6,1,20,4,0,0,0,0,0,1,0,1,0,1,1,0,5,0,4,15,0,0.08163265306122448,0
1,134000.0,0.23102310231023102,1109,148,11,1,19,2,1,0,0,0,0,0,0,1,0,0,1,0,7,1,0,17,0,0.07692307692307693,0
1,125112.0,0.3764340666756647,1298,169,11,1,29,3,0,0,1,0,0,0,0,1,1,0,1,0,6,1,2,7,0,0.10559006211180125,0
0,105000.0,0.0,1286,168,11,1,24,2,0,0,0,0,0,0,1,0,1,0,1,0,5,0,5,15,1,0.10638297872340426,0
1,86000.0,0.271356783919598,864,114,6,1,24,3,0,0,0,0,0,0,1,0,0,1,0,0,4,0,2,6,0,0.12380952380952381,1
0,105000.0,0.0,896,122,6,1,15,2,0,0,1,0,0,0,0,1,0,1,1,0,6,0,0,6,0,0.10344827586206896,0
1,81500.0,0.25668449197860965,1134,149,11,1,22,4,0,0,0,0,0,1,0,1,0,0,1,0,5,0,1,17,0,0.24087591240875914,1
1,97750.0,0.3432203389830508,855,119,10,1,20,3,0,0,0,0,0,1,0,0,1,0,1,0,4,0,6,13,1,0.15126050420168066,1
1,127000.0,0.2049469964664311,1085,144,11,1,14,2,0,1,0,0,0,0,0,0,0,1,1,0,3,0,0,20,0,0.11627906976744186,1
1,171500.0,0.2892768079800499,860,123,10,1,21,4,1,0,0,0,0,0,0,1,0,0,0,0,6,0,1,19,0,0.11764705882352941,1
1,174750.0,0.27832512315270935,1087,144,11,1,15,3,1,0,0,0,0,0,0,1,0,0,1,0,4,0,6,16,1,0.18181818181818182,1
1,76750.0,0.38421052631578945,1082,151,10,1,24,2,0,0,0,0,1,0,0,0,0,1,1,0,7,0,2,4,0,0.1111111111111111,1
0,105000.0,0.0,906,129,10,1,24,2,0,0,0,0,1,0,0,1,0,1,1,0,6,0,4,8,0,0.06542056074766354,0
1,54000.0,0.21487603305785125,1105,147,11,1,26,4,0,0,0,0,1,0,0,1,1,0,1,0,3,1,5,4,1,0.09271523178807947,0
1,172500.0,0.21705426356589147,843,112,6,1,33,3,1,0,0,0,0,0,0,1,1,0,0,0,3,0,2,3,0,0.11403508771929824,1
1,92250.0,0.3744493392070485,862,121,10,1,32,3,0,0,1,0,0,0,0,0,0,1,1,0,3,0,4,4,0,0.07777777777777778,0
1,92750.0,0.3939393939393939,763,102,6,1,25,4,0,0,0,1,0,0,0,0,0,1,1,0,6,1,6,20,1,0.11904761904761904,1
1,64000.0,0.2702702702702703,732,96,6,1,20,1,0,0,0,0,0,1,0,0,1,0,1,0,5,1,2,19,0,0.1774193548387097,1
1,99840.0,0.255315282573142,890,124,10,1,26,4,0,0,0,0,1,0,0,0,1,0,1,0,5,0,0,8,0,0.15555555555555556,1
1,137000.0,0.26031746031746034,924,121,6,1,21,2,0,1,0,0,0,0,0,0,1,0,1,0,7,1,5,10,1,0.08374384236453201,0
0,105000.0,0.0,748,98,6,1,32,4,0,0,0,1,0,0,0,1,0,1,0,0,5,0,4,6,0,0.02857142857142857,0
1,101000.0,0.19642857142857142,1134,149,11,1,17,5,0,0,0,1,0,0,0,0,1,0,1,0,6,0,2,3,0,0.058823529411764705,0
0,105000.0,0.0,771,99,6,1,35,5,0,0,0,1,0,0,0,0,1,0,1,0,5,0,5,22,1,0.09375,0
1,177000.0,0.3945578231292517,818,115,10,1,15,3,1,0,0,0,0,0,0,0,0,1,1,0,3,0,3,13,0,0.17857142857142858,1
0,105000.0,0.0,1061,145,10,1,18,2,0,0,1,0,0,0,0,0,1,0,0,0,6,1,4,17,0,0.08641975308641975,0
0,105000.0,0.0,742,101,6,1,15,2,0,0,1,0,0,0,0,0,1,0,1,0,6,0,3,2,0,0.1111111111111111,1
1,64000.0,0.2097902097902098,1104,145,11,1,24,1,0,0,0,0,1,0,0,1,0,1,1,0,3,1,2,17,0,0.15584415584415584,1
0,105000.0,0.0,1103,146,11,1,15,2,0,0,1,0,0,0,0,1,1,0,0,0,4,0,4,10,0,0.13414634146341464,1
1,103500.0,0.3764705882352941,681,92,6,1,12,1,0,1,0,0,0,0,0,0,1,0,1,0,6,1,0,3,0,0.08653846153846154,0
1,105250.0,0.316,855,116,6,1,21,4,1,0,0,0,0,0,0,0,0,1,1,0,7,0,3,21,0,0.16666666666666666,1
1,127500.0,0.3860759493670886,1079,144,11,1,15,2,1,0,0,0,0,0,0,1,0,1,1,0,3,0,4,14,0,0.17142857142857143,1
0,105000.0,0.0,658,92,6,1,15,1,1,0,0,0,0,0,0,0,0,0,1,0,4,1,3,20,0,0.07262569832402235,0
1,136250.0,0.23624595469255663,872,118,6,1,33,2,1,0,0,0,0,0,0,1,0,1,1,0,4,0,6,12,1,0.11538461538461539,1
1,179500.0,0.38288288288288286,915,124,10,1,25,3,0,1,0,0,0,0,0,0,1,0,1,0,7,0,3,8,0,0.05102040816326531,0
1,93250.0,0.28110599078341014,1135,148,11,1,28,3,0,0,0,0,0,0,1,1,1,0,1,0,4,0,1,1,0,0.25,1
1,105500.0,0.256198347107438,1063,143,10,1,32,3,0,0,0,1,0,0,0,1,0,1,0,1,4,0,4,20,0,0.12121212121212122,1
1,168000.0,0.36496350364963503,818,116,10,1,19,3,1,0,0,0,0,0,0,0,0,1,1,0,3,0,4,23,0,0.11363636363636363,1
1,183500.0,0.3868131868131868,918,126,10,1,19,5,0,0,0,0,0,1,0,1,0,1,1,0,6,0,3,11,0,0.1,0
1,191750.0,0.26077097505668934,720,97,6,1,25,4,0,0,0,1,0,0,0,0,1,0,1,0,4,1,2,19,0,0.06060606060606061,0
1,142000.0,0.314540059347181,662,89,6,1,18,2,1,0,0,0,0,0,0,0,1,0,1,0,3,0,0,23,0,0.18181818181818182,1
0,105000.0,0.0,852,110,6,1,28,5,0,0,0,0,0,0,1,0,1,0,0,1,3,0,6,12,1,0.0,0
0,105000.0,0.0,732,96,6,1,15,4,0,0,1,0,0,0,0,1,0,1,1,0,5,0,6,18,1,0.05263157894736842,0
0,105000.0,0.0,1091,145,11,1,25,2,1,0,0,0,0,0,0,1,1,0,1,0,4,1,3,22,0,0.06976744186046512,0
0,105000.0,0.0,721,95,6,1,25,1,0,0,1,0,0,0,0,0,1,0,0,0,4,0,6,18,1,0.014925373134328358,0
0,105000.0,0.0,864,118,10,1,25,2,0,1,0,0,0,0,0,0,1,0,0,1,4,1,5,10,1,0.042704626334519574,0
0,105000.0,0.0,1287,170,11,1,32,3,0,0,1,0,0,0,0,1,0,0,0,0,5,0,4,6,0,0.08571428571428572,0
1,105250.0,0.3425196850393701,762,104,6,1,32,3,0,0,1,0,0,0,0,0,0,1,0,0,6,1,1,5,0,0.08571428571428572,0
1,98500.0,0.32340425531914896,853,116,6,1,17,3,0,1,0,0,0,0,0,1,1,0,0,1,6,0,1,13,0,0.1721311475409836,1
0,105000.0,0.0,1280,168,11,1,20,2,0,0,0,0,0,1,0,1,0,1,1,0,5,0,3,22,0,0.10526315789473684,0
1,83595.2,0.3365066225165563,761,101,6,1,35,5,0,0,0,1,0,0,0,0,1,0,1,0,5,0,3,9,0,0.07246376811594203,0
0,105000.0,0.0,720,96,6,1,24,2,0,0,0,0,0,0,1,1,0,1,1,0,4,1,0,22,0,0.12598425196850394,1
1,78750.0,0.22033898305084745,1110,149,11,1,14,2,0,0,0,0,1,0,0,1,0,1,1,0,5,0,6,21,1,0.15333333333333332,1
1,62250.0,0.24647887323943662,1096,145,11,1,17,3,0,1,0,0,0,0,0,1,0,1,0,0,3,1,0,9,0,0.18571428571428572,1
1,168000.0,0.3157894736842105,1011,141,10,1,16,3,0,0,1,0,0,0,0,1,1,0,0,0,4,1,3,14,0,0.07368421052631578,0
1,75500.0,0.2937853107344633,1098,145,11,1,18,1,0,0,1,0,0,0,0,0,1,0,0,0,4,1,3,17,0,0.17475728155339806,1
1,81750.0,0.2789473684210526,1246,166,11,1,14,1,0,0,0,0,1,0,0,0,1,0,1,0,4,0,0,5,0,0.14285714285714285,1
1,122000.0,0.20588235294117646,686,91,6,1,12,2,0,1,0,0,0,0,0,1,0,0,1,0,6,0,5,19,1,0.125,1
1,168750.0,0.34963325183374083,894,124,10,1,33,3,1,0,0,0,0,0,0,1,0,1,1,0,6,0,2,9,0,0.22,1
1,73250.0,0.3989071038251366,704,92,6,1,28,1,0,0,0,1,0,0,0,0,1,0,0,1,4,1,5,21,1,0.09523809523809523,0
1,97500.0,0.30434782608695654,976,137,10,1,15,2,0,0,1,0,0,0,0,0,0,0,1,0,3,1,5,5,1,0.07407407407407407,0
0,105000.0,0.0,723,97,6,1,15,1,1,0,0,0,0,0,0,0,1,0,1,0,7,0,6,1,1,0.07425742574257425,0
1,163500.0,0.3690773067331671,1241,164,11,1,12,3,0,1,0,0,0,0,0,0,0,1,0,0,4,1,5,12,1,0.056910569105691054,0
1,60000.0,0.3561643835616438,900,123,10,1,24,2,0,0,0,0,0,0,1,1,0,1,1,0,4,1,3,1,0,0.15681818181818183,1
1,48500.0,0.3697478991596639,1261,166,11,1,28,1,0,0,0,0,0,0,1,0,0,1,1,0,3,1,4,16,0,0.16964285714285715,1
1,84750.0,0.36231884057971014,874,120,10,1,23,1,0,1,0,0,0,0,0,0,0,0,1,0,6,1,6,19,1,0.15760869565217392,1
1,128500.0,0.3987538940809969,698,92,6,1,25,2,0,1,0,0,0,0,0,0,0,1,1,0,4,0,2,20,0,0.12195121951219512,1
1,137750.0,0.3502994011976048,1115,147,11,1,12,3,0,1,0,0,0,0,0,0,0,0,1,0,7,0,4,17,0,0.06611570247933884,0
1,132308.8,0.2713683924446257,877,117,6,1,23,1,0,1,0,0,0,0,0,0,1,0,1,0,5,0,1,11,0,0.14545454545454545,1
1,48250.0,0.2920353982300885,921,123,10,1,31,1,0,0,0,0,0,0,1,1,0,0,0,1,4,0,5,3,1,0.27450980392156865,1
0,105000.0,0.0,1085,149,10,1,25,1,0,0,1,0,0,0,0,0,0,0,1,0,6,1,5,22,1,0.0842911877394636,0
0,105000.0,0.0,923,129,10,1,25,1,0,0,1,0,0,0,0,0,1,0,0,0,6,0,3,17,0,0.06329113924050633,0
1,92250.0,0.35267857142857145,1239,164,11,1,16,1,0,0,1,0,0,0,0,0,0,1,0,0,3,0,5,8,1,0.20833333333333334,1
0,105000.0,0.0,819,112,6,1,25,2,0,1,0,0,0,0,0,0,1,0,1,0,3,0,1,17,0,0.10204081632653061,0
1,57250.0,0.2781954887218045,1030,140,10,1,20,1,0,0,0,0,0,1,0,0,0,0,1,0,4,0,5,18,1,0.21428571428571427,1
1,164250.0,0.369727047146402,673,92,6,1,12,3,0,1,0,0,0,0,0,0,0,1,0,0,5,1,4,0,0,0.09969788519637462,0
1,185250.0,0.38562091503267976,760,99,6,1,24,5,0,0,0,0,0,0,1,0,1,0,1,0,5,0,6,6,1,0.04310344827586207,0
1,209750.0,0.37087378640776697,1021,138,10,1,33,4,1,0,0,0,0,0,0,0,1,0,1,0,4,0,1,11,0,0.04597701149425287,0
0,105000.0,0.0,1102,147,11,1,18,2,1,0,0,0,0,0,0,0,1,0,0,1,6,0,4,3,0,0.0,0
0,105000.0,0.0,1292,172,11,1,32,3,0,0,1,0,0,0,0,1,0,0,1,0,4,0,1,15,0,0.125,1
0,105000.0,0.0,1104,147,11,1,14,4,0,0,0,0,1,0,0,0,0,0,1,0,5,1,3,2,0,0.04516129032258064,0
1,65000.0,0.35443037974683544,902,120,6,1,18,1,0,0,1,0,0,0,0,1,1,0,1,0,5,0,2,3,0,0.125,1
0,105000.0,0.0,1127,148,11,1,28,2,0,0,0,0,0,0,1,1,0,1,0,0,4,0,0,15,0,0.1724137931034483,1
1,100750.0,0.3067226890756303,900,123,10,1,22,3,0,0,0,0,0,1,0,1,0,1,1,0,5,0,4,16,0,0.13157894736842105,1
1,107744.0,0.36721828211189916,1134,149,11,1,15,2,0,0,1,0,0,0,0,0,0,1,1,0,6,1,0,19,0,0.06870229007633588,0
1,55500.0,0.224,1009,139,10,1,20,1,0,0,0,0,0,1,0,0,0,1,0,0,4,0,3,3,0,0.1559633027522936,1
0,105000.0,0.0,1310,173,11,1,28,2,0,0,0,0,0,0,1,0,0,1,1,0,5,1,0,5,0,0.10204081632653061,0
0,105000.0,0.0,702,94,6,1,14,1,0,0,0,0,1,0,0,1,0,1,1,0,5,0,6,7,1,0.08035714285714286,0
0,105000.0,0.0,859,119,10,1,21,3,0,1,0,0,0,0,0,0,1,0,1,0,4,0,1,15,0,0.11688311688311688,1
1,88500.0,0.24752475247524752,858,118,6,1,25,1,1,0,0,0,0,0,0,1,0,1,0,1,7,0,3,1,0,0.18493150684931506,1
1,85250.0,0.38388625592417064,880,118,6,1,14,4,0,0,0,0,1,0,0,0,1,0,1,0,6,1,2,13,0,0.048484848484848485,0
0,105000.0,0.0,863,121,10,1,19,4,0,0,0,0,0,1,0,0,0,1,1,0,4,1,3,19,0,0.06976744186046512,0
0,105000.0,0.0,914,125,10,1,25,4,0,0,0,1,0,0,0,0,1,0,1,0,5,0,4,12,0,0.04081632653061224,0
1,46500.0,0.21153846153846154,1108,146,11,1,24,1,0,0,0,0,0,0,1,1,0,1,1,0,3,0,2,3,0,0.2835820895522388,1
0,105000.0,0.0,816,115,10,1,14,3,0,1,0,0,0,0,0,1,1,0,1,0,3,0,5,18,1,0.035398230088495575,0
1,85000.0,0.37320574162679426,730,97,6,1,28,3,0,0,0,0,0,0,1,0,1,0,1,0,4,1,5,0,1,0.13355048859934854,1
0,105000.0,0.0,746,98,6,1,22,1,0,0,0,0,0,1,0,0,0,0,1,0,5,0,3,22,0,0.15555555555555556,1
1,122500.0,0.2624113475177305,1287,170,11,1,20,4,0,0,0,0,0,1,0,0,0,1,1,0,5,1,4,16,0,0.0784313725490196,0
1,61250.0,0.18518518518518517,659,90,6,1,14,4,0,0,0,0,1,0,0,0,0,1,1,0,3,1,4,8,0,0.102803738317757,0
1,82500.0,0.3902439024390244,862,121,10,1,18,1,0,0,0,0,1,0,0,0,1,0,1,0,4,0,6,21,1,0.06451612903225806,0
1,78000.0,0.1866537717601547,827,114,6,1,14,1,0,0,0,0,1,0,0,0,1,0,1,0,4,0,2,16,0,0.14942528735632185,1
1,121250.0,0.3275862068965517,926,125,6,1,14,1,0,0,1,0,0,0,0,1,1,0,1,0,7,0,6,9,1,0.15384615384615385,1
0,105000.0,0.0,807,114,10,1,15,0,1,0,0,0,0,0,0,0,1,0,1,0,3,1,4,7,0,0.06866952789699571,0
1,133000.0,0.3057324840764331,1288,172,11,1,17,3,0,1,0,0,0,0,0,0,1,0,0,0,7,1,2,6,0,0.10606060606060606,0
1,228000.0,0.4,858,118,10,1,16,4,0,0,1,0,0,0,0,1,0,0,1,0,4,0,6,20,1,0.02247191011235955,0
0,105000.0,0.0,1083,144,11,1,14,3,0,0,1,0,0,0,0,1,0,1,1,0,3,0,1,15,0,0.04807692307692308,0
1,109250.0,0.24497991967871485,733,98,6,1,19,4,1,0,0,0,0,0,0,0,0,1,1,0,5,1,4,8,0,0.13385826771653545,1
1,91478.4,0.39324200913242013,1096,145,11,1,18,1,1,0,0,0,0,0,0,0,0,1,1,0,4,0,4,9,0,0.1650485436893204,1
0,105000.0,0.0,1142,151,11,1,24,3,0,0,0,0,1,0,0,0,0,0,0,1,7,0,4,18,0,0.037037037037037035,0
0,105000.0,0.0,1093,150,10,1,25,1,0,0,1,0,0,0,0,1,0,1,1,0,7,0,5,15,1,0.125,1
0,105000.0,0.0,944,128,10,1,32,3,0,0,0,1,0,0,0,0,1,0,0,1,6,0,1,14,0,0.022727272727272728,0
1,98500.0,0.3983739837398374,717,92,6,1,28,3,0,0,0,0,0,0,1,0,1,0,1,0,3,0,6,6,1,0.1780821917808219,1
1,73944.0,0.38789390160961235,1096,144,11,1,18,0,0,1,0,0,0,0,0,0,0,1,1,0,3,0,2,1,0,0.08,0
1,285000.0,0.3136094674556213,669,91,6,1,12,4,0,1,0,0,0,0,0,0,1,0,1,0,4,0,0,23,0,0.058365758754863814,0
1,74000.0,0.20606060606060606,852,120,10,1,19,4,1,0,0,0,0,0,0,0,1,0,1,0,3,0,0,22,0,0.10975609756097561,1
0,105000.0,0.0,1128,148,11,1,14,1,0,1,0,0,0,0,0,0,1,0,1,0,7,1,0,4,0,0.08205128205128205,0
1,102250.0,0.38976377952755903,1124,147,11,1,28,2,0,0,0,1,0,0,0,0,1,0,1,0,4,1,2,6,0,0.08536585365853659,0
1,211500.0,0.31809145129224653,1110,147,11,1,19,3,1,0,0,0,0,0,0,0,1,0,0,0,5,0,6,0,1,0.11956521739130435,1
0,105000.0,0.0,1107,147,11,1,17,1,1,0,0,0,0,0,0,0,0,1,0,0,6,0,2,6,0,0.06086956521739131,0
1,57750.0,0.28888888888888886,1071,149,10,1,18,1,0,0,0,0,1,0,0,0,0,1,1,0,7,1,6,22,1,0.13917525773195877,1
0,105000.0,0.0,1120,147,11,1,28,1,0,0,0,0,0,0,1,0,1,0,1,0,4,1,3,13,0,0.0,0
1,129500.0,0.25,683,91,6,1,14,4,0,0,0,0,1,0,0,0,1,0,1,0,4,1,1,3,0,0.12171052631578948,1
1,67250.0,0.23026315789473684,754,98,6,1,24,2,0,0,0,0,0,0,1,0,1,0,1,0,5,0,0,14,0,0.15584415584415584,1
1,162750.0,0.19166666666666668,983,137,10,1,22,4,0,0,0,0,0,1,0,0,1,0,1,0,3,0,6,16,1,0.029197080291970802,0
1,91750.0,0.24401913875598086,901,119,6,1,13,1,0,0,0,1,0,0,0,1,1,0,1,0,6,0,3,3,0,0.09090909090909091,0
1,98500.0,0.2171945701357466,1242,164,11,1,20,2,0,0,0,0,0,1,0,0,1,0,1,0,3,1,5,6,1,0.09278350515463918,0
1,155250.0,0.3261455525606469,1276,170,11,1,16,3,0,0,1,0,0,0,0,0,0,1,0,0,6,1,5,18,1,0.08928571428571429,0
0,105000.0,0.0,718,92,6,1,28,1,0,0,0,0,0,0,1,1,1,0,1,0,4,0,1,2,0,0.18518518518518517,1
0,105000.0,0.0,708,92,6,1,12,0,0,1,0,0,0,0,0,0,0,1,1,0,6,0,0,3,0,0.16883116883116883,1
1,55750.0,0.3602941176470588,1285,168,11,1,18,1,0,0,1,0,0,0,0,0,0,1,0,0,5,0,3,19,0,0.24050632911392406,1
0,105000.0,0.0,910,125,10,1,33,4,1,0,0,0,0,0,0,1,0,1,1,0,7,1,4,5,0,0.07926829268292683,0
0,105000.0,0.0,874,120,10,1,25,1,0,0,1,0,0,0,0,0,1,0,0,0,4,0,4,11,0,0.08441558441558442,0
1,72250.0,0.25903614457831325,1015,143,10,1,14,0,0,0,1,0,0,0,0,1,1,0,1,0,3,0,3,15,0,0.1509433962264151,1
1,175000.0,0.2630272952853598,740,100,6,1,32,3,0,0,1,0,0,0,0,0,0,0,0,1,5,0,1,13,0,0.07692307692307693,0
1,131000.0,0.3258785942492013,898,123,10,1,29,4,0,0,1,0,0,0,0,1,0,1,0,1,4,0,4,4,0,0.1391304347826087,1
0,105000.0,0.0,1248,165,11,1,25,1,0,1,0,0,0,0,0,0,0,0,1,0,3,1,0,18,0,0.06748466257668712,0
0,105000.0,0.0,918,125,10,1,20,3,0,0,0,0,0,1,0,1,0,0,0,0,6,1,5,9,1,0.09696969696969697,0
0,105000.0,0.0,1036,145,10,1,33,2,1,0,0,0,0,0,0,1,1,0,1,0,4,0,1,11,0,0.09210526315789473,0
0,105000.0,0.0,732,98,6,1,14,3,0,0,1,0,0,0,0,0,0,1,1,0,6,0,5,22,1,0.06896551724137931,0
1,218750.0,0.22154471544715448,832,113,6,1,12,3,0,1,0,0,0,0,0,0,1,0,1,0,6,0,0,6,0,0.09166666666666666,0
0,105000.0,0.0,1091,144,11,1,15,5,1,0,0,0,0,0,0,0,1,0,0,1,4,0,6,13,1,0.0,0
1,70075.2,0.3533724340175953,1107,154,10,1,24,1,0,0,0,0,1,0,0,0,0,1,1,0,7,0,2,18,0,0.10666666666666667,0
1,56000.0,0.30303030303030304,758,104,6,1,24,1,0,0,0,0,1,0,0,1,0,0,1,0,6,0,4,13,0,0.13043478260869565,1
1,96250.0,0.20093457943925233,1103,147,11,1,26,4,0,0,0,0,1,0,0,0,1,0,1,0,3,1,4,18,0,0.12274368231046931,1
0,105000.0,0.0,894,122,10,1,22,1,0,0,0,0,0,1,0,0,1,0,0,1,5,1,0,12,0,0.08542713567839195,0
1,50750.0,0.3888888888888889,882,123,10,1,19,1,0,0,0,0,0,1,0,0,0,1,0,1,5,0,0,17,0,0.24107142857142858,1
1,85000.0,0.2653061224489796,1130,150,11,1,19,4,1,0,0,0,0,0,0,0,0,0,0,0,6,0,5,14,1,0.13513513513513514,1
0,105000.0,0.0,1239,164,11,1,23,3,0,1,0,0,0,0,0,1,1,0,1,0,3,0,5,0,1,0.05454545454545454,0
1,156750.0,0.3412698412698413,680,89,6,1,23,2,0,1,0,0,0,0,0,0,1,0,1,0,4,0,5,2,1,0.1044776119402985,0
0,105000.0,0.0,905,125,10,1,33,4,1,0,0,0,0,0,0,1,1,0,0,0,7,0,3,2,0,0.06976744186046512,0
1,159500.0,0.2849462365591398,1131,150,11,1,14,3,0,0,1,0,0,0,0,1,1,0,1,0,6,1,6,0,1,0.06504065040650407,0
0,105000.0,0.0,1112,146,11,1,17,5,0,0,0,1,0,0,0,1,0,0,1,0,3,0,1,17,0,0.06756756756756757,0
1,68250.0,0.38461538461538464,1111,146,11,1,24,3,0,0,0,0,0,0,1,0,0,1,1,0,3,0,5,4,1,0.2,1
1,89500.0,0.24509803921568626,873,114,6,1,20,3,0,0,0,0,0,1,0,0,0,1,1,0,5,0,0,12,0,0.08108108108108109,0
1,159000.0,0.26229508196721313,690,92,6,1,24,4,0,0,0,0,1,0,0,0,0,1,1,0,3,0,0,3,0,0.0,0
1,70750.0,0.23125,1121,149,11,1,24,1,0,0,0,0,1,0,0,0,0,1,1,0,5,0,1,19,0,0.12121212121212122,1
0,105000.0,0.0,850,119,10,1,17,1,1,0,0,0,0,0,0,1,1,0,1,0,5,1,3,15,0,0.08955223880597014,0
1,108451.2,0.27819052336140004,857,119,10,1,16,2,0,0,1,0,0,0,0,0,0,1,1,0,3,0,6,4,1,0.16666666666666666,1
0,105000.0,0.0,831,112,6,1,21,4,1,0,0,0,0,0,0,1,0,1,1,0,5,0,3,20,0,0.064,0
1,98250.0,0.35564853556485354,700,96,6,1,19,1,1,0,0,0,0,0,0,0,0,1,1,0,7,0,5,22,1,0.12195121951219512,1
1,108250.0,0.268,872,124,10,1,19,1,1,0,0,0,0,0,0,0,0,1,1,0,7,1,6,21,1,0.08771929824561403,0
1,87000.0,0.2857142857142857,912,127,10,1,13,2,0,0,0,1,0,0,0,0,0,1,1,0,6,0,3,3,0,0.03571428571428571,0
1,56750.0,0.24031007751937986,833,111,6,1,29,1,0,0,1,0,0,0,0,1,0,0,1,0,3,0,1,7,0,0.22826086956521738,1
1,40435.200000000004,0.37117720988688735,746,94,6,1,31,1,0,0,0,0,0,0,1,0,0,1,1,0,4,1,2,5,0,0.09821428571428571,0
1,101000.0,0.3025210084033613,914,125,10,1,20,3,0,0,0,0,0,1,0,0,0,1,1,0,6,0,1,18,0,0.0898876404494382,0
1,53500.0,0.3787878787878788,927,122,6,1,25,1,0,0,1,0,0,0,0,0,0,1,1,0,7,0,5,1,1,0.18571428571428572,1
0,105000.0,0.0,1112,147,11,1,18,3,1,0,0,0,0,0,0,1,0,1,0,0,6,0,2,0,0,0.06,0
1,88250.0,0.21717171717171718,860,120,10,1,14,4,0,0,0,0,1,0,0,0,1,0,0,1,4,0,4,23,0,0.12371134020618557,1
1,54000.0,0.272,688,90,6,1,22,1,0,0,0,0,0,1,0,1,0,1,0,0,4,0,2,0,0,0.14893617021276595,1
1,116000.0,0.33691756272401435,756,102,6,1,24,3,0,0,0,0,1,0,0,0,0,1,1,0,7,0,5,20,1,0.10810810810810811,1
1,77750.0,0.26256983240223464,1091,145,11,1,17,5,0,0,0,1,0,0,0,0,1,0,1,0,3,1,3,14,0,0.0856269113149847,0
1,53750.0,0.2661290322580645,722,94,6,1,32,0,0,0,0,1,0,0,0,1,0,1,0,1,4,0,6,16,1,0.1111111111111111,1
0,105000.0,0.0,995,139,10,1,18,4,1,0,0,0,0,0,0,0,0,0,1,0,5,0,5,14,1,0.03715170278637771,0
1,100000.0,0.34024896265560167,947,131,10,1,25,1,0,0,1,0,0,0,0,1,1,0,1,0,7,0,3,1,0,0.21666666666666667,1
1,104500.0,0.19047619047619047,748,100,6,1,25,1,0,0,1,0,0,0,0,1,1,0,1,0,6,1,4,20,0,0.12087912087912088,1
0,105000.0,0.0,665,88,6,1,18,3,0,0,0,0,1,0,0,0,0,1,0,1,3,0,6,15,1,0.023809523809523808,0
0,105000.0,0.0,841,116,6,1,19,0,1,0,0,0,0,0,0,0,0,1,0,1,4,0,6,14,1,0.08,0
1,132496.0,0.3749202704426585,969,136,10,1,12,2,0,1,0,0,0,0,0,0,1,0,1,0,4,0,3,0,0,0.1346153846153846,1
1,65750.0,0.2582781456953642,855,116,6,1,17,5,0,0,0,1,0,0,0,0,0,1,1,0,4,1,3,7,0,0.0945273631840796,0
1,68250.0,0.20394736842105263,1118,148,11,1,14,1,0,0,0,0,1,0,0,1,0,0,1,0,5,0,6,15,1,0.2,1
1,154000.0,0.38320209973753283,1100,149,10,1,28,5,0,0,0,0,0,0,1,1,0,0,1,0,5,0,0,20,0,0.08372093023255814,0
0,105000.0,0.0,1154,152,11,1,32,3,0,0,1,0,0,0,0,1,0,1,0,1,7,0,3,14,0,0.16666666666666666,1
1,99000.0,0.36363636363636365,1272,169,11,1,23,1,0,1,0,0,0,0,0,0,0,1,0,1,4,0,6,19,1,0.18518518518518517,1
0,105000.0,0.0,752,102,6,1,24,1,0,0,0,0,1,0,0,0,1,0,1,0,6,0,4,11,0,0.0847457627118644,0
0,105000.0,0.0,906,126,10,1,25,4,0,0,0,1,0,0,0,0,0,0,1,0,5,0,6,1,1,0.03626943005181347,0
0,105000.0,0.0,665,90,6,1,25,1,1,0,0,0,0,0,0,0,0,1,0,1,3,0,3,7,0,0.07317073170731707,0
0,105000.0,0.0,997,141,10,1,15,1,1,0,0,0,0,0,0,1,0,0,1,0,4,0,3,17,0,0.12359550561797752,1
1,200750.0,0.351129363449692,1088,143,11,1,12,4,0,1,0,0,0,0,0,0,0,0,1,0,3,0,3,8,0,0.08,0
1,89315.2,0.27342179332529154,893,125,10,1,18,1,0,0,0,0,1,0,0,1,1,0,1,0,5,0,1,23,0,0.18181818181818182,1
0,105000.0,0.0,1093,145,11,1,14,3,0,1,0,0,0,0,0,0,0,1,1,0,5,0,1,11,0,0.07526881720430108,0
0,105000.0,0.0,1264,166,11,1,28,3,0,0,0,1,0,0,0,1,0,0,1,0,3,0,5,16,1,0.020833333333333332,0
0,105000.0,0.0,838,112,6,1,14,3,0,0,1,0,0,0,0,0,0,1,1,0,4,0,0,3,0,0.02564102564102564,0
1,149750.0,0.3941018766756032,759,103,6,1,14,4,0,0,0,0,1,0,0,0,1,0,0,1,7,1,0,21,0,0.10204081632653061,0
0,105000.0,0.0,726,99,6,1,17,3,0,1,0,0,0,0,0,0,1,0,1,0,7,1,2,1,0,0.06435643564356436,0
0,105000.0,0.0,841,119,10,1,21,4,1,0,0,0,0,0,0,0,0,1,1,0,4,1,4,21,0,0.05232558139534884,0
1,99250.0,0.1872146118721461,697,96,6,1,17,5,0,0,0,1,0,0,0,0,0,0,1,0,4,0,5,4,1,0.08247422680412371,0
1,71500.0,0.3563218390804598,1312,173,11,1,28,3,0,0,0,0,0,0,1,0,0,0,1,0,5,0,0,8,0,0.06349206349206349,0
0,105000.0,0.0,810,108,6,1,17,2,1,0,0,0,0,0,0,0,0,0,1,0,4,0,1,8,0,0.0625,0
1,64000.0,0.28187919463087246,930,126,10,1,29,2,0,0,1,0,0,0,0,0,0,0,1,0,6,1,2,7,0,0.08823529411764706,0
1,102750.0,0.3493975903614458,782,100,6,1,35,5,0,0,0,1,0,0,0,0,0,1,0,1,5,0,5,3,1,0.06,0
0,105000.0,0.0,921,123,6,1,16,1,0,0,1,0,0,0,0,1,0,0,1,0,6,1,5,5,1,0.0880503144654088,0
1,83750.0,0.36585365853658536,928,126,10,1,32,2,0,0,0,1,0,0,0,0,0,1,1,0,5,0,6,8,1,0.07575757575757576,0
1,85000.0,0.21052631578947367,1281,169,11,1,19,4,1,0,0,0,0,0,0,0,0,1,0,1,6,1,1,15,0,0.14634146341463414,1
1,100250.0,0.3080168776371308,907,126,10,1,14,1,0,0,1,0,0,0,0,0,1,0,1,0,6,0,1,5,0,0.10380622837370242,0
1,70250.0,0.36627906976744184,1028,138,10,1,31,3,0,0,0,0,0,0,1,0,0,1,1,0,3,0,6,18,1,0.1678832116788321,1
1,55750.0,0.2440944881889764,915,124,6,1,24,1,0,0,0,0,1,0,0,0,0,0,1,0,7,0,0,4,0,0.14705882352941177,1
1,124500.0,0.3003412969283277,729,96,6,1,28,3,0,0,0,1,0,0,0,1,1,0,1,0,4,0,3,20,0,0.057971014492753624,0
1,68750.0,0.20261437908496732,1041,143,10,1,28,3,0,0,0,0,0,0,1,0,0,0,1,0,3,1,6,9,1,0.1,0
0,105000.0,0.0,694,94,6,1,14,2,0,0,1,0,0,0,0,0,1,0,1,0,4,1,5,20,1,0.07352941176470588,0
0,105000.0,0.0,1283,172,11,1,16,3,0,0,1,0,0,0,0,0,0,1,1,0,5,0,3,19,0,0.0196078431372549,0
1,69000.0,0.35714285714285715,1046,146,10,1,25,4,0,0,0,1,0,0,0,1,0,1,1,0,4,0,6,15,1,0.17142857142857143,1
0,105000.0,0.0,1101,146,11,1,33,3,1,0,0,0,0,0,0,0,0,1,1,0,4,0,0,7,0,0.07142857142857142,0
1,199750.0,0.34917355371900827,996,136,10,1,23,3,0,1,0,0,0,0,0,0,1,0,0,0,4,0,3,14,0,0.13953488372093023,1
0,105000.0,0.0,888,121,10,1,28,4,0,0,0,0,0,0,1,0,0,1,0,0,3,1,4,7,0,0.039735099337748346,0
0,105000.0,0.0,922,125,10,1,24,3,0,0,0,0,0,0,1,0,0,1,0,1,5,1,4,0,0,0.11009174311926606,1
1,105250.0,0.20085470085470086,701,94,6,1,26,4,0,0,0,0,1,0,0,0,0,1,0,1,4,1,1,18,0,0.07818930041152264,0
0,105000.0,0.0,700,94,6,1,12,3,0,1,0,0,0,0,0,1,1,0,1,0,6,0,1,16,0,0.022727272727272728,0
0,105000.0,0.0,1236,165,11,1,14,2,0,0,0,0,1,0,0,0,0,0,1,0,3,1,0,8,0,0.0,0
0,105000.0,0.0,933,124,6,1,32,1,0,0,0,1,0,0,0,0,0,0,0,1,6,1,6,10,1,0.06626506024096386,0
1,99465.6,0.37069846678023854,1101,145,11,1,24,3,0,0,0,0,0,0,1,0,1,0,1,0,3,1,5,3,1,0.10975609756097561,1
0,105000.0,0.0,877,124,10,1,25,1,0,0,1,0,0,0,0,0,0,1,1,0,4,0,1,20,0,0.041666666666666664,0
1,139250.0,0.36656891495601174,1087,144,11,1,25,3,1,0,0,0,0,0,0,1,0,0,1,0,3,0,4,13,0,0.08088235294117647,0
0,105000.0,0.0,695,92,6,1,17,5,0,0,0,1,0,0,0,0,1,0,1,0,4,0,0,21,0,0.04861111111111111,0
1,156750.0,0.33687002652519893,1045,147,10,1,17,3,0,1,0,0,0,0,0,0,0,1,0,1,6,0,5,22,1,0.16129032258064516,1
1,86750.0,0.3397129186602871,758,96,6,1,28,3,0,0,0,0,0,0,1,0,1,0,1,0,5,0,3,20,0,0.06172839506172839,0
1,82000.0,0.3434343434343434,1111,146,11,1,29,3,0,0,1,0,0,0,0,0,0,0,0,1,3,0,4,6,0,0.17142857142857143,1
1,96500.0,0.26126126126126126,899,125,10,1,17,3,0,1,0,0,0,0,0,0,0,1,1,0,7,0,6,10,1,0.09259259259259259,0
0,105000.0,0.0,1125,146,11,1,23,4,0,1,0,0,0,0,0,0,0,1,1,0,6,0,2,20,0,0.11363636363636363,1
1,90500.0,0.29245283018867924,902,126,10,1,35,5,0,0,0,1,0,0,0,0,1,0,1,0,4,0,1,20,0,0.018867924528301886,0
0,105000.0,0.0,938,127,10,1,29,1,0,0,1,0,0,0,0,1,0,1,1,0,6,0,4,5,0,0.15,1
1,148000.0,0.30857142857142855,862,118,6,1,24,3,1,0,0,0,0,0,0,1,0,1,1,0,7,0,2,23,0,0.06486486486486487,0
1,112819.2,0.34634146341463407,1111,146,11,1,12,2,0,1,0,0,0,0,0,1,0,1,0,0,5,0,3,8,0,0.16923076923076924,1
1,223750.0,0.37272727272727274,870,120,10,1,15,4,0,0,1,0,0,0,0,0,1,0,0,0,5,0,3,19,0,0.05843071786310518,0
1,95500.0,0.3318777292576419,695,90,6,1,31,3,0,0,0,0,0,0,1,0,1,0,1,0,3,0,6,7,1,0.12195121951219512,1
1,50250.0,0.31092436974789917,928,125,10,1,28,1,0,0,0,0,0,0,1,0,0,1,1,0,5,0,2,9,0,0.1935483870967742,1
1,48000.0,0.3865546218487395,1134,148,11,1,20,1,0,0,0,0,0,1,0,0,0,0,1,0,6,0,4,8,0,0.15463917525773196,1
1,71500.0,0.24539877300613497,882,120,10,1,18,1,0,0,1,0,0,0,0,0,1,0,1,0,5,1,5,18,1,0.14563106796116504,1
1,64376.0,0.32793084819016755,1126,148,11,1,19,2,0,0,0,0,0,1,0,0,0,0,1,0,5,0,3,10,0,0.18518518518518517,1
1,189250.0,0.3720430107526882,669,90,6,1,18,3,0,1,0,0,0,0,0,0,1,0,1,0,4,0,4,21,0,0.14285714285714285,1
1,80500.0,0.2962962962962963,1045,147,10,1,18,1,0,0,0,0,1,0,0,0,1,0,0,0,6,0,6,14,1,0.1,0
1,147750.0,0.3445378151260504,689,92,6,1,32,3,0,0,0,1,0,0,0,0,1,0,0,0,3,0,5,17,1,0.043478260869565216,0
0,105000.0,0.0,902,125,10,1,16,0,0,0,1,0,0,0,0,1,0,1,1,0,6,0,6,16,1,0.18421052631578946,1
1,135470.4,0.2629683957861047,1102,145,11,1,25,2,0,1,0,0,0,0,0,0,1,0,1,0,3,0,6,15,1,0.15254237288135594,1
0,105000.0,0.0,1035,143,10,1,28,2,0,0,0,1,0,0,0,1,0,0,1,0,4,0,4,10,0,0.05925925925925926,0
1,49000.0,0.18518518518518517,852,117,10,1,24,1,0,0,0,0,0,0,1,0,0,1,1,0,3,1,5,21,1,0.16666666666666666,1
1,215009.6,0.26757730662867674,1261,170,11,1,19,4,1,0,0,0,0,0,0,0,0,1,1,0,3,0,4,21,0,0.053763440860215055,0
1,85000.0,0.2564102564102564,921,125,10,1,22,3,0,0,0,0,0,1,0,1,0,0,0,0,6,0,3,21,0,0.09574468085106383,0
0,105000.0,0.0,1067,144,10,1,24,1,0,0,0,0,0,0,1,1,0,0,1,0,5,0,5,17,1,0.1282051282051282,1
1,113750.0,0.34545454545454546,687,94,6,1,19,4,1,0,0,0,0,0,0,0,0,0,1,0,4,0,1,6,0,0.06666666666666667,0
0,105000.0,0.0,896,123,10,1,21,2,0,1,0,0,0,0,0,0,0,1,1,0,6,1,0,4,0,0.087248322147651,0
0,105000.0,0.0,873,119,10,1,28,1,0,0,0,0,0,0,1,0,0,0,1,0,3,1,4,6,0,0.07868020304568528,0
1,124000.0,0.23487544483985764,688,92,6,1,16,2,0,0,1,0,0,0,0,1,1,0,1,0,4,0,2,3,0,0.07142857142857142,0
0,105000.0,0.0,1307,174,11,1,13,1,0,0,0,1,0,0,0,1,0,1,1,0,6,0,0,19,0,0.08333333333333333,0
1,297250.0,0.37123287671232874,728,98,6,1,17,3,0,1,0,0,0,0,0,0,0,1,0,1,7,0,2,0,0,0.07575757575757576,0
1,150250.0,0.27793696275071633,1119,147,11,1,18,2,0,1,0,0,0,0,0,0,1,0,1,0,7,1,3,1,0,0.17391304347826086,1
1,91750.0,0.39737991266375544,854,116,10,1,17,5,0,0,0,1,0,0,0,1,0,1,1,0,3,1,5,1,1,0.0707070707070707,0
1,139500.0,0.18831168831168832,870,124,10,1,21,4,1,0,0,0,0,0,0,0,0,1,1,0,7,0,1,4,0,0.1588785046728972,1
1,70500.0,0.2484472049689441,1133,149,11,1,18,2,0,0,0,0,1,0,0,0,0,1,1,0,6,1,1,7,0,0.1276595744680851,1
1,155000.0,0.3684210526315789,785,104,6,1,32,3,0,0,1,0,0,0,0,0,0,1,0,1,7,0,4,21,0,0.07692307692307693,0
1,115750.0,0.36971830985915494,1023,143,10,1,19,4,0,0,0,0,0,1,0,1,0,0,1,0,5,1,1,13,0,0.05263157894736842,0
0,105000.0,0.0,914,116,6,1,31,2,0,0,0,0,0,0,1,1,0,0,1,0,5,0,2,18,0,0.2,1
1,96500.0,0.19626168224299065,1112,147,11,1,18,3,0,0,0,0,1,0,0,0,0,1,1,0,5,0,1,5,0,0.07272727272727272,0
1,293000.0,0.18294573643410852,696,93,6,1,13,5,0,0,0,1,0,0,0,0,1,0,0,1,4,0,1,11,0,0.0,0
1,120250.0,0.391304347826087,1105,147,11,1,13,3,0,0,0,1,0,0,0,1,0,0,1,0,4,0,3,0,0,0.06896551724137931,0
1,79393.6,0.30129060970182464,742,98,6,1,17,5,0,0,0,1,0,0,0,0,0,1,1,0,5,0,4,16,0,0.2,1
1,86500.0,0.3121951219512195,867,114,6,1,22,3,0,0,0,0,0,1,0,0,0,1,1,0,3,1,0,21,0,0.125,1
0,105000.0,0.0,1116,147,11,1,18,3,1,0,0,0,0,0,0,0,0,0,0,0,6,1,1,2,0,0.041666666666666664,0
0,105000.0,0.0,1105,147,11,1,14,1,0,1,0,0,0,0,0,0,0,1,0,0,6,1,2,19,0,0.03164556962025317,0
0,105000.0,0.0,927,125,10,1,28,3,0,0,0,0,0,0,1,1,0,1,1,0,5,1,3,12,0,0.042071197411003236,0
1,51000.0,0.32786885245901637,1113,147,11,1,19,4,1,0,0,0,0,0,0,1,0,0,0,1,4,1,6,12,1,0.09333333333333334,0
1,68250.0,0.30434782608695654,1015,144,10,1,14,1,0,0,0,0,1,0,0,0,0,1,1,0,4,0,2,16,0,0.1388888888888889,1
1,148250.0,0.38858695652173914,1143,151,11,1,16,3,0,0,1,0,0,0,0,0,0,1,0,1,7,1,3,7,0,0.1111111111111111,1
0,105000.0,0.0,752,98,6,1,22,1,0,0,0,0,0,1,0,0,1,0,1,0,6,0,5,8,1,0.11320754716981132,1
1,53500.0,0.2459016393442623,1092,144,11,1,14,0,0,0,0,0,1,0,0,0,0,1,1,0,4,0,0,5,0,0.11891891891891893,1
1,38521.6,0.21960595867371457,918,126,10,1,19,0,0,0,0,0,0,1,0,0,0,1,1,0,6,0,1,23,0,0.1232876712328767,1
1,69000.0,0.18421052631578946,887,118,6,1,26,4,0,0,0,0,1,0,0,0,0,1,1,0,5,1,5,17,1,0.09090909090909091,0
0,105000.0,0.0,742,98,6,1,28,3,0,0,0,1,0,0,0,1,0,1,1,0,5,0,2,7,0,0.03260869565217391,0
1,82500.0,0.25396825396825395,892,120,6,1,15,1,0,0,1,0,0,0,0,1,0,0,0,0,5,0,6,2,1,0.1875,1
0,105000.0,0.0,1265,167,11,1,25,1,1,0,0,0,0,0,0,0,1,0,1,0,5,0,0,4,0,0.05504587155963303,0
1,114500.0,0.35251798561151076,690,94,6,1,19,2,1,0,0,0,0,0,0,0,0,0,1,0,5,0,2,11,0,0.13157894736842105,1
0,105000.0,0.0,898,120,6,1,24,2,0,0,0,0,1,0,0,0,0,0,1,0,6,0,3,17,0,0.07865168539325842,0
0,105000.0,0.0,1069,147,10,1,17,5,0,0,0,1,0,0,0,0,1,0,1,0,6,0,3,3,0,0.1038961038961039,0
0,105000.0,0.0,712,94,6,1,16,2,0,0,1,0,0,0,0,1,0,1,1,0,4,0,5,9,1,0.13636363636363635,1
1,49000.0,0.3103448275862069,898,116,6,1,31,2,0,0,0,0,0,0,1,0,0,1,1,0,4,0,5,12,1,0.19047619047619047,1
1,90000.0,0.2524271844660194,705,96,6,1,26,4,0,0,0,0,1,0,0,0,0,0,1,0,5,0,4,17,0,0.03125,0
0,105000.0,0.0,912,127,10,1,14,3,0,0,1,0,0,0,0,0,0,1,1,0,6,1,0,0,0,0.08536585365853659,0
1,148500.0,0.3407821229050279,999,138,10,1,17,5,0,0,0,1,0,0,0,0,1,0,1,0,4,1,2,23,0,0.06289308176100629,0
0,105000.0,0.0,1086,143,11,1,13,2,0,1,0,0,0,0,0,0,1,0,1,0,3,0,0,3,0,0.08333333333333333,0
1,214500.0,0.300990099009901,762,102,6,1,19,4,1,0,0,0,0,0,0,0,0,1,1,0,7,0,3,22,0,0.020202020202020204,0
0,105000.0,0.0,856,118,10,1,22,4,0,0,0,0,0,1,0,1,0,1,0,0,3,0,3,5,0,0.15151515151515152,1
0,105000.0,0.0,683,90,6,1,23,2,0,1,0,0,0,0,0,1,0,1,1,0,5,0,2,23,0,0.0972972972972973,0
1,118250.0,0.21509433962264152,1085,144,11,1,15,2,0,0,1,0,0,0,0,0,1,0,0,1,3,0,1,16,0,0.14285714285714285,1
1,78500.0,0.3118279569892473,868,122,10,1,14,1,0,0,1,0,0,0,0,0,0,1,1,0,5,0,4,19,0,0.15384615384615385,1
1,231000.0,0.39304347826086955,1253,166,11,1,29,5,0,0,1,0,0,0,0,0,1,0,1,0,3,0,0,20,0,0.034653465346534656,0
0,105000.0,0.0,904,126,10,1,15,4,0,0,1,0,0,0,0,0,0,0,0,0,6,0,4,17,0,0.06018518518518518,0
1,146000.0,0.29737609329446063,852,119,10,1,29,4,0,0,1,0,0,0,0,0,0,1,0,1,3,0,3,8,0,0.02564102564102564,0
1,105250.0,0.32270916334661354,1031,143,10,1,32,3,0,0,0,1,0,0,0,0,0,1,1,0,4,1,6,9,1,0.009615384615384616,0
0,105000.0,0.0,846,112,6,1,32,3,0,0,1,0,0,0,0,1,0,1,1,0,3,0,5,6,1,0.08461538461538462,0
1,131643.2,0.26816253933506634,1099,146,11,1,25,1,0,0,1,0,0,0,0,0,0,1,1,0,3,0,1,6,0,0.06040268456375839,0
1,172750.0,0.20984455958549222,674,93,6,1,25,4,0,0,0,1,0,0,0,1,0,0,1,0,3,0,3,4,0,0.04819277108433735,0
0,105000.0,0.0,759,99,6,1,18,1,0,0,1,0,0,0,0,0,1,0,1,0,6,1,1,7,0,0.04854368932038835,0
1,67250.0,0.18243243243243243,812,116,10,1,17,0,1,0,0,0,0,0,0,0,0,1,0,0,4,1,5,14,1,0.08860759493670886,0
1,109500.0,0.29571984435797666,823,119,10,1,14,4,0,0,0,0,1,0,0,1,1,0,0,0,3,0,5,8,1,0.13253012048192772,1
1,87000.0,0.19689119170984457,987,139,10,1,33,0,1,0,0,0,0,0,0,0,1,0,0,0,3,1,3,12,0,0.11538461538461539,1
1,182000.0,0.18453865336658354,1087,148,10,1,28,4,0,0,0,1,0,0,0,0,1,0,0,1,6,1,2,17,0,0.030837004405286344,0
0,105000.0,0.0,1118,147,11,1,20,3,0,0,0,0,0,1,0,1,0,0,0,0,5,0,4,19,0,0.125,1
1,75500.0,0.3763440860215054,1242,165,11,1,13,1,0,0,0,1,0,0,0,1,0,0,1,0,3,1,0,4,0,0.1447811447811448,1
0,105000.0,0.0,979,140,10,1,19,4,1,0,0,0,0,0,0,1,0,1,0,0,5,1,2,19,0,0.023121387283236993,0
1,120500.0,0.3771043771043771,662,88,6,1,23,2,0,1,0,0,0,0,0,0,0,1,1,0,3,1,3,22,0,0.08088235294117647,0
1,114250.0,0.37943262411347517,1102,145,11,1,21,4,1,0,0,0,0,0,0,1,0,1,1,0,4,1,6,12,1,0.12349397590361445,1
1,121750.0,0.3602693602693603,930,129,10,1,16,1,0,0,1,0,0,0,0,0,1,0,1,0,7,0,5,10,1,0.09302325581395349,0
0,105000.0,0.0,1127,147,11,1,28,3,0,0,0,0,0,0,1,0,1,0,1,0,4,1,3,22,0,0.0967741935483871,0
0,105000.0,0.0,1311,175,11,1,19,4,1,0,0,0,0,0,0,0,0,1,0,0,6,0,2,6,0,0.014925373134328358,0
1,104250.0,0.38372093023255816,675,90,6,1,33,4,1,0,0,0,0,0,0,0,0,0,1,0,3,1,4,2,0,0.0975609756097561,0
1,40250.0,0.35714285714285715,686,90,6,1,22,0,0,0,0,0,0,1,0,1,0,1,0,0,3,0,3,10,0,0.3557692307692308,1
0,105000.0,0.0,705,92,6,1,31,1,0,0,0,0,0,0,1,0,0,1,0,0,3,1,5,22,1,0.17192982456140352,1
1,65750.0,0.28104575163398693,1120,146,11,1,28,3,0,0,0,0,0,0,1,0,0,1,1,0,3,0,3,9,0,0.21782178217821782,1
0,105000.0,0.0,856,117,10,1,28,3,0,0,0,0,0,0,1,0,0,1,1,0,3,0,1,16,0,0.05714285714285714,0
1,89000.0,0.21105527638190955,1050,143,10,1,35,5,0,0,0,1,0,0,0,0,1,0,1,0,3,0,5,12,1,0.06557377049180328,0
1,113000.0,0.36823104693140796,1036,140,10,1,22,3,0,0,0,0,0,1,0,1,1,0,1,0,5,0,0,16,0,0.21739130434782608,1
1,123344.0,0.3385628239249195,998,143,10,1,14,4,0,0,0,0,1,0,0,1,0,0,1,0,4,1,5,6,1,0.12179487179487179,1
1,71250.0,0.2727272727272727,894,122,10,1,29,1,0,0,1,0,0,0,0,1,1,0,0,0,4,0,5,15,1,0.208955223880597,1
0,105000.0,0.0,892,125,10,1,24,3,1,0,0,0,0,0,0,0,0,0,1,0,7,1,1,4,0,0.046242774566473986,0
1,96750.0,0.3875,1296,170,11,1,29,3,0,0,1,0,0,0,0,0,0,0,1,0,6,0,6,5,1,0.15384615384615385,1
1,47000.0,0.336283185840708,1140,149,11,1,24,2,0,0,0,0,0,0,1,0,0,0,1,0,5,0,2,19,0,0.1566265060240964,1
1,151000.0,0.2441860465116279,892,125,10,1,19,4,1,0,0,0,0,0,0,0,1,0,0,0,5,1,3,21,0,0.06578947368421052,0
1,115750.0,0.36971830985915494,1062,147,10,1,26,4,0,0,0,0,1,0,0,0,0,1,1,0,4,0,2,11,0,0.125,1
1,109250.0,0.2589641434262948,721,98,6,1,14,4,0,0,0,0,1,0,0,0,0,0,1,0,6,1,6,20,1,0.05084745762711865,0
1,96250.0,0.25,1137,151,11,1,24,3,0,0,0,0,1,0,0,0,0,1,1,0,6,0,0,14,0,0.09375,0
0,105000.0,0.0,1252,166,11,1,19,1,0,0,0,0,0,1,0,0,0,1,1,0,3,1,5,18,1,0.12195121951219512,1
0,105000.0,0.0,772,101,6,1,28,3,0,0,0,1,0,0,0,1,0,0,0,0,6,1,2,4,0,0.04405286343612335,0
1,340250.0,0.37005988023952097,829,113,6,1,18,5,0,1,0,0,0,0,0,1,1,0,1,0,3,1,1,4,0,0.05555555555555555,0
1,153250.0,0.30662983425414364,796,102,6,1,32,4,0,0,0,1,0,0,0,0,0,0,1,0,6,1,5,13,1,0.021052631578947368,0
1,124750.0,0.3903225806451613,858,121,10,1,25,2,1,0,0,0,0,0,0,0,0,0,1,0,5,0,0,13,0,0.11363636363636363,1
0,105000.0,0.0,681,92,6,1,13,1,0,0,0,1,0,0,0,1,0,0,1,0,3,0,6,12,1,0.19047619047619047,1
1,233250.0,0.3717277486910995,723,100,6,1,33,4,1,0,0,0,0,0,0,0,0,1,0,1,7,1,1,15,0,0.029850746268656716,0
0,105000.0,0.0,834,115,10,1,22,1,0,0,0,0,0,1,0,0,0,1,1,0,3,0,3,20,0,0.14285714285714285,1
1,158250.0,0.2845528455284553,768,97,6,1,32,3,0,0,0,1,0,0,0,0,1,0,1,0,5,1,2,7,0,0.05454545454545454,0
1,86750.0,0.2562814070351759,748,97,6,1,28,3,0,0,0,0,0,0,1,0,1,0,1,0,4,0,2,9,0,0.09523809523809523,0
0,105000.0,0.0,1272,168,11,1,26,4,0,0,0,0,1,0,0,0,0,0,0,0,5,1,3,3,0,0.021739130434782608,0
1,128250.0,0.2062937062937063,886,125,10,1,25,1,1,0,0,0,0,0,0,0,0,1,0,0,7,0,1,20,0,0.08928571428571429,0
1,89000.0,0.34418604651162793,702,94,6,1,14,4,0,0,0,0,1,0,0,0,1,0,0,0,5,0,3,23,0,0.06796116504854369,0
0,105000.0,0.0,915,127,10,1,19,3,0,0,0,0,0,1,0,0,0,1,0,0,6,0,4,20,0,0.10650887573964497,0
1,91750.0,0.2523809523809524,1090,145,11,1,19,1,1,0,0,0,0,0,0,1,0,0,1,0,3,0,4,10,0,0.18181818181818182,1
1,171250.0,0.27455919395465994,849,114,6,1,25,3,1,0,0,0,0,0,0,0,0,1,1,0,4,1,4,12,0,0.056485355648535567,0
0,105000.0,0.0,1283,168,11,1,20,4,0,0,0,0,0,1,0,1,0,0,1,0,6,0,5,5,1,0.06451612903225806,0
0,105000.0,0.0,1109,145,11,1,24,3,0,0,0,0,0,0,1,0,0,1,0,0,3,1,6,1,1,0.08290155440414508,0
1,206500.0,0.348,724,96,6,1,18,4,0,1,0,0,0,0,0,0,0,1,1,0,7,0,5,9,1,0.01694915254237288,0
1,98134.4,0.18990984078265885,831,114,6,1,13,3,0,0,0,1,0,0,0,1,0,0,1,0,4,0,6,21,1,0.040268456375838924,0
0,105000.0,0.0,695,94,6,1,35,5,0,0,0,1,0,0,0,0,0,1,1,0,3,0,4,0,0,0.021621621621621623,0
0,105000.0,0.0,915,125,10,1,18,2,0,0,1,0,0,0,0,1,1,0,0,0,6,0,1,17,0,0.07608695652173914,0
1,78561.6,0.18959731543624153,682,94,6,1,25,4,0,0,0,1,0,0,0,0,0,0,1,0,3,0,6,22,1,0.10714285714285714,1
1,97822.40000000001,0.35311624649859935,899,116,6,1,31,3,0,0,0,0,0,0,1,0,1,0,1,0,4,1,1,6,0,0.05714285714285714,0
0,105000.0,0.0,726,97,6,1,33,0,1,0,0,0,0,0,0,1,0,0,1,0,6,0,2,13,0,0.06578947368421052,0
1,107750.0,0.2550607287449393,920,126,10,1,32,2,0,0,0,1,0,0,0,1,1,0,1,0,5,1,6,18,1,0.15217391304347827,1
1,139750.0,0.3558823529411765,660,93,6,1,15,1,1,0,0,0,0,0,0,0,1,0,1,0,5,1,5,22,1,0.07936507936507936,0
1,129750.0,0.33653846153846156,1128,146,11,1,31,4,0,0,0,0,0,0,1,1,1,0,0,0,4,0,2,10,0,0.16363636363636364,1
0,105000.0,0.0,1092,145,11,1,13,2,0,0,0,1,0,0,0,0,0,1,1,0,3,0,0,23,0,0.06976744186046512,0
0,105000.0,0.0,1136,147,11,1,32,3,0,0,0,1,0,0,0,0,0,0,1,0,4,1,3,8,0,0.030303030303030304,0
1,113000.0,0.3971631205673759,1020,143,10,1,25,4,0,0,0,1,0,0,0,0,0,0,0,1,4,0,1,17,0,0.037037037037037035,0
1,131268.8,0.24572619874913132,1232,164,11,1,17,2,1,0,0,0,0,0,0,0,0,1,1,0,3,0,0,23,0,0.14102564102564102,1
0,105000.0,0.0,876,123,10,1,18,2,1,0,0,0,0,0,0,1,0,1,0,1,7,0,2,16,0,0.0625,0
1,144750.0,0.2347560975609756,732,98,6,1,25,4,0,0,0,1,0,0,0,0,0,1,1,0,5,0,2,14,0,0.03225806451612903,0
1,94250.0,0.36796536796536794,1131,148,11,1,24,3,0,0,0,0,0,0,1,0,1,0,1,0,4,1,0,6,0,0.10119047619047619,0
0,105000.0,0.0,744,102,6,1,14,4,0,0,0,0,1,0,0,0,1,0,1,0,7,0,6,3,1,0.038461538461538464,0
1,100500.0,0.36585365853658536,1125,149,11,1,14,3,0,0,0,0,1,0,0,0,0,1,1,0,6,0,0,1,0,0.02857142857142857,0
1,100750.0,0.3067226890756303,763,102,6,1,14,2,0,0,1,0,0,0,0,0,0,1,1,0,7,1,2,7,0,0.10248447204968944,0
1,98500.0,0.3445378151260504,1135,149,11,1,28,3,0,0,0,1,0,0,0,0,0,0,0,0,4,0,3,20,0,0.10810810810810811,1
1,173222.4,0.25034142241832125,1276,168,11,1,24,3,1,0,0,0,0,0,0,1,0,1,0,0,7,0,4,14,0,0.1724137931034483,1
0,105000.0,0.0,1071,146,10,1,24,1,0,0,0,0,0,0,1,0,0,1,1,0,4,0,4,18,0,0.13559322033898305,1
1,134500.0,0.3940298507462687,714,92,6,1,28,4,0,0,0,0,0,0,1,0,1,0,1,0,3,0,3,21,0,0.056179775280898875,0
1,87500.0,0.27586206896551724,747,100,6,1,19,3,0,0,0,0,0,1,0,0,0,1,1,0,6,0,6,17,1,0.15,1
1,161636.8,0.194050662328608,661,88,6,1,25,1,1,0,0,0,0,0,0,0,0,1,0,0,3,1,5,0,1,0.08450704225352113,0
1,188198.4,0.39503325942350337,703,96,6,1,33,4,1,0,0,0,0,0,0,0,1,0,1,0,6,0,4,6,0,0.11688311688311688,1
0,105000.0,0.0,723,94,6,1,28,4,0,0,0,0,0,0,1,0,1,0,1,0,4,0,2,19,0,0.056074766355140186,0
1,367000.0,0.3087557603686636,723,95,6,1,23,5,0,1,0,0,0,0,0,0,1,0,1,0,6,0,5,18,1,0.0,0
0,105000.0,0.0,700,90,6,1,23,2,0,1,0,0,0,0,0,1,0,1,0,1,5,0,5,17,1,0.1276595744680851,1
1,100750.0,0.3617886178861789,914,127,10,1,14,2,0,0,1,0,0,0,0,0,0,0,0,0,6,0,1,6,0,0.09523809523809523,0
0,105000.0,0.0,758,104,6,1,14,3,0,0,0,0,1,0,0,0,0,0,1,0,7,0,1,3,0,0.06779661016949153,0
0,105000.0,0.0,1092,144,11,1,22,1,0,0,0,0,0,1,0,0,0,0,0,0,3,0,4,11,0,0.09523809523809523,0
1,104750.0,0.40076335877862596,1047,143,10,1,25,4,0,0,0,1,0,0,0,0,1,0,0,1,4,1,4,18,0,0.06043956043956044,0
1,117500.0,0.3392226148409894,999,140,10,1,24,3,1,0,0,0,0,0,0,0,0,0,0,0,5,0,6,9,1,0.038461538461538464,0
0,105000.0,0.0,783,104,6,1,24,2,0,0,0,0,1,0,0,0,0,0,0,1,7,1,4,3,0,0.051470588235294115,0
0,105000.0,0.0,766,104,6,1,19,4,1,0,0,0,0,0,0,1,0,1,1,0,7,1,0,8,0,0.1414141414141414,1
1,168500.0,0.22631578947368422,832,117,10,1,18,3,1,0,0,0,0,0,0,0,0,1,1,0,4,1,4,2,0,0.13,1
1,100000.0,0.3263598326359833,1113,148,11,1,16,2,0,0,1,0,0,0,0,0,0,1,1,0,4,0,6,3,1,0.136986301369863,1
0,105000.0,0.0,682,90,6,1,22,3,0,0,0,0,0,1,0,0,1,0,1,0,3,1,0,11,0,0.030303030303030304,0
1,113250.0,0.20948616600790515,843,117,10,1,18,3,0,0,1,0,0,0,0,0,1,0,1,0,4,0,1,2,0,0.125,1
0,105000.0,0.0,1109,145,11,1,20,1,0,0,0,0,0,1,0,1,0,0,1,0,4,0,4,13,0,0.045454545454545456,0
1,60000.0,0.3783783783783784,680,90,6,1,18,1,0,0,1,0,0,0,0,0,0,1,1,0,3,0,1,18,0,0.21649484536082475,1
1,91750.0,0.36160714285714285,1088,144,11,1,13,1,0,1,0,0,0,0,0,0,0,1,1,0,4,0,5,12,1,0.08,0
1,72500.0,0.3333333333333333,719,98,6,1,26,4,0,0,0,0,1,0,0,0,0,1,0,1,4,1,4,14,0,0.12648221343873517,1
0,105000.0,0.0,1141,149,11,1,35,5,0,0,0,1,0,0,0,0,1,0,0,0,5,0,0,18,0,0.05714285714285714,0
1,107750.0,0.2896825396825397,891,116,6,1,32,3,0,0,0,1,0,0,0,0,0,0,1,0,4,0,0,21,0,0.03508771929824561,0
1,90500.0,0.25120772946859904,1097,145,11,1,14,1,0,1,0,0,0,0,0,0,0,0,1,0,4,0,2,8,0,0.19148936170212766,1
1,77209.59999999999,0.23616060822048002,829,110,6,1,24,1,0,0,0,0,1,0,0,1,0,1,1,0,3,0,2,10,0,0.11764705882352941,1
0,105000.0,0.0,1139,150,11,1,15,1,0,0,1,0,0,0,0,0,0,0,1,0,7,1,5,20,1,0.07317073170731707,0
1,63750.0,0.3333333333333333,907,123,10,1,28,2,0,0,0,0,0,0,1,0,1,0,1,0,4,0,5,21,1,0.2631578947368421,1
0,105000.0,0.0,789,102,6,1,32,0,0,0,0,1,0,0,0,0,0,1,1,0,6,1,5,13,1,0.08163265306122448,0
1,76000.0,0.19047619047619047,1062,148,10,1,14,0,0,0,1,0,0,0,0,0,1,0,1,0,6,0,4,5,0,0.152317880794702,1
0,105000.0,0.0,884,123,10,1,13,2,0,0,0,1,0,0,0,1,0,0,1,0,5,0,5,3,1,0.061224489795918366,0
1,141250.0,0.3083832335329341,765,98,6,1,28,4,0,0,0,0,0,0,1,0,1,0,0,1,5,1,2,2,0,0.08050847457627118,0
0,105000.0,0.0,1110,146,11,1,13,2,0,1,0,0,0,0,0,0,0,1,1,0,5,0,5,7,1,0.05714285714285714,0
0,105000.0,0.0,1084,145,10,1,28,3,0,0,0,0,0,0,1,0,1,0,1,0,5,1,2,22,0,0.10144927536231885,0
0,105000.0,0.0,759,103,6,1,14,4,0,0,1,0,0,0,0,0,1,0,1,0,7,1,6,21,1,0.02743142144638404,0
1,65500.0,0.39263803680981596,667,88,6,1,29,1,0,0,1,0,0,0,0,0,1,0,0,0,3,0,3,18,0,0.15625,1
0,105000.0,0.0,702,94,6,1,21,2,0,1,0,0,0,0,0,0,0,1,1,0,5,1,5,15,1,0.10810810810810811,1
1,48500.0,0.2982456140350877,702,90,6,1,28,1,0,0,0,0,0,0,1,1,0,1,0,1,3,1,2,19,0,0.32954545454545453,1
1,133750.0,0.31230283911671924,1138,150,11,1,14,3,0,0,1,0,0,0,0,0,0,1,1,0,7,1,2,0,0,0.07177033492822966,0
1,76750.0,0.2752808988764045,1307,174,11,1,26,4,0,0,0,0,1,0,0,0,0,0,1,0,6,1,5,9,1,0.12781954887218044,1
0,105000.0,0.0,1246,165,11,1,13,3,0,0,0,1,0,0,0,0,1,0,1,0,3,0,2,4,0,0.037037037037037035,0
1,81500.0,0.25668449197860965,908,129,10,1,26,4,0,0,0,0,1,0,0,0,0,1,1,0,6,0,3,21,0,0.04081632653061224,0
0,105000.0,0.0,850,119,10,1,13,2,0,0,0,1,0,0,0,0,0,1,1,0,4,0,2,0,0,0.05042016806722689,0
0,105000.0,0.0,733,95,6,1,18,3,0,0,1,0,0,0,0,0,1,0,1,0,5,0,0,18,0,0.05,0
1,148750.0,0.28530259365994237,836,114,6,1,17,3,0,1,0,0,0,0,0,0,0,1,1,0,5,0,3,22,0,0.1388888888888889,1
1,114250.0,0.30111524163568776,1149,151,11,1,25,1,0,0,1,0,0,0,0,0,0,1,1,0,7,0,6,4,1,0.04081632653061224,0
1,109000.0,0.256,766,102,6,1,15,2,0,0,1,0,0,0,0,1,0,1,1,0,7,1,0,13,0,0.125,1
1,78750.0,0.2692307692307692,750,96,6,1,31,3,0,0,0,0,0,0,1,0,0,1,1,0,4,0,4,4,0,0.1702127659574468,1
0,105000.0,0.0,1324,173,11,1,31,3,0,0,0,0,0,0,1,1,1,0,0,0,5,1,3,13,0,0.14285714285714285,1
0,105000.0,0.0,1024,139,10,1,25,4,0,0,0,1,0,0,0,0,0,1,0,1,3,1,4,21,0,0.0,0
1,161500.0,0.25405405405405407,874,124,10,1,19,4,1,0,0,0,0,0,0,0,1,0,1,0,5,1,3,20,0,0.05652173913043478,0
1,110750.0,0.3592592592592593,1071,149,10,1,32,3,0,0,1,0,0,0,0,1,1,0,1,0,5,0,1,6,0,0.136986301369863,1
1,146000.0,0.3218390804597701,1113,148,11,1,16,3,0,0,1,0,0,0,0,1,0,0,0,1,4,1,5,17,1,0.17307692307692307,1
0,105000.0,0.0,832,115,10,1,18,3,0,1,0,0,0,0,0,0,1,0,0,1,3,0,3,6,0,0.08235294117647059,0
0,105000.0,0.0,681,92,6,1,13,2,0,1,0,0,0,0,0,0,0,1,1,0,5,1,2,16,0,0.064,0
0,105000.0,0.0,1135,149,11,1,24,4,0,0,0,0,0,0,1,0,0,1,1,0,5,0,5,18,1,0.02631578947368421,0
1,65750.0,0.3248407643312102,654,87,6,1,18,1,0,0,1,0,0,0,0,1,1,0,0,1,3,1,0,16,0,0.1411764705882353,1
1,145250.0,0.21779141104294478,843,113,6,1,14,3,0,0,1,0,0,0,0,1,0,0,1,0,4,0,1,0,0,0.06451612903225806,0
1,198750.0,0.30851063829787234,1109,147,11,1,25,3,1,0,0,0,0,0,0,0,1,0,0,1,5,0,3,4,0,0.12612612612612611,1
1,148500.0,0.22686567164179106,1027,144,10,1,14,4,0,0,0,0,1,0,0,1,0,0,1,0,6,0,4,2,0,0.12222222222222222,1
1,146868.8,0.23231943922893983,1256,167,11,1,24,3,1,0,0,0,0,0,0,0,1,0,1,0,5,1,4,0,0,0.1642512077294686,1
1,112250.0,0.2862595419847328,1252,165,11,1,12,1,0,1,0,0,0,0,0,0,1,0,1,0,5,0,2,6,0,0.13675213675213677,1
1,89500.0,0.20100502512562815,667,90,6,1,24,3,1,0,0,0,0,0,0,0,0,0,0,1,3,1,4,13,0,0.13761467889908258,1
1,142250.0,0.22741433021806853,707,94,6,1,14,3,0,1,0,0,0,0,0,0,0,1,1,0,6,0,2,9,0,0.1259259259259259,1
1,102000.0,0.3346938775510204,883,118,6,1,22,4,0,0,0,0,0,1,0,0,0,1,1,0,5,0,4,20,0,0.12643678160919541,1
0,105000.0,0.0,702,92,6,1,14,2,0,1,0,0,0,0,0,1,0,1,1,0,6,0,2,20,0,0.041666666666666664,0
1,76252.79999999999,0.2740112994350282,1111,146,11,1,24,3,0,0,0,0,0,0,1,1,0,1,1,0,3,0,0,9,0,0.18461538461538463,1
1,60750.0,0.22627737226277372,713,94,6,1,24,2,0,0,0,0,0,0,1,0,0,1,1,0,4,1,4,20,0,0.12631578947368421,1
1,52500.0,0.3969465648854962,721,92,6,1,22,1,0,0,0,0,0,1,0,1,0,1,0,1,5,1,6,5,1,0.21052631578947367,1
0,105000.0,0.0,1141,151,11,1,18,5,0,0,0,0,1,0,0,0,0,0,1,0,7,0,5,8,1,0.0,0
0,105000.0,0.0,838,118,10,1,33,3,1,0,0,0,0,0,0,0,0,0,1,0,3,0,3,18,0,0.07692307692307693,0
1,75250.0,0.25,1130,148,11,1,28,3,0,0,0,0,0,0,1,1,0,0,1,0,4,0,5,11,1,0.1956521739130435,1
1,201000.0,0.38877755511022044,840,117,10,1,25,3,1,0,0,0,0,0,0,1,1,0,1,0,3,0,2,17,0,0.13636363636363635,1
1,89500.0,0.3033175355450237,1309,173,11,1,35,5,0,0,0,1,0,0,0,0,1,0,0,0,5,0,1,21,0,0.078125,0
1,136750.0,0.2689873417721519,822,109,6,1,22,3,0,0,0,0,0,1,0,1,1,0,0,1,3,1,5,1,1,0.10738255033557047,1
1,80250.0,0.37055837563451777,892,122,10,1,20,3,0,0,0,0,0,1,0,1,0,0,1,0,5,0,0,15,0,0.05263157894736842,0
1,108000.0,0.32558139534883723,844,115,10,1,23,2,0,1,0,0,0,0,0,0,0,1,1,0,3,0,1,23,0,0.029411764705882353,0
1,111500.0,0.35424354243542433,1038,143,10,1,21,2,0,1,0,0,0,0,0,1,0,0,1,0,6,0,1,18,0,0.21686746987951808,1
1,170500.0,0.2099737532808399,895,121,10,1,20,4,0,0,0,0,0,1,0,1,1,0,1,0,5,0,3,7,0,0.05263157894736842,0
1,70500.0,0.3793103448275862,772,106,6,1,26,4,0,0,0,0,1,0,0,0,0,0,1,0,7,1,2,21,0,0.047619047619047616,0
1,75250.0,0.34615384615384615,1145,149,11,1,28,2,0,0,0,0,0,0,1,1,1,0,1,0,5,0,6,23,1,0.2653061224489796,1
0,105000.0,0.0,1113,148,11,1,18,0,0,0,0,0,1,0,0,1,0,1,0,1,5,0,1,5,0,0.09375,0
0,105000.0,0.0,851,117,10,1,24,3,0,0,0,0,0,0,1,1,0,1,0,0,3,0,3,15,0,0.043478260869565216,0
0,105000.0,0.0,1270,168,11,1,13,3,0,1,0,0,0,0,0,0,1,0,1,0,7,1,6,23,1,0.0440251572327044,0
0,105000.0,0.0,1257,166,11,1,25,3,0,1,0,0,0,0,0,0,1,0,1,0,4,0,4,23,0,0.07746478873239436,0
1,32000.0,0.379746835443038,1121,146,11,1,28,0,0,0,0,0,0,0,1,0,0,1,1,0,4,1,0,5,0,0.12690355329949238,1
1,72500.0,0.24242424242424243,1125,147,11,1,28,3,0,0,0,0,0,0,1,0,0,0,1,0,3,0,4,1,0,0.06481481481481481,0
1,142500.0,0.35260115606936415,766,98,6,1,28,4,0,0,0,0,0,0,1,0,1,0,0,0,5,0,0,10,0,0.05128205128205128,0
1,76793.6,0.3870685889034513,1155,152,11,1,26,4,0,0,0,0,1,0,0,0,0,0,0,0,7,1,4,23,0,0.05555555555555555,0
0,105000.0,0.0,1095,145,11,1,14,4,0,0,0,0,1,0,0,1,0,0,1,0,3,0,3,23,0,0.16326530612244897,1
1,120250.0,0.3694915254237288,1125,147,11,1,33,4,1,0,0,0,0,0,0,0,0,0,0,1,6,0,6,9,1,0.10077519379844961,0
1,141250.0,0.347953216374269,877,118,6,1,21,3,0,1,0,0,0,0,0,0,0,1,0,0,7,1,4,8,0,0.1509433962264151,1
0,105000.0,0.0,1135,150,11,1,17,5,0,0,0,1,0,0,0,0,1,0,1,0,6,1,3,23,0,0.06493506493506493,0
1,76000.0,0.3655913978494624,862,121,10,1,13,2,0,0,0,1,0,0,0,1,0,0,0,0,4,0,2,9,0,0.08823529411764706,0
0,105000.0,0.0,924,126,10,1,25,4,0,0,0,1,0,0,0,1,0,0,1,0,5,0,2,11,0,0.06451612903225806,0
1,78250.0,0.2215909090909091,780,102,6,1,25,1,0,0,1,0,0,0,0,1,0,0,1,0,6,1,5,15,1,0.13636363636363635,1
0,105000.0,0.0,916,125,10,1,18,3,0,0,1,0,0,0,0,0,0,0,1,0,6,0,0,3,0,0.0392156862745098,0
0,105000.0,0.0,1006,143,10,1,19,3,1,0,0,0,0,0,0,0,1,0,1,0,6,1,2,6,0,0.1111111111111111,1
0,105000.0,0.0,848,118,10,1,17,3,0,1,0,0,0,0,0,1,0,1,0,1,4,1,2,23,0,0.08823529411764706,0
1,80500.0,0.3402061855670103,820,111,6,1,25,0,0,1,0,0,0,0,0,0,1,0,1,0,3,0,3,21,0,0.1346153846153846,1
1,29577.600000000002,0.19543147208121828,846,119,10,1,24,0,0,0,0,0,0,0,1,0,0,1,1,0,3,0,6,8,1,0.21686746987951808,1
1,191500.0,0.3702127659574468,922,129,10,1,32,3,0,0,1,0,0,0,0,0,1,0,0,1,5,0,4,12,0,0.020833333333333332,0
1,118250.0,0.39661016949152544,1010,141,10,1,15,3,0,0,1,0,0,0,0,0,0,0,1,0,4,0,2,8,0,0.12280701754385964,1
1,181750.0,0.3014018691588785,878,123,10,1,12,3,0,1,0,0,0,0,0,1,1,0,1,0,7,0,2,8,0,0.1206896551724138,1
1,77313.6,0.36629312239068335,895,123,10,1,29,3,0,0,1,0,0,0,0,0,0,0,1,0,4,1,4,17,0,0.17197452229299362,1
0,105000.0,0.0,957,131,10,1,35,5,0,0,0,1,0,0,0,0,1,0,0,0,6,1,0,23,0,0.03164556962025317,0
1,86500.0,0.30392156862745096,1102,147,11,1,14,2,0,0,0,0,1,0,0,0,0,1,1,0,4,0,1,6,0,0.02127659574468085,0
0,105000.0,0.0,1283,171,11,1,17,3,1,0,0,0,0,0,0,0,1,0,1,0,7,0,5,12,1,0.04838709677419355,0
1,70000.0,0.2716049382716049,726,96,6,1,18,2,0,0,1,0,0,0,0,0,0,1,0,0,5,0,3,17,0,0.08695652173913043,0
1,114212.79999999999,0.3890274314214464,846,113,6,1,17,3,0,1,0,0,0,0,0,0,1,0,0,1,4,0,3,16,0,0.1484375,1
0,105000.0,0.0,858,114,6,1,17,5,0,0,0,1,0,0,0,0,1,0,1,0,3,0,0,21,0,0.03488372093023256,0
1,135886.4,0.2419268030139934,1103,148,11,1,15,1,1,0,0,0,0,0,0,0,1,0,1,0,7,0,1,20,0,0.2,1
0,105000.0,0.0,1084,151,10,1,13,1,0,0,0,1,0,0,0,0,0,0,1,0,6,0,4,14,0,0.10666666666666667,0
0,105000.0,0.0,879,116,6,1,24,1,0,0,0,0,0,0,1,0,0,1,1,0,4,1,5,3,1,0.08695652173913043,0
1,90000.0,0.3177570093457944,920,124,10,1,20,3,0,0,0,0,0,1,0,1,0,1,1,0,6,0,5,6,1,0.1518987341772152,1
1,106250.0,0.35271317829457366,1101,151,10,1,35,5,0,0,0,1,0,0,0,0,0,1,1,0,6,1,3,4,0,0.05901639344262295,0
0,105000.0,0.0,1297,170,11,1,35,5,0,0,0,1,0,0,0,0,1,0,1,0,5,0,3,18,0,0.045454545454545456,0
0,105000.0,0.0,1261,166,11,1,24,4,0,0,0,0,0,0,1,0,1,0,1,0,3,1,3,13,0,0.020202020202020204,0
1,139152.0,0.30611469806304586,1138,150,11,1,26,4,0,0,0,0,1,0,0,1,1,0,1,0,6,0,0,23,0,0.12195121951219512,1
1,83000.0,0.18579234972677597,1035,143,10,1,31,3,0,0,0,0,0,0,1,1,1,0,1,0,3,1,4,15,0,0.1875,1
0,105000.0,0.0,1045,144,10,1,25,1,1,0,0,0,0,0,0,0,0,1,0,1,7,1,5,10,1,0.04918032786885246,0
1,64000.0,0.304635761589404,701,92,6,1,32,1,0,0,0,1,0,0,0,0,0,1,1,0,3,0,2,4,0,0.09482758620689655,0
0,105000.0,0.0,1136,150,11,1,13,3,0,0,0,1,0,0,0,0,1,0,1,0,6,0,5,17,1,0.04081632653061224,0
0,105000.0,0.0,1100,145,11,1,13,0,0,1,0,0,0,0,0,0,0,0,0,0,4,0,1,10,0,0.058823529411764705,0
0,105000.0,0.0,745,95,6,1,28,3,0,0,0,0,0,0,1,1,1,0,1,0,4,0,6,12,1,0.07058823529411765,0
0,105000.0,0.0,897,119,6,1,24,3,1,0,0,0,0,0,0,1,0,0,0,0,7,0,5,19,1,0.07692307692307693,0
1,126547.20000000001,0.1937063975063085,928,118,6,1,23,2,0,1,0,0,0,0,0,1,1,0,1,0,7,1,5,12,1,0.14754098360655737,1
0,105000.0,0.0,880,125,10,1,24,2,0,0,0,0,1,0,0,0,1,0,1,0,5,1,0,21,0,0.036036036036036036,0
0,105000.0,0.0,844,119,10,1,17,5,0,0,0,1,0,0,0,0,0,1,1,0,3,0,4,23,0,0.1,0
0,105000.0,0.0,830,116,10,1,17,5,0,0,0,1,0,0,0,0,0,1,1,0,3,0,6,9,1,0.0,0
1,69929.59999999999,0.325280199252802,1095,145,11,1,18,0,1,0,0,0,0,0,0,0,0,1,1,0,4,0,6,16,1,0.1702127659574468,1
1,137000.0,0.17940199335548174,932,131,10,1,24,4,0,0,0,0,1,0,0,0,0,1,1,0,7,0,4,13,0,0.031578947368421054,0
1,79830.40000000001,0.2266635859519409,915,122,6,1,35,5,0,0,0,1,0,0,0,0,0,1,0,0,5,0,6,1,1,0.0945945945945946,0
1,123500.0,0.34782608695652173,1031,143,10,1,29,3,0,0,1,0,0,0,0,1,1,0,1,0,3,0,6,17,1,0.15315315315315314,1
1,131750.0,0.3322784810126582,1003,143,10,1,25,1,1,0,0,0,0,0,0,1,1,0,1,0,4,1,2,19,0,0.07692307692307693,0
1,76835.2,0.2655552946701104,708,93,6,1,18,2,0,0,1,0,0,0,0,1,0,0,1,0,4,0,2,17,0,0.1724137931034483,1
1,140250.0,0.3548387096774194,908,127,10,1,19,4,1,0,0,0,0,0,0,1,1,0,1,0,6,0,5,7,1,0.10256410256410256,0
1,83750.0,0.24607329842931938,987,137,10,1,14,1,0,0,0,0,1,0,0,0,1,0,1,0,4,1,0,13,0,0.07446808510638298,0
1,55750.0,0.34814814814814815,1084,147,10,1,35,5,0,0,0,1,0,0,0,0,0,1,1,0,5,0,1,15,0,0.08536585365853659,0
1,145750.0,0.18944099378881987,645,90,6,1,18,2,1,0,0,0,0,0,0,0,1,0,1,0,4,0,6,22,1,0.0847457627118644,0
1,100250.0,0.363265306122449,1102,146,11,1,19,3,0,0,0,0,0,1,0,0,0,1,1,0,4,1,2,8,0,0.14356435643564355,1
1,104000.0,0.3293172690763052,859,120,10,1,17,5,0,0,0,1,0,0,0,1,0,1,0,0,4,0,6,7,1,0.037037037037037035,0
0,105000.0,0.0,912,126,10,1,26,4,0,0,0,0,1,0,0,0,1,0,1,0,6,0,5,16,1,0.057971014492753624,0
0,105000.0,0.0,1043,142,10,1,28,3,0,0,0,1,0,0,0,0,1,0,1,0,4,1,2,15,0,0.00909090909090909,0
1,199500.0,0.21476510067114093,839,119,10,1,19,4,1,0,0,0,0,0,0,0,0,0,1,0,3,1,3,1,0,0.058823529411764705,0
1,137500.0,0.30246913580246915,858,115,6,1,12,1,0,1,0,0,0,0,0,0,1,0,1,0,5,0,5,4,1,0.1875,1
1,149750.0,0.22255192878338279,1123,148,11,1,17,3,0,1,0,0,0,0,0,0,0,1,0,1,6,0,5,3,1,0.07567567567567568,0
1,100500.0,0.345679012345679,1134,149,11,1,20,3,0,0,0,0,0,1,0,0,0,1,1,0,6,0,5,20,1,0.08888888888888889,0
0,105000.0,0.0,1031,143,10,1,21,0,0,1,0,0,0,0,0,1,0,0,0,0,6,0,6,22,1,0.10112359550561797,0
1,127250.0,0.2202797202797203,726,98,6,1,17,5,0,0,0,1,0,0,0,0,0,1,0,1,5,0,4,12,0,0.1282051282051282,1
1,95500.0,0.19811320754716982,1023,141,10,1,22,4,0,0,0,0,0,1,0,0,0,1,1,0,4,0,3,7,0,0.125,1
1,120750.0,0.36824324324324326,1139,151,11,1,18,3,0,0,0,0,1,0,0,0,0,1,1,0,7,1,2,14,0,0.06358381502890173,0
0,105000.0,0.0,861,114,6,1,20,2,0,0,0,0,0,1,0,0,0,1,1,0,5,0,2,4,0,0.1,0
1,162000.0,0.23433242506811988,862,116,6,1,25,1,0,0,1,0,0,0,0,0,0,1,0,1,4,0,4,6,0,0.05970149253731343,0
1,137750.0,0.2888198757763975,952,129,10,1,32,4,0,0,0,1,0,0,0,0,0,1,1,0,6,1,3,1,0,0.05084745762711865,0
1,92250.0,0.3815789473684211,1154,151,11,1,32,3,0,0,0,1,0,0,0,0,0,0,0,0,6,1,0,16,0,0.08073394495412844,0
1,81868.8,0.19306703397612496,877,114,6,1,24,3,0,0,0,0,0,0,1,0,0,1,1,0,4,0,3,9,0,0.19767441860465115,1
1,82000.0,0.31794871794871793,1116,148,11,1,13,2,0,0,0,1,0,0,0,0,0,1,1,0,5,0,2,6,0,0.0784313725490196,0
0,105000.0,0.0,668,90,6,1,28,2,0,0,0,1,0,0,0,0,0,1,1,0,3,1,0,23,0,0.02247191011235955,0
1,75750.0,0.21764705882352942,918,127,10,1,22,4,0,0,0,0,0,1,0,0,1,0,1,0,6,1,2,8,0,0.0967741935483871,0
1,175250.0,0.39588100686498856,1115,146,11,1,33,4,1,0,0,0,0,0,0,0,1,0,0,0,4,0,5,15,1,0.08947368421052632,0
0,105000.0,0.0,720,92,6,1,28,3,0,0,0,0,0,0,1,0,0,1,1,0,3,0,3,12,0,0.034482758620689655,0
1,93184.0,0.3258594917787744,1140,149,11,1,20,2,0,0,0,0,0,1,0,0,1,0,1,0,6,1,3,22,0,0.06086956521739131,0
1,85500.0,0.2727272727272727,1135,157,10,1,32,3,0,0,1,0,0,0,0,0,0,1,1,0,7,0,3,21,0,0.0958904109589041,0
1,90250.0,0.2560386473429952,1039,144,10,1,22,4,0,0,0,0,0,1,0,0,0,1,0,0,4,0,5,22,1,0.17647058823529413,1
1,118250.0,0.3519163763066202,1027,147,10,1,25,1,1,0,0,0,0,0,0,1,0,1,1,0,6,0,2,18,0,0.14835164835164835,1
0,105000.0,0.0,1256,166,11,1,17,5,0,0,0,1,0,0,0,0,0,1,0,0,4,0,3,7,0,0.029411764705882353,0
0,105000.0,0.0,1105,146,11,1,17,5,0,0,0,1,0,0,0,1,0,1,1,0,4,1,1,2,0,0.0078125,0
1,183750.0,0.25,930,129,10,1,32,3,0,0,1,0,0,0,0,0,0,0,1,0,5,0,3,17,0,0.08695652173913043,0
0,105000.0,0.0,1263,168,11,1,25,5,1,0,0,0,0,0,0,0,0,1,0,1,6,1,5,10,1,0.03067484662576687,0
1,85250.0,0.20526315789473684,892,118,6,1,19,3,0,0,0,0,0,1,0,0,0,1,1,0,6,0,4,13,0,0.06321839080459771,0
1,73000.0,0.3218390804597701,1143,149,11,1,28,2,0,0,0,0,0,0,1,1,1,0,0,1,5,1,3,3,0,0.15897435897435896,1
1,119600.0,0.20103254067584483,1125,149,11,1,17,5,0,0,0,1,0,0,0,0,0,1,1,0,5,0,3,11,0,0.11428571428571428,1
1,156083.2,0.38345540715208964,1117,146,11,1,13,2,0,1,0,0,0,0,0,0,1,0,1,0,6,0,3,22,0,0.0,0
0,105000.0,0.0,768,100,6,1,28,2,0,0,0,1,0,0,0,1,0,1,1,0,6,0,3,14,0,0.10344827586206896,0
0,105000.0,0.0,1258,166,11,1,17,5,0,0,0,1,0,0,0,1,0,0,0,0,4,1,3,21,0,0.022727272727272728,0
1,168250.0,0.35853658536585364,840,117,10,1,23,3,0,1,0,0,0,0,0,0,0,1,1,0,4,1,5,23,1,0.09821428571428571,0
1,125250.0,0.32441471571906355,987,139,10,1,19,4,1,0,0,0,0,0,0,1,1,0,1,0,3,1,3,18,0,0.11702127659574468,1
0,105000.0,0.0,1123,148,11,1,26,4,0,0,0,0,1,0,0,0,0,1,1,0,4,0,2,19,0,0.0,0
1,102000.0,0.3481781376518219,918,127,10,1,22,4,0,0,0,0,0,1,0,0,1,0,1,0,6,0,5,8,1,0.2,1
0,105000.0,0.0,1111,146,11,1,25,1,0,0,1,0,0,0,0,0,1,0,1,0,4,1,2,9,0,0.06962025316455696,0
1,103750.0,0.28512396694214875,710,94,6,1,28,3,0,0,0,1,0,0,0,0,0,1,1,0,3,0,3,2,0,0.06,0
0,105000.0,0.0,1279,170,11,1,17,5,0,0,0,1,0,0,0,0,1,0,0,1,4,1,5,5,1,0.061224489795918366,0
0,105000.0,0.0,1130,148,11,1,32,2,0,0,0,1,0,0,0,0,0,0,1,0,4,1,5,19,1,0.1016949152542373,0
0,105000.0,0.0,877,125,10,1,33,3,1,0,0,0,0,0,0,0,1,0,1,0,6,0,0,3,0,0.031446540880503145,0
0,105000.0,0.0,1279,171,11,1,16,3,0,0,1,0,0,0,0,0,1,0,0,0,4,0,4,1,0,0.04819277108433735,0
1,143500.0,0.1892744479495268,994,139,10,1,17,3,0,1,0,0,0,0,0,1,1,0,1,0,4,0,1,7,0,0.17391304347826086,1
1,131250.0,0.24414715719063546,1089,145,11,1,21,2,0,1,0,0,0,0,0,0,1,0,1,0,3,0,6,17,1,0.13157894736842105,1
1,183750.0,0.31422018348623854,1103,144,11,1,23,3,0,1,0,0,0,0,0,0,1,0,1,0,3,0,3,14,0,0.08247422680412371,0
0,105000.0,0.0,1160,153,11,1,32,3,0,0,1,0,0,0,0,0,1,0,0,0,7,1,5,5,1,0.052980132450331126,0
0,105000.0,0.0,688,94,6,1,15,2,0,0,1,0,0,0,0,0,1,0,0,0,4,1,3,20,0,0.04814814814814815,0
0,105000.0,0.0,1107,146,11,1,25,4,1,0,0,0,0,0,0,0,0,0,0,0,4,0,1,18,0,0.0,0
1,64750.0,0.2733333333333333,1259,167,11,1,19,2,0,0,0,0,0,1,0,0,0,0,0,0,4,0,1,14,0,0.22972972972972974,1
0,105000.0,0.0,943,125,6,1,35,5,0,0,0,1,0,0,0,0,1,0,0,1,5,0,3,15,0,0.09836065573770492,0
1,114025.6,0.34390575441776167,1073,145,10,1,28,4,0,0,0,0,0,0,1,1,0,1,1,0,5,0,2,4,0,0.1111111111111111,1
1,115000.0,0.21705426356589147,1263,168,11,1,18,3,0,0,0,0,1,0,0,1,1,0,0,0,3,0,1,14,0,0.09411764705882353,0
1,73008.0,0.22592873388931012,835,117,10,1,18,2,0,0,1,0,0,0,0,0,0,1,0,1,3,0,6,15,1,0.19285714285714287,1
1,114250.0,0.31985294117647056,900,124,10,1,14,1,0,0,1,0,0,0,0,0,1,0,0,1,5,0,4,7,0,0.05263157894736842,0
1,95750.0,0.29777777777777775,1128,148,11,1,25,1,0,0,1,0,0,0,0,0,0,1,1,0,5,1,4,18,0,0.0778688524590164,0
0,105000.0,0.0,1055,147,10,1,18,3,0,0,0,0,1,0,0,0,0,1,1,0,6,0,4,5,0,0.027777777777777776,0
0,105000.0,0.0,1275,168,11,1,22,4,0,0,0,0,0,1,0,1,0,1,1,0,4,0,1,8,0,0.16666666666666666,1
1,104250.0,0.24789915966386555,1083,144,11,1,13,1,0,1,0,0,0,0,0,0,1,0,1,0,3,0,4,11,0,0.15714285714285714,1
1,109886.4,0.3761143559790962,1012,143,10,1,15,2,1,0,0,0,0,0,0,0,0,0,1,0,5,1,6,10,1,0.07777777777777778,0
1,116000.0,0.3832752613240418,765,100,6,1,32,3,0,0,0,1,0,0,0,0,0,1,0,0,5,0,3,13,0,0.05204460966542751,0
0,105000.0,0.0,689,92,6,1,24,3,1,0,0,0,0,0,0,0,0,1,0,0,5,0,0,9,0,0.036585365853658534,0
1,108000.0,0.3940520446096654,1160,153,11,1,32,3,0,0,1,0,0,0,0,0,1,0,1,0,7,0,0,0,0,0.08,0
1,79250.0,0.2864864864864865,1027,142,10,1,14,1,0,0,0,0,1,0,0,1,1,0,1,0,5,0,0,1,0,0.14473684210526316,1
1,92000.0,0.34234234234234234,1275,170,11,1,13,1,0,1,0,0,0,0,0,0,0,1,1,0,5,1,5,14,1,0.14375,1
1,128500.0,0.2866666666666667,914,126,10,1,13,3,0,0,0,1,0,0,0,0,1,0,1,0,6,1,4,15,0,0.08860759493670886,0
1,63500.0,0.2602739726027397,765,104,6,1,26,4,0,0,0,0,1,0,0,0,0,1,1,0,7,0,5,0,1,0.25,1
0,105000.0,0.0,1071,149,10,1,14,5,0,0,1,0,0,0,0,1,0,0,0,0,7,0,2,16,0,0.014084507042253521,0
1,68250.0,0.2830188679245283,1102,146,11,1,19,1,0,0,0,0,0,1,0,0,1,0,0,1,3,1,3,23,0,0.08620689655172414,0
0,105000.0,0.0,1303,173,11,1,25,4,0,0,0,1,0,0,0,0,1,0,1,0,5,1,0,20,0,0.06818181818181818,0
1,109500.0,0.3471698113207547,727,96,6,1,24,3,0,0,0,0,1,0,0,0,0,0,1,0,5,0,4,20,0,0.17307692307692307,1
0,105000.0,0.0,895,125,10,1,17,5,0,0,0,1,0,0,0,1,1,0,1,0,5,0,5,14,1,0.058333333333333334,0
1,46000.0,0.24761904761904763,1275,168,11,1,28,1,0,0,0,0,0,0,1,0,0,1,1,0,4,1,1,21,0,0.22794117647058823,1
1,80500.0,0.3402061855670103,1288,168,11,1,28,3,0,0,0,0,0,0,1,0,1,0,1,0,5,1,5,11,1,0.06422018348623854,0
0,105000.0,0.0,888,124,10,1,16,1,0,0,1,0,0,0,0,0,0,1,1,0,5,0,2,0,0,0.0872093023255814,0
1,108500.0,0.2980392156862745,1073,147,10,1,24,3,0,0,0,0,0,0,1,0,1,0,0,1,4,0,4,19,0,0.1301775147928994,1
1,108250.0,0.3473282442748092,772,100,6,1,32,3,0,0,0,1,0,0,0,1,0,1,0,0,6,1,4,12,0,0.04938271604938271,0
1,70000.0,0.2716049382716049,1296,171,11,1,29,2,0,0,1,0,0,0,0,1,0,0,1,0,5,0,3,6,0,0.2,1
1,68848.0,0.23183760683760674,850,123,10,1,14,4,0,0,0,0,1,0,0,1,0,1,1,0,5,0,2,16,0,0.14666666666666667,1
1,100942.40000000001,0.20373797187268686,1267,168,11,1,14,2,0,0,1,0,0,0,0,1,0,0,1,0,5,1,6,10,1,0.1282051282051282,1
0,105000.0,0.0,1310,172,11,1,32,4,0,0,0,1,0,0,0,0,0,1,0,1,5,1,5,21,1,0.02654867256637168,0
0,105000.0,0.0,692,91,6,1,26,4,0,0,0,0,1,0,0,1,0,0,1,0,3,1,0,0,0,0.0972972972972973,0
1,202000.0,0.3872255489021956,1307,173,11,1,28,4,0,0,0,1,0,0,0,0,1,0,1,0,5,0,3,0,0,0.05154639175257732,0
1,73750.0,0.24404761904761904,834,118,10,1,19,2,0,0,0,0,0,1,0,0,0,1,1,0,3,0,0,2,0,0.22727272727272727,1
0,105000.0,0.0,672,88,6,1,14,2,0,1,0,0,0,0,0,0,1,0,0,0,4,1,2,22,0,0.13978494623655913,1
1,200250.0,0.23956043956043957,1283,170,11,1,33,3,1,0,0,0,0,0,0,0,1,0,1,0,7,0,6,6,1,0.08333333333333333,0
1,96250.0,0.3547008547008547,727,96,6,1,22,4,0,0,0,0,0,1,0,0,0,1,1,0,5,0,5,11,1,0.15384615384615385,1
1,147000.0,0.2551928783382789,744,98,6,1,15,3,0,0,1,0,0,0,0,1,1,0,1,0,6,0,3,22,0,0.1206896551724138,1
0,105000.0,0.0,804,108,6,1,25,2,1,0,0,0,0,0,0,0,0,1,0,0,3,1,6,11,1,0.037037037037037035,0
0,105000.0,0.0,1072,144,10,1,28,3,0,0,0,0,0,0,1,1,0,1,1,0,5,0,3,3,0,0.11702127659574468,1
1,71750.0,0.1949685534591195,1293,170,11,1,28,2,0,0,0,1,0,0,0,0,0,1,1,0,5,1,0,2,0,0.0975609756097561,0
1,119184.0,0.36299999999999993,1127,149,11,1,14,3,0,0,1,0,0,0,0,0,0,1,1,0,6,0,0,4,0,0.12195121951219512,1
1,41250.0,0.20652173913043478,1113,153,10,1,28,0,0,0,0,1,0,0,0,0,0,0,1,0,6,0,4,18,0,0.07692307692307693,0
1,104000.0,0.3938223938223938,1261,166,11,1,35,5,0,0,0,1,0,0,0,1,0,1,1,0,3,0,6,14,1,0.06666666666666667,0
0,105000.0,0.0,1094,144,11,1,18,3,0,0,0,0,1,0,0,0,1,0,0,1,3,1,4,23,0,0.028469750889679714,0
1,62250.0,0.22142857142857142,1067,146,10,1,22,4,0,0,0,0,0,1,0,0,0,1,1,0,6,0,4,10,0,0.14150943396226415,1
1,53750.0,0.25203252032520324,778,102,6,1,22,4,0,0,0,0,0,1,0,1,0,0,1,0,6,0,2,21,0,0.1592920353982301,1
0,105000.0,0.0,1298,171,11,1,31,4,0,0,0,0,0,0,1,1,0,0,1,0,3,1,5,18,1,0.11764705882352941,1
1,138750.0,0.40057636887608067,1150,151,11,1,15,2,0,0,1,0,0,0,0,0,1,0,1,0,7,1,2,5,0,0.08035714285714286,0
0,105000.0,0.0,1079,149,10,1,35,5,0,0,0,1,0,0,0,0,0,1,1,0,5,0,0,18,0,0.0449438202247191,0
1,54250.0,0.264,700,92,6,1,28,2,0,0,0,0,0,0,1,1,0,1,1,0,3,1,6,5,1,0.23728813559322035,1
0,105000.0,0.0,1098,146,11,1,22,4,0,0,0,0,0,1,0,0,1,0,1,0,3,0,5,8,1,0.06976744186046512,0
0,105000.0,0.0,906,124,10,1,28,2,0,0,0,1,0,0,0,0,1,0,0,0,4,0,0,14,0,0.10344827586206896,0
0,105000.0,0.0,940,123,6,1,32,0,0,0,0,1,0,0,0,0,1,0,1,0,6,0,2,18,0,0.09090909090909091,0
1,146500.0,0.26627218934911245,1281,169,11,1,15,3,0,0,1,0,0,0,0,0,0,1,1,0,6,0,2,18,0,0.07608695652173914,0
0,105000.0,0.0,874,118,10,1,32,1,0,0,0,1,0,0,0,0,0,0,1,0,3,0,4,21,0,0.058823529411764705,0
1,129750.0,0.38317757009345793,1029,143,10,1,12,1,0,1,0,0,0,0,0,0,1,0,0,1,7,0,4,18,0,0.12340425531914893,1
0,105000.0,0.0,758,100,6,1,15,3,0,0,1,0,0,0,0,0,1,0,0,0,7,1,4,16,0,0.07272727272727272,0
1,113000.0,0.2681992337164751,752,97,6,1,28,3,0,0,0,1,0,0,0,1,0,0,0,0,5,0,3,12,0,0.16666666666666666,1
0,105000.0,0.0,874,123,10,1,17,1,1,0,0,0,0,0,0,1,0,1,1,0,7,0,5,3,1,0.061855670103092786,0
1,120750.0,0.20446096654275092,660,87,6,1,23,2,0,1,0,0,0,0,0,1,0,0,1,0,3,0,6,10,1,0.2631578947368421,1
1,158750.0,0.2361111111111111,874,123,10,1,15,3,0,0,1,0,0,0,0,0,1,0,1,0,5,0,3,1,0,0.12376237623762376,1
1,61921.6,0.372061235647895,1108,146,11,1,26,4,0,0,0,0,1,0,0,0,0,1,0,1,3,0,5,13,1,0.08641975308641975,0
0,105000.0,0.0,767,99,6,1,29,3,0,0,1,0,0,0,0,0,1,0,1,0,5,0,3,15,0,0.05660377358490566,0
1,121388.8,0.21076026977314521,1018,139,10,1,20,4,0,0,0,0,0,1,0,0,0,1,1,0,4,0,6,12,1,0.024390243902439025,0
0,105000.0,0.0,839,111,6,1,24,2,0,0,0,0,0,0,1,0,1,0,0,0,3,0,0,3,0,0.08024691358024691,0
0,105000.0,0.0,704,94,6,1,15,3,0,0,1,0,0,0,0,0,0,1,1,0,5,0,2,18,0,0.08,0
1,91500.0,0.3876651982378855,1108,147,11,1,13,2,0,0,0,1,0,0,0,0,1,0,1,0,4,1,1,3,0,0.10416666666666667,0
0,105000.0,0.0,707,92,6,1,31,2,0,0,0,0,0,0,1,0,0,1,0,0,3,1,5,23,1,0.09090909090909091,0
1,154750.0,0.35809018567639256,670,88,6,1,20,4,0,0,0,0,0,1,0,0,1,0,0,1,3,0,6,16,1,0.019230769230769232,0
1,149750.0,0.3897849462365591,1148,151,11,1,25,4,0,0,0,1,0,0,0,1,1,0,1,0,6,0,6,19,1,0.078125,0
0,105000.0,0.0,1100,144,11,1,26,4,0,0,0,0,1,0,0,0,0,1,1,0,3,1,5,3,1,0.051094890510948905,0
0,105000.0,0.0,848,112,6,1,24,1,0,0,0,0,0,0,1,0,0,1,0,0,3,0,4,5,0,0.09734513274336283,0
1,73250.0,0.27647058823529413,767,104,6,1,24,2,0,0,0,0,1,0,0,0,0,1,1,0,7,1,5,11,1,0.10185185185185185,0
1,128000.0,0.2222222222222222,872,119,6,1,13,1,0,1,0,0,0,0,0,0,1,0,1,0,6,1,4,14,0,0.14814814814814814,1
0,105000.0,0.0,1086,144,11,1,14,2,0,1,0,0,0,0,0,0,1,0,1,0,3,0,6,3,1,0.029411764705882353,0
1,74250.0,0.35911602209944754,1279,169,11,1,25,4,0,0,0,1,0,0,0,1,0,1,1,0,4,0,3,22,0,0.09649122807017543,0
0,105000.0,0.0,1134,149,11,1,35,5,0,0,0,1,0,0,0,0,0,1,0,0,4,0,2,3,0,0.038461538461538464,0
1,61500.0,0.19117647058823528,878,122,10,1,33,4,1,0,0,0,0,0,0,1,0,0,1,0,6,0,5,7,1,0.21008403361344538,1
1,105000.0,0.3333333333333333,899,121,10,1,29,3,0,0,1,0,0,0,0,0,1,0,0,1,4,1,1,20,0,0.1072961373390558,1
0,105000.0,0.0,872,116,6,1,17,1,1,0,0,0,0,0,0,0,0,1,0,0,7,0,3,0,0,0.13333333333333333,1
0,105000.0,0.0,772,98,6,1,31,4,0,0,0,0,0,0,1,1,0,1,1,0,5,1,4,5,0,0.04878048780487805,0
0,105000.0,0.0,1136,149,11,1,33,4,1,0,0,0,0,0,0,0,0,1,1,0,7,0,3,20,0,0.1271186440677966,1
1,138486.4,0.3814270086301203,1120,148,11,1,24,4,0,0,0,0,0,0,1,1,1,0,1,0,4,1,5,16,1,0.11971830985915492,1
1,131500.0,0.3141025641025641,1011,141,10,1,32,3,0,0,1,0,0,0,0,0,1,0,1,0,3,1,5,8,1,0.14864864864864866,1
0,105000.0,0.0,1131,148,11,1,32,4,0,0,0,1,0,0,0,1,1,0,1,0,4,0,2,11,0,0.0375,0
0,105000.0,0.0,785,102,6,1,25,4,0,0,0,1,0,0,0,0,1,0,1,0,6,0,6,9,1,0.0196078431372549,0
1,101750.0,0.19911504424778761,1103,145,11,1,18,3,0,0,1,0,0,0,0,0,1,0,1,0,3,0,3,0,0,0.0625,0
1,138250.0,0.363905325443787,766,100,6,1,15,3,0,0,1,0,0,0,0,0,0,1,0,0,7,0,4,10,0,0.0625,0
0,105000.0,0.0,1063,143,10,1,23,1,0,1,0,0,0,0,0,1,0,1,1,0,7,0,6,9,1,0.125,1
0,105000.0,0.0,672,92,6,1,21,4,1,0,0,0,0,0,0,0,0,1,1,0,4,0,0,0,0,0.07692307692307693,0
0,105000.0,0.0,903,117,6,1,18,3,0,0,1,0,0,0,0,0,1,0,1,0,6,0,0,3,0,0.08403361344537816,0
0,105000.0,0.0,941,131,10,1,24,2,0,0,0,0,1,0,0,0,1,0,1,0,7,1,5,1,1,0.05555555555555555,0
1,106750.0,0.22083333333333333,867,120,10,1,22,4,0,0,0,0,0,1,0,1,1,0,0,1,4,0,3,21,0,0.2857142857142857,1
1,92250.0,0.3815789473684211,1130,148,11,1,17,1,1,0,0,0,0,0,0,1,0,1,1,0,7,0,0,19,0,0.17142857142857143,1
1,183750.0,0.2116788321167883,985,138,10,1,25,3,1,0,0,0,0,0,0,1,0,0,1,0,4,0,5,7,1,0.12121212121212122,1
0,105000.0,0.0,711,94,6,1,13,2,0,1,0,0,0,0,0,0,1,0,0,1,6,0,3,8,0,0.04473684210526316,0
0,105000.0,0.0,710,97,6,1,19,4,1,0,0,0,0,0,0,0,1,0,0,1,7,0,4,8,0,0.06521739130434782,0
1,157000.0,0.22096317280453256,898,125,10,1,22,4,0,0,0,0,0,1,0,0,1,0,1,0,5,1,5,19,1,0.055248618784530384,0
0,105000.0,0.0,709,98,6,1,18,2,0,0,0,0,1,0,0,1,1,0,1,0,5,0,0,16,0,0.12195121951219512,1
1,153500.0,0.2046783625730994,1273,168,11,1,32,3,0,0,1,0,0,0,0,0,1,0,1,0,4,1,2,8,0,0.07894736842105263,0
0,105000.0,0.0,1102,145,11,1,17,5,0,0,0,1,0,0,0,0,0,1,1,0,3,1,4,2,0,0.05357142857142857,0
0,105000.0,0.0,1122,147,11,1,13,2,0,0,0,1,0,0,0,1,0,0,1,0,4,0,4,22,0,0.125,1
1,117561.6,0.3161030835691941,690,91,6,1,17,1,1,0,0,0,0,0,0,1,0,0,1,0,6,1,2,15,0,0.17333333333333334,1
1,134000.0,0.325,671,88,6,1,25,1,1,0,0,0,0,0,0,0,1,0,1,0,3,1,1,5,0,0.078125,0
1,128750.0,0.2363013698630137,873,121,10,1,22,4,0,0,0,0,0,1,0,1,0,1,1,0,4,0,0,2,0,0.07407407407407407,0
0,105000.0,0.0,981,137,10,1,25,1,0,0,1,0,0,0,0,1,0,1,0,1,3,0,3,0,0,0.0,0
0,105000.0,0.0,1080,147,10,1,22,3,0,0,0,0,0,1,0,0,0,0,1,0,5,0,6,2,1,0.0196078431372549,0
1,59500.0,0.2753623188405797,923,124,10,1,28,1,0,0,0,0,0,0,1,0,1,0,1,0,5,0,2,6,0,0.1780821917808219,1
1,106704.0,0.29073642119293575,725,96,6,1,21,1,0,1,0,0,0,0,0,0,0,1,0,0,6,0,3,20,0,0.13157894736842105,1
0,105000.0,0.0,1023,139,10,1,28,2,0,0,0,0,0,0,1,1,0,1,1,0,3,0,4,22,0,0.06349206349206349,0
1,122750.0,0.22743682310469315,925,122,6,1,35,5,0,0,0,1,0,0,0,0,1,0,0,1,5,0,3,8,0,0.10294117647058823,0
0,105000.0,0.0,721,97,6,1,14,3,0,0,0,0,1,0,0,1,1,0,0,1,6,0,4,12,0,0.09523809523809523,0
1,79185.6,0.39095519864750633,930,125,10,1,28,3,0,0,0,0,0,0,1,1,1,0,0,1,5,0,2,18,0,0.15151515151515152,1
1,101000.0,0.3442622950819672,918,122,6,1,16,1,0,0,1,0,0,0,0,1,1,0,1,0,7,0,4,22,0,0.15827338129496402,1
0,105000.0,0.0,820,117,10,1,21,4,1,0,0,0,0,0,0,0,0,1,0,0,3,0,2,8,0,0.07432432432432433,0
1,168500.0,0.2402088772845953,935,131,10,1,19,4,1,0,0,0,0,0,0,0,1,0,1,0,7,1,6,12,1,0.056818181818181816,0
0,105000.0,0.0,1282,170,11,1,13,2,0,0,0,1,0,0,0,1,0,0,0,0,6,0,0,15,0,0.08163265306122448,0
1,168000.0,0.4,1126,148,11,1,18,3,1,0,0,0,0,0,0,0,0,1,1,0,7,0,0,6,0,0.09009009009009009,0
0,105000.0,0.0,1130,149,11,1,25,2,1,0,0,0,0,0,0,1,0,1,0,0,7,1,2,7,0,0.08080808080808081,0
1,59500.0,0.3356643356643357,730,94,6,1,25,4,0,0,0,1,0,0,0,0,1,0,1,0,4,0,5,9,1,0.07142857142857142,0
0,105000.0,0.0,1266,166,11,1,29,2,0,0,1,0,0,0,0,0,0,1,1,0,3,1,3,17,0,0.05755395683453238,0
1,154190.4,0.20082514257978398,893,122,10,1,21,3,0,1,0,0,0,0,0,0,0,1,1,0,6,0,1,2,0,0.07526881720430108,0
0,105000.0,0.0,1119,147,11,1,18,0,1,0,0,0,0,0,0,0,0,1,1,0,6,1,0,12,0,0.08833922261484099,0
1,47250.0,0.2,748,100,6,1,19,1,0,0,0,0,0,1,0,0,0,0,1,0,6,0,4,4,0,0.22131147540983606,1
1,47250.0,0.2,1061,142,10,1,31,2,0,0,0,0,0,0,1,0,0,0,1,0,4,1,3,17,0,0.1864406779661017,1
1,273250.0,0.3027950310559006,654,88,6,1,13,5,0,1,0,0,0,0,0,0,0,1,1,0,3,0,4,6,0,0.046875,0
0,105000.0,0.0,1067,147,10,1,19,1,0,0,0,0,0,1,0,1,0,0,1,0,6,0,2,13,0,0.10526315789473684,0
1,40144.0,0.3831658291457286,1119,146,11,1,24,0,0,0,0,0,0,0,1,1,1,0,1,0,4,1,4,6,0,0.21739130434782608,1
0,105000.0,0.0,1113,148,11,1,21,4,1,0,0,0,0,0,0,0,1,0,1,0,7,1,0,10,0,0.05161290322580645,0
0,105000.0,0.0,811,117,10,1,17,3,0,1,0,0,0,0,0,0,1,0,1,0,3,1,3,22,0,0.03773584905660377,0
0,105000.0,0.0,803,114,10,1,17,3,1,0,0,0,0,0,0,1,0,1,1,0,3,1,4,7,0,0.08275862068965517,0
1,75000.0,0.27586206896551724,1118,146,11,1,31,3,0,0,0,0,0,0,1,0,0,1,0,0,3,0,5,3,1,0.1794871794871795,1
1,81078.4,0.3561037318153068,898,125,10,1,16,1,0,0,1,0,0,0,0,0,0,0,1,0,6,1,1,13,0,0.1242603550295858,1
0,105000.0,0.0,1071,144,10,1,24,0,0,0,0,0,0,0,1,1,0,1,1,0,5,0,5,14,1,0.1111111111111111,1
1,78750.0,0.3155080213903743,1119,147,11,1,25,4,0,0,0,1,0,0,0,0,0,1,1,0,4,0,4,6,0,0.07792207792207792,0
1,78750.0,0.39285714285714285,1011,144,10,1,25,4,0,0,0,1,0,0,0,0,1,0,1,0,3,0,1,11,0,0.1440677966101695,1
1,167000.0,0.28717948717948716,929,124,10,1,31,5,0,0,0,0,0,0,1,0,0,1,1,0,5,0,4,21,0,0.08823529411764706,0
1,98758.4,0.3253968253968254,836,117,10,1,14,1,0,1,0,0,0,0,0,0,0,1,1,0,4,0,4,22,0,0.10526315789473684,0
1,121250.0,0.2801418439716312,1046,141,10,1,28,4,0,0,0,0,0,0,1,0,0,1,1,0,4,0,3,3,0,0.0,0
1,143000.0,0.34202898550724636,874,120,10,1,18,3,0,0,0,0,1,0,0,0,1,0,0,0,5,0,1,16,0,0.08780487804878048,0
1,75000.0,0.23529411764705882,1111,149,11,1,19,0,1,0,0,0,0,0,0,0,0,1,1,0,7,0,1,18,0,0.125,1
0,105000.0,0.0,1036,144,10,1,26,4,0,0,0,0,1,0,0,1,1,0,1,0,5,0,2,2,0,0.04932735426008968,0
1,142000.0,0.2682926829268293,716,94,6,1,23,3,0,1,0,0,0,0,0,0,0,0,1,0,5,1,2,1,0,0.11029411764705882,1
1,99750.0,0.26521739130434785,995,142,10,1,24,3,0,0,0,0,1,0,0,0,0,1,1,0,4,1,2,10,0,0.06060606060606061,0
0,105000.0,0.0,1132,149,11,1,32,3,0,0,1,0,0,0,0,0,0,1,1,0,4,1,2,18,0,0.04054054054054054,0
1,81500.0,0.2185792349726776,1095,145,11,1,25,1,0,1,0,0,0,0,0,0,0,1,1,0,3,0,3,5,0,0.08955223880597014,0
1,274500.0,0.2950310559006211,694,94,6,1,24,3,1,0,0,0,0,0,0,0,1,0,0,0,6,0,1,21,0,0.09090909090909091,0
1,97500.0,0.3261802575107296,909,119,6,1,28,3,0,0,0,0,0,0,1,0,1,0,0,0,5,0,4,15,0,0.08904109589041095,0
0,105000.0,0.0,864,119,10,1,25,1,0,0,1,0,0,0,0,0,0,1,0,0,3,0,1,3,0,0.07389162561576355,0
1,114500.0,0.18972332015810275,886,122,10,1,14,2,0,1,0,0,0,0,0,0,0,1,1,0,7,1,6,11,1,0.09166666666666666,0
1,60250.0,0.20149253731343283,873,114,6,1,31,2,0,0,0,0,0,0,1,1,0,1,1,0,3,0,5,19,1,0.24489795918367346,1
0,105000.0,0.0,1130,147,11,1,29,1,0,0,1,0,0,0,0,1,1,0,0,1,4,1,0,11,0,0.2,1
1,137000.0,0.24358974358974358,1051,146,10,1,17,3,1,0,0,0,0,0,0,0,0,0,1,0,7,0,2,19,0,0.2,1
1,86000.0,0.3054187192118227,860,118,10,1,33,1,1,0,0,0,0,0,0,0,0,1,0,1,3,1,2,0,0,0.058823529411764705,0
0,105000.0,0.0,1109,146,11,1,28,3,0,0,0,1,0,0,0,1,1,0,1,0,3,0,6,22,1,0.07142857142857142,0
0,105000.0,0.0,832,116,10,1,33,4,1,0,0,0,0,0,0,0,0,1,1,0,3,0,3,14,0,0.0,0
0,105000.0,0.0,902,127,10,1,14,3,0,0,0,0,1,0,0,1,0,1,1,0,6,0,1,11,0,0.07207207207207207,0
1,155750.0,0.24507042253521127,840,117,10,1,14,2,0,1,0,0,0,0,0,0,1,0,0,1,4,0,1,15,0,0.12087912087912088,1
1,134250.0,0.22185430463576158,1285,171,11,1,14,3,0,0,0,0,1,0,0,0,1,0,1,0,7,0,2,11,0,0.017857142857142856,0
1,120390.40000000001,0.27983355624907125,1115,147,11,1,21,1,0,1,0,0,0,0,0,0,1,0,1,0,6,0,4,7,0,0.23478260869565218,1
0,105000.0,0.0,700,92,6,1,33,4,1,0,0,0,0,0,0,0,0,1,1,0,4,0,3,14,0,0.04430379746835443,0
1,140000.0,0.18770226537216828,1077,143,11,1,12,3,0,1,0,0,0,0,0,1,0,0,1,0,3,0,0,15,0,0.10344827586206896,0
0,105000.0,0.0,1287,171,11,1,14,2,0,0,1,0,0,0,0,1,1,0,1,0,7,1,4,19,0,0.10309278350515463,0
1,134750.0,0.33641975308641975,840,118,10,1,12,2,0,1,0,0,0,0,0,0,1,0,1,0,5,0,3,2,0,0.0625,0
1,142500.0,0.20189274447949526,671,92,6,1,12,2,0,1,0,0,0,0,0,1,1,0,1,0,5,0,4,22,0,0.20270270270270271,1
1,108500.0,0.2845849802371542,938,131,10,1,26,4,0,0,0,0,1,0,0,0,1,0,0,1,7,0,1,21,0,0.15294117647058825,1
1,129750.0,0.1916376306620209,748,102,6,1,32,3,0,0,1,0,0,0,0,1,0,1,1,0,5,1,5,2,1,0.1407766990291262,1
0,105000.0,0.0,900,123,10,1,24,0,0,0,0,0,0,0,1,1,1,0,1,0,4,1,6,2,1,0.145,1
1,145250.0,0.3256484149855908,1061,147,10,1,16,3,0,0,1,0,0,0,0,0,0,1,1,0,6,1,6,1,1,0.06976744186046512,0
1,70750.0,0.2088607594936709,1311,174,11,1,17,5,0,0,0,1,0,0,0,1,0,0,1,0,6,1,3,17,0,0.15918367346938775,1
0,105000.0,0.0,1309,173,11,1,18,3,0,0,1,0,0,0,0,0,0,1,1,0,6,1,5,12,1,0.03225806451612903,0
1,218000.0,0.19461697722567287,1126,148,11,1,25,3,0,1,0,0,0,0,0,0,1,0,1,0,6,1,2,21,0,0.0546875,0
0,105000.0,0.0,1137,149,11,1,25,0,0,1,0,0,0,0,0,0,0,1,1,0,7,1,0,4,0,0.09722222222222222,0
1,103000.0,0.3843137254901961,869,123,10,1,21,4,1,0,0,0,0,0,0,0,0,1,0,1,6,0,4,0,0,0.14492753623188406,1
1,65500.0,0.3625,1117,146,11,1,17,5,0,0,0,1,0,0,0,1,0,1,1,0,4,1,5,3,1,0.0975609756097561,0
0,105000.0,0.0,875,114,6,1,28,3,0,0,0,0,0,0,1,0,0,1,1,0,4,0,5,5,1,0.1836734693877551,1
1,245250.0,0.22282608695652173,1238,164,11,1,17,3,0,1,0,0,0,0,0,0,0,1,1,0,3,1,3,23,0,0.022222222222222223,0
1,115750.0,0.19844357976653695,1037,140,10,1,28,4,0,0,0,0,0,0,1,0,0,1,1,0,4,0,0,21,0,0.102803738317757,0
0,105000.0,0.0,1009,139,10,1,22,4,0,0,0,0,0,1,0,0,1,0,0,1,3,0,3,22,0,0.04838709677419355,0
1,105000.0,0.2572614107883817,1103,145,11,1,28,2,0,0,0,1,0,0,0,0,1,0,1,0,3,0,0,23,0,0.01639344262295082,0
1,65750.0,0.38650306748466257,851,117,10,1,24,2,0,0,0,0,0,0,1,1,1,0,1,0,3,0,5,1,1,0.32142857142857145,1
1,95750.0,0.36324786324786323,701,92,6,1,28,3,0,0,0,0,0,0,1,0,1,0,1,0,3,0,6,20,1,0.1377245508982036,1
1,76750.0,0.3670212765957447,1290,168,11,1,31,3,0,0,0,0,0,0,1,0,0,1,1,0,5,0,0,7,0,0.15306122448979592,1
0,105000.0,0.0,1091,146,11,1,15,1,1,0,0,0,0,0,0,0,0,1,0,1,5,0,4,23,0,0.07317073170731707,0
1,123250.0,0.1875,1027,141,10,1,25,1,0,0,1,0,0,0,0,0,0,1,1,0,4,1,2,20,0,0.058823529411764705,0
1,284750.0,0.20911949685534592,876,121,10,1,23,4,0,1,0,0,0,0,0,0,1,0,0,0,6,1,5,16,1,0.04424778761061947,0
1,98404.8,0.24336365323927975,1111,146,11,1,32,1,0,0,0,1,0,0,0,1,1,0,1,0,3,0,1,19,0,0.1568627450980392,1
1,32000.0,0.29333333333333333,1265,167,11,1,24,0,0,0,0,0,0,0,1,1,0,1,1,0,4,1,1,14,0,0.20535714285714285,1
1,130750.0,0.3074433656957929,880,118,6,1,25,1,1,0,0,0,0,0,0,0,1,0,1,0,6,0,1,5,0,0.11235955056179775,1
0,105000.0,0.0,1110,145,11,1,31,2,0,0,0,0,0,0,1,0,0,1,1,0,3,0,3,9,0,0.09836065573770492,0
1,85250.0,0.22395833333333334,1136,148,11,1,28,3,0,0,0,0,0,0,1,1,0,0,1,0,4,1,6,16,1,0.15853658536585366,1
1,73000.0,0.2619047619047619,1097,148,10,1,28,3,0,0,0,0,0,0,1,0,0,1,1,0,5,0,5,16,1,0.125,1
0,105000.0,0.0,915,129,10,1,14,4,0,0,0,0,1,0,0,0,1,0,1,0,7,0,2,6,0,0.03125,0
1,102250.0,0.2669491525423729,878,124,10,1,19,4,1,0,0,0,0,0,0,1,1,0,1,0,5,0,3,11,0,0.17,1
1,126505.6,0.3941914191419142,908,125,10,1,25,2,0,1,0,0,0,0,0,0,1,0,1,0,7,0,6,10,1,0.11194029850746269,1
1,64250.0,0.2980132450331126,850,118,10,1,14,1,0,0,0,0,1,0,0,1,0,0,1,0,4,1,1,14,0,0.1484375,1
1,74000.0,0.27906976744186046,954,126,6,1,35,5,0,0,0,1,0,0,0,0,1,0,1,0,6,0,4,21,0,0.07488986784140969,0
1,57000.0,0.2595419847328244,1092,145,11,1,22,4,0,0,0,0,0,1,0,1,0,0,1,0,3,1,0,9,0,0.17732558139534885,1
0,105000.0,0.0,728,92,6,1,31,2,0,0,0,0,0,0,1,0,0,1,1,0,4,0,3,8,0,0.1111111111111111,1
1,90500.0,0.29245283018867924,1286,170,11,1,35,5,0,0,0,1,0,0,0,0,0,1,1,0,4,1,1,5,0,0.017699115044247787,0
1,145250.0,0.22865853658536586,672,92,6,1,18,3,1,0,0,0,0,0,0,1,0,1,1,0,5,0,6,19,1,0.13924050632911392,1
0,105000.0,0.0,1100,145,11,1,16,2,0,0,1,0,0,0,0,0,0,1,1,0,3,1,5,11,1,0.05699481865284974,0
1,107500.0,0.39552238805970147,1091,144,11,1,17,2,1,0,0,0,0,0,0,0,0,0,1,0,4,0,1,3,0,0.046153846153846156,0
0,105000.0,0.0,684,92,6,1,17,3,0,1,0,0,0,0,0,0,1,0,1,0,4,1,1,20,0,0.02666666666666667,0
0,105000.0,0.0,867,117,6,1,24,3,0,0,0,0,1,0,0,1,1,0,0,0,4,0,0,12,0,0.038461538461538464,0
0,105000.0,0.0,1008,138,10,1,24,4,0,0,0,0,0,0,1,1,0,0,0,0,3,0,3,3,0,0.07142857142857142,0
1,50750.0,0.26495726495726496,663,88,6,1,14,4,0,0,0,0,1,0,0,1,0,1,1,0,3,0,5,0,1,0.16666666666666666,1
1,142750.0,0.20440251572327045,1278,169,11,1,20,4,0,0,0,0,0,1,0,0,1,0,1,0,3,0,3,10,0,0.11538461538461539,1
0,105000.0,0.0,678,93,6,1,14,3,0,0,0,0,1,0,0,0,1,0,1,0,4,0,4,12,0,0.07692307692307693,0
1,253011.2,0.19303327391562675,1138,151,11,1,14,5,0,0,0,0,1,0,0,1,0,0,0,0,7,0,1,15,0,0.0958904109589041,0
0,105000.0,0.0,1033,142,10,1,32,3,0,0,1,0,0,0,0,0,1,0,1,0,4,0,6,10,1,0.06818181818181818,0
0,105000.0,0.0,1069,145,10,1,24,4,0,0,0,0,0,0,1,1,1,0,1,0,5,0,1,3,0,0.08163265306122448,0
1,209250.0,0.23044397463002114,1283,171,11,1,14,5,0,0,0,0,1,0,0,0,0,0,1,0,5,0,3,8,0,0.0379746835443038,0
1,157500.0,0.20512820512820512,825,117,10,1,17,5,0,0,0,1,0,0,0,1,1,0,1,0,3,0,5,0,1,0.08547008547008547,0
1,116250.0,0.3741258741258741,1265,166,11,1,17,2,1,0,0,0,0,0,0,0,0,0,1,0,6,1,1,13,0,0.08433734939759036,0
1,81806.4,0.3658840639933514,746,96,6,1,28,2,0,0,0,1,0,0,0,1,0,0,1,0,4,0,6,23,1,0.023809523809523808,0
1,93000.0,0.22009569377990432,1274,168,11,1,14,1,0,1,0,0,0,0,0,0,0,0,0,0,7,0,1,16,0,0.05504587155963303,0
0,105000.0,0.0,716,97,6,1,19,4,1,0,0,0,0,0,0,0,1,0,0,0,4,0,0,4,0,0.05660377358490566,0
1,154024.0,0.3642588910978573,830,116,10,1,25,1,1,0,0,0,0,0,0,0,1,0,1,0,3,1,6,3,1,0.1295843520782396,1
0,105000.0,0.0,1123,146,11,1,28,1,0,0,0,0,0,0,1,0,1,0,1,0,4,1,6,2,1,0.07894736842105263,0
1,118750.0,0.34494773519163763,935,125,10,1,31,4,0,0,0,0,0,0,1,0,0,1,0,0,5,1,5,2,1,0.0392156862745098,0
1,100000.0,0.31223628691983124,1252,166,11,1,18,1,0,1,0,0,0,0,0,0,0,1,1,0,5,1,1,16,0,0.11222444889779559,1
1,175000.0,0.20051413881748073,801,109,6,1,14,3,0,1,0,0,0,0,0,1,0,0,0,1,4,1,5,22,1,0.10594315245478036,0
0,105000.0,0.0,716,99,6,1,21,4,1,0,0,0,0,0,0,1,1,0,1,0,7,1,2,1,0,0.08284023668639054,0
0,105000.0,0.0,915,129,10,1,14,1,0,0,0,0,1,0,0,0,1,0,1,0,7,0,3,1,0,0.09302325581395349,0
1,81000.0,0.3553299492385787,1114,147,11,1,33,4,1,0,0,0,0,0,0,0,0,0,1,0,5,0,4,15,0,0.15625,1
1,156750.0,0.3235294117647059,715,94,6,1,14,4,0,0,0,0,1,0,0,0,0,0,1,0,5,1,6,17,1,0.06535947712418301,0
1,107250.0,0.20502092050209206,793,114,10,1,12,1,0,1,0,0,0,0,0,1,1,0,1,0,3,0,5,19,1,0.24242424242424243,1
1,203500.0,0.3817097415506958,961,134,10,1,12,3,0,1,0,0,0,0,0,0,1,0,0,0,3,0,6,20,1,0.14492753623188406,1
1,42750.0,0.33980582524271846,1045,141,10,1,28,1,0,0,0,0,0,0,1,0,0,1,1,0,4,1,4,2,0,0.17123287671232876,1
1,229569.6,0.2359146487652841,707,95,6,1,24,3,1,0,0,0,0,0,0,1,1,0,0,0,6,0,1,16,0,0.12,1
1,128500.0,0.3202614379084967,686,94,6,1,14,3,0,0,1,0,0,0,0,1,0,1,1,0,4,1,3,5,0,0.09375,0
0,105000.0,0.0,878,123,10,1,15,3,1,0,0,0,0,0,0,0,0,0,1,0,7,0,4,8,0,0.12,1
0,105000.0,0.0,1133,150,11,1,25,1,0,0,1,0,0,0,0,0,0,1,1,0,5,1,0,22,0,0.04395604395604396,0
1,139750.0,0.34124629080118696,942,123,6,1,35,5,0,0,0,1,0,0,0,1,1,0,1,0,6,0,4,12,0,0.168,1
1,97500.0,0.26666666666666666,894,124,10,1,32,3,0,0,1,0,0,0,0,1,0,1,1,0,4,1,2,1,0,0.13812154696132597,1
1,102000.0,0.2857142857142857,817,112,6,1,18,3,0,0,0,0,1,0,0,0,0,1,1,0,3,0,4,12,0,0.09375,0
0,105000.0,0.0,701,94,6,1,17,3,0,1,0,0,0,0,0,1,1,0,1,0,6,0,6,23,1,0.1111111111111111,1
1,175250.0,0.2071611253196931,1072,143,11,1,12,3,0,1,0,0,0,0,0,0,0,1,0,0,3,0,1,22,0,0.1076923076923077,1
0,105000.0,0.0,706,95,6,1,25,1,0,1,0,0,0,0,0,0,1,0,1,0,5,1,5,14,1,0.10062893081761007,0
1,191500.0,0.31648351648351647,851,113,6,1,14,3,0,0,1,0,0,0,0,0,1,0,1,0,4,1,3,11,0,0.16455696202531644,1
1,171750.0,0.3325242718446602,696,96,6,1,15,3,0,0,1,0,0,0,0,0,1,0,1,0,4,1,2,13,0,0.12941176470588237,1
1,135500.0,0.3772455089820359,1265,168,11,1,26,4,0,0,0,0,1,0,0,1,1,0,1,0,4,0,6,14,1,0.15384615384615385,1
1,147250.0,0.3074712643678161,1271,167,11,1,35,5,0,0,0,1,0,0,0,0,1,0,1,0,3,1,5,10,1,0.05389221556886228,0
0,105000.0,0.0,1141,148,11,1,28,1,0,0,0,0,0,0,1,0,1,0,1,0,5,0,2,9,0,0.06,0
1,149000.0,0.3760217983651226,959,135,10,1,15,2,1,0,0,0,0,0,0,0,1,0,1,0,3,1,6,4,1,0.11442786069651742,1
1,95750.0,0.32751091703056767,1093,148,10,1,28,3,0,0,0,0,0,0,1,0,1,0,0,0,5,0,3,4,0,0.1,0
1,71500.0,0.2874251497005988,1124,149,11,1,24,1,0,0,0,0,1,0,0,1,0,1,1,0,5,1,2,3,0,0.06976744186046512,0
0,105000.0,0.0,1132,148,11,1,18,0,0,0,1,0,0,0,0,1,0,0,1,0,6,1,3,13,0,0.11864406779661017,1
0,105000.0,0.0,698,93,6,1,21,3,0,1,0,0,0,0,0,1,1,0,1,0,4,0,5,1,1,0.13333333333333333,1
0,105000.0,0.0,1265,168,11,1,25,2,1,0,0,0,0,0,0,1,1,0,1,0,6,0,2,12,0,0.1271186440677966,1
0,105000.0,0.0,746,96,6,1,22,4,0,0,0,0,0,1,0,1,0,1,1,0,5,0,6,7,1,0.1111111111111111,1
1,133750.0,0.19865319865319866,935,125,10,1,31,4,0,0,0,0,0,0,1,1,0,0,0,0,5,0,1,20,0,0.1864406779661017,1
1,197500.0,0.3943089430894309,880,125,10,1,24,3,1,0,0,0,0,0,0,0,1,0,0,1,7,1,5,1,1,0.025,0
0,105000.0,0.0,1041,142,10,1,28,5,0,0,0,0,0,0,1,0,1,0,1,0,4,0,6,14,1,0.031578947368421054,0
0,105000.0,0.0,934,131,10,1,26,4,0,0,0,0,1,0,0,1,0,0,1,0,7,0,6,23,1,0.061224489795918366,0
1,155250.0,0.3079019073569482,1003,143,10,1,19,3,1,0,0,0,0,0,0,0,0,0,1,0,6,0,3,1,0,0.10784313725490197,1
1,89065.6,0.21397288842544326,1047,147,10,1,19,3,0,0,0,0,0,1,0,0,0,0,1,0,5,0,0,14,0,0.09836065573770492,0
1,57000.0,0.3235294117647059,1010,142,10,1,18,1,0,0,0,0,1,0,0,0,0,1,0,1,5,1,6,10,1,0.07651715039577836,0
0,105000.0,0.0,821,113,6,1,14,0,0,1,0,0,0,0,0,0,1,0,1,0,4,0,1,16,0,0.0625,0
1,111000.0,0.35555555555555557,889,120,6,1,14,4,0,0,0,0,1,0,0,1,0,1,1,0,6,0,1,20,0,0.11278195488721804,1
1,116750.0,0.22433460076045628,753,98,6,1,33,4,1,0,0,0,0,0,0,1,0,1,1,0,7,0,0,7,0,0.2777777777777778,1
1,169000.0,0.2972292191435768,1270,167,11,1,13,4,0,0,0,1,0,0,0,1,0,0,0,1,4,0,2,7,0,0.0975609756097561,0
0,105000.0,0.0,849,119,10,1,14,4,0,0,0,0,1,0,0,1,0,1,1,0,4,0,1,17,0,0.056910569105691054,0
1,67500.0,0.3125,1290,168,11,1,28,3,0,0,0,0,0,0,1,0,0,0,1,0,5,0,6,8,1,0.08695652173913043,0
0,105000.0,0.0,898,124,10,1,16,1,0,0,1,0,0,0,0,0,0,1,1,0,6,1,3,0,0,0.07377049180327869,0
1,76500.0,0.36363636363636365,715,96,6,1,35,5,0,0,0,1,0,0,0,0,0,1,1,0,4,1,3,2,0,0.05737704918032787,0
1,107250.0,0.33073929961089493,821,111,6,1,14,4,0,0,0,0,1,0,0,1,0,0,1,0,4,0,0,15,0,0.045454545454545456,0
1,161250.0,0.2707774798927614,808,108,6,1,24,3,1,0,0,0,0,0,0,1,0,0,0,1,3,0,6,16,1,0.07936507936507936,0
1,114500.0,0.35251798561151076,890,122,6,1,24,3,0,0,0,0,1,0,0,0,0,1,1,0,5,0,3,23,0,0.0821917808219178,0
0,105000.0,0.0,870,123,10,1,13,4,0,0,0,1,0,0,0,1,1,0,1,0,5,0,6,9,1,0.0,0
1,121000.0,0.29577464788732394,773,104,6,1,24,3,0,0,0,0,1,0,0,1,1,0,1,0,7,1,0,22,0,0.0892018779342723,0
1,90500.0,0.36199095022624433,1095,146,11,1,17,1,1,0,0,0,0,0,0,1,0,1,1,0,5,1,1,4,0,0.12698412698412698,1
1,51000.0,0.2413793103448276,710,94,6,1,24,1,0,0,0,0,0,0,1,1,0,1,1,0,4,0,6,20,1,0.2553191489361702,1
1,84500.0,0.21164021164021163,722,98,6,1,14,4,0,0,0,0,1,0,0,0,1,0,1,0,6,0,5,20,1,0.125,1
1,84250.0,0.1881720430107527,748,100,6,1,13,2,0,0,0,1,0,0,0,0,0,1,1,0,6,1,2,16,0,0.1054421768707483,0
1,180500.0,0.2890995260663507,1121,149,11,1,19,4,1,0,0,0,0,0,0,0,1,0,1,0,5,1,2,14,0,0.07792207792207792,0
1,88250.0,0.39545454545454545,1083,150,10,1,19,4,1,0,0,0,0,0,0,0,0,0,1,0,7,0,3,11,0,0.09183673469387756,0
0,105000.0,0.0,1055,145,10,1,25,1,0,0,1,0,0,0,0,0,1,0,0,1,5,1,3,8,0,0.058333333333333334,0
1,45500.0,0.36036036036036034,888,120,10,1,28,1,0,0,0,0,0,0,1,1,0,1,1,0,4,0,1,0,0,0.15441176470588236,1
1,76250.0,0.2571428571428571,1107,144,11,1,31,3,0,0,0,0,0,0,1,1,0,1,1,0,3,1,4,14,0,0.1330049261083744,1
1,73750.0,0.3611111111111111,753,100,6,1,35,5,0,0,0,1,0,0,0,0,0,1,1,0,5,0,3,18,0,0.11,1
0,105000.0,0.0,1266,167,11,1,16,2,0,0,1,0,0,0,0,0,1,0,0,1,5,0,6,23,1,0.0625,0
1,82500.0,0.39805825242718446,757,100,6,1,16,1,0,0,1,0,0,0,0,0,0,1,0,0,7,1,5,23,1,0.13157894736842105,1
0,105000.0,0.0,908,116,6,1,28,2,0,0,0,0,0,0,1,1,0,0,1,0,5,1,5,3,1,0.0979020979020979,0
1,194750.0,0.3174946004319654,915,125,10,1,18,5,0,0,1,0,0,0,0,1,0,1,1,0,6,1,6,8,1,0.07746478873239436,0
1,332250.0,0.30051150895140666,852,117,10,1,25,5,0,1,0,0,0,0,0,0,0,1,1,0,3,1,1,15,0,0.021897810218978103,0
1,172203.2,0.3961642774118558,864,123,10,1,15,3,1,0,0,0,0,0,0,0,0,1,0,0,7,0,4,17,0,0.07792207792207792,0
0,105000.0,0.0,850,119,10,1,25,4,0,0,0,1,0,0,0,1,0,0,0,0,3,0,3,0,0,0.02040816326530612,0
0,105000.0,0.0,927,128,10,1,32,3,0,0,1,0,0,0,0,1,0,1,1,0,6,0,4,19,0,0.10638297872340426,0
0,105000.0,0.0,916,126,10,1,17,5,0,0,0,1,0,0,0,0,1,0,1,0,6,0,6,14,1,0.09036144578313253,0
1,87750.0,0.20918367346938777,1133,157,10,1,32,3,0,0,1,0,0,0,0,0,0,0,1,0,7,1,4,1,0,0.06153846153846154,0
0,105000.0,0.0,1133,149,11,1,35,5,0,0,0,1,0,0,0,0,0,1,1,0,4,1,4,11,0,0.026595744680851064,0
1,58750.0,0.2196969696969697,934,126,6,1,25,4,0,0,0,1,0,0,0,1,1,0,1,0,6,1,3,2,0,0.1774193548387097,1
1,85000.0,0.22916666666666666,1131,148,11,1,32,2,0,0,0,1,0,0,0,0,0,1,0,0,4,1,4,17,0,0.09913793103448276,0
0,105000.0,0.0,1249,166,11,1,12,3,0,1,0,0,0,0,0,0,0,1,1,0,5,0,4,19,0,0.06818181818181818,0
0,105000.0,0.0,850,119,10,1,22,4,0,0,0,0,0,1,0,0,1,0,1,0,3,0,2,12,0,0.06493506493506493,0
1,85500.0,0.3235294117647059,777,100,6,1,32,2,0,0,0,1,0,0,0,1,0,0,1,0,5,0,5,16,1,0.09225092250922509,0
1,118750.0,0.2851985559566787,871,117,6,1,19,3,0,0,0,0,0,1,0,0,1,0,1,0,4,0,2,1,0,0.0684931506849315,0
0,105000.0,0.0,709,94,6,1,28,2,0,0,0,0,0,0,1,0,0,1,1,0,3,0,0,17,0,0.029411764705882353,0
1,83000.0,0.21505376344086022,1282,170,11,1,19,2,0,0,0,0,0,1,0,1,0,0,1,0,4,0,2,21,0,0.1891891891891892,1
0,105000.0,0.0,1255,166,11,1,17,1,1,0,0,0,0,0,0,1,1,0,0,0,5,1,4,2,0,0.14,1
1,102250.0,0.23706896551724138,1268,169,11,1,19,3,0,0,0,0,0,1,0,0,0,1,1,0,3,0,6,7,1,0.12,1
0,105000.0,0.0,1112,145,11,1,18,3,0,1,0,0,0,0,0,1,1,0,1,0,4,0,3,14,0,0.045454545454545456,0
1,145250.0,0.30612244897959184,668,89,6,1,17,5,0,0,0,1,0,0,0,0,1,0,1,0,3,0,5,8,1,0.06896551724137931,0
1,223250.0,0.34629629629629627,713,96,6,1,32,3,0,0,1,0,0,0,0,0,0,1,1,0,3,0,6,10,1,0.08928571428571429,0
0,105000.0,0.0,689,96,6,1,14,4,0,0,0,0,1,0,0,0,0,1,1,0,5,0,3,7,0,0.0,0
1,71750.0,0.3505747126436782,1122,148,11,1,35,5,0,0,0,1,0,0,0,0,0,1,1,0,4,0,6,6,1,0.1568627450980392,1
0,105000.0,0.0,695,93,6,1,14,3,0,0,0,0,1,0,0,0,1,0,1,0,4,1,4,21,0,0.040268456375838924,0
1,102564.8,0.20185995623632386,951,129,10,1,32,2,0,0,0,1,0,0,0,0,1,0,0,1,6,0,2,9,0,0.07407407407407407,0
1,100250.0,0.31512605042016806,750,97,6,1,19,3,0,0,0,0,0,1,0,1,0,0,1,0,6,0,2,23,0,0.22972972972972974,1
1,62753.600000000006,0.392647842301545,770,100,6,1,28,3,0,0,0,0,0,0,1,0,0,0,1,0,5,1,3,22,0,0.14556962025316456,1
1,90500.0,0.308411214953271,812,117,10,1,13,1,0,0,0,1,0,0,0,0,1,0,1,0,3,1,1,9,0,0.05128205128205128,0
1,71250.0,0.18471337579617833,873,119,10,1,28,3,0,0,0,0,0,0,1,0,0,1,1,0,3,0,2,8,0,0.13636363636363635,1
1,177500.0,0.2973621103117506,1095,145,11,1,25,3,0,1,0,0,0,0,0,0,0,1,1,0,3,1,1,0,0,0.11956521739130435,1
0,105000.0,0.0,675,92,6,1,19,4,1,0,0,0,0,0,0,0,1,0,1,0,3,0,6,1,1,0.029411764705882353,0
1,74172.79999999999,0.3346567024754788,734,96,6,1,28,1,0,0,0,1,0,0,0,0,1,0,0,1,4,0,5,13,1,0.06818181818181818,0
1,183750.0,0.35570469798657717,688,94,6,1,13,4,0,1,0,0,0,0,0,0,0,0,0,0,5,0,0,23,0,0.06578947368421052,0
1,57750.0,0.27611940298507465,872,123,10,1,19,1,0,0,0,0,0,1,0,0,0,0,1,0,4,0,0,15,0,0.21951219512195122,1
1,59000.0,0.1984732824427481,729,96,6,1,28,1,0,0,0,0,0,0,1,0,1,0,1,0,4,1,2,19,0,0.12213740458015267,1
1,146000.0,0.21951219512195122,903,120,6,1,19,4,0,0,0,0,0,1,0,0,0,1,1,0,6,1,5,9,1,0.046511627906976744,0
1,129750.0,0.34185303514376997,752,99,6,1,17,5,0,0,0,1,0,0,0,0,1,0,1,0,6,0,1,10,0,0.044444444444444446,0
1,132000.0,0.37538461538461537,652,88,6,1,14,3,0,0,1,0,0,0,0,1,0,1,1,0,3,1,1,21,0,0.08,0
0,105000.0,0.0,1041,144,10,1,19,3,0,0,0,0,0,1,0,1,0,1,1,0,5,0,1,11,0,0.10843373493975904,1
1,145250.0,0.2911764705882353,699,94,6,1,13,3,0,1,0,0,0,0,0,1,0,1,1,0,7,0,1,8,0,0.11428571428571428,1
1,204250.0,0.28,885,123,6,1,14,4,0,0,0,0,1,0,0,0,1,0,0,0,6,0,1,20,0,0.03773584905660377,0
1,110000.0,0.3763837638376384,889,124,10,1,14,4,0,0,0,0,1,0,0,1,0,0,1,0,6,0,5,1,1,0.13966480446927373,1
1,74250.0,0.3945945945945946,726,100,6,1,14,1,0,0,1,0,0,0,0,0,0,1,1,0,6,1,1,11,0,0.13970588235294118,1
1,68250.0,0.375,1277,169,11,1,15,0,0,0,1,0,0,0,0,0,1,0,1,0,6,0,3,20,0,0.16243654822335024,1
0,105000.0,0.0,1094,144,11,1,16,3,0,0,1,0,0,0,0,1,0,1,0,0,3,1,2,10,0,0.07621951219512195,0
1,316250.0,0.25757575757575757,681,90,6,1,25,5,0,1,0,0,0,0,0,0,0,1,0,0,3,0,4,3,0,0.021505376344086023,0
1,79000.0,0.24444444444444444,843,118,10,1,14,4,0,0,0,0,1,0,0,0,0,1,1,0,4,1,6,22,1,0.08571428571428572,0
1,209000.0,0.30425963488843816,702,95,6,1,13,3,0,1,0,0,0,0,0,0,1,0,1,0,6,0,2,17,0,0.11428571428571428,1
1,101250.0,0.24675324675324675,1108,147,11,1,12,1,0,1,0,0,0,0,0,0,0,1,1,0,6,0,1,16,0,0.17073170731707318,1
1,170000.0,0.2198952879581152,1119,147,11,1,25,3,0,1,0,0,0,0,0,0,0,1,1,0,5,1,1,20,0,0.09,0
0,105000.0,0.0,712,95,6,1,13,5,0,1,0,0,0,0,0,0,1,0,1,0,6,0,2,23,0,0.0,0
1,86750.0,0.2474747474747475,694,95,6,1,14,2,0,0,0,0,1,0,0,1,0,0,1,0,4,1,4,11,0,0.07692307692307693,0
0,105000.0,0.0,912,124,10,1,17,5,0,0,0,1,0,0,0,0,0,1,1,0,5,1,3,4,0,0.10869565217391304,1
0,105000.0,0.0,653,86,6,1,13,4,0,1,0,0,0,0,0,0,0,1,1,0,3,0,2,11,0,0.038461538461538464,0
1,173700.80000000002,0.2032056798623064,1051,141,10,1,23,3,0,1,0,0,0,0,0,1,0,0,1,0,6,0,6,19,1,0.16129032258064516,1
1,52000.0,0.36220472440944884,917,127,10,1,19,1,0,0,0,0,0,1,0,0,0,1,1,0,6,0,5,23,1,0.2,1
1,124000.0,0.29553264604810997,1124,148,11,1,29,3,0,0,1,0,0,0,0,0,1,0,0,1,4,0,2,7,0,0.07692307692307693,0
1,67750.0,0.18120805369127516,920,129,10,1,18,2,0,0,0,0,1,0,0,0,0,0,1,0,7,1,5,9,1,0.15702479338842976,1
1,138000.0,0.2364217252396166,680,92,6,1,19,4,1,0,0,0,0,0,0,0,0,1,1,0,4,0,2,6,0,0.07894736842105263,0
1,48250.0,0.39166666666666666,1273,167,11,1,24,1,0,0,0,0,0,0,1,0,0,1,0,1,4,1,3,1,0,0.17777777777777778,1
0,105000.0,0.0,872,119,6,1,12,3,0,1,0,0,0,0,0,1,1,0,1,0,6,1,3,9,0,0.04792332268370607,0
1,143750.0,0.37110481586402266,820,116,10,1,15,2,1,0,0,0,0,0,0,1,1,0,1,0,4,1,0,4,0,0.10778443113772455,1
1,79750.0,0.266304347826087,1024,144,10,1,19,2,0,0,0,0,0,1,0,0,1,0,1,0,4,0,2,2,0,0.1111111111111111,1
1,107500.0,0.3137254901960784,868,121,10,1,32,3,0,0,1,0,0,0,0,1,0,1,1,0,3,0,6,23,1,0.1686746987951807,1
1,181500.0,0.2589928057553957,859,118,6,1,25,1,1,0,0,0,0,0,0,1,0,1,1,0,5,0,2,23,0,0.09803921568627451,0
1,94750.0,0.34497816593886466,868,121,10,1,19,3,0,0,0,0,0,1,0,0,0,0,1,0,4,1,4,3,0,0.16023738872403562,1
1,163250.0,0.3756218905472637,1001,141,10,1,19,4,1,0,0,0,0,0,0,0,0,1,0,1,4,0,3,15,0,0.061224489795918366,0
0,105000.0,0.0,1011,140,10,1,25,1,0,0,1,0,0,0,0,0,0,0,1,0,4,1,1,18,0,0.06293706293706294,0
1,138000.0,0.3067484662576687,1291,170,11,1,16,3,0,0,1,0,0,0,0,0,0,0,1,0,7,0,2,22,0,0.05660377358490566,0
0,105000.0,0.0,1261,168,11,1,17,3,1,0,0,0,0,0,0,0,1,0,1,0,3,0,5,14,1,0.05128205128205128,0
1,100776.0,0.2554915376305365,723,96,6,1,33,2,1,0,0,0,0,0,0,0,0,0,1,0,5,0,2,23,0,0.25,1
1,106250.0,0.39015151515151514,694,93,6,1,19,3,0,0,0,0,0,1,0,0,1,0,1,0,4,0,5,0,1,0.0967741935483871,0
1,95250.0,0.3577586206896552,655,89,6,1,18,2,0,0,0,0,1,0,0,0,1,0,0,0,3,0,6,7,1,0.09090909090909091,0
1,75296.0,0.2902007083825266,720,93,6,1,28,2,0,0,0,0,0,0,1,0,1,0,1,0,4,0,3,9,0,0.23076923076923078,1
1,168250.0,0.25647668393782386,817,115,10,1,18,2,1,0,0,0,0,0,0,0,1,0,1,0,3,0,1,19,0,0.0958904109589041,0
1,145250.0,0.3770949720670391,838,119,10,1,15,2,0,0,1,0,0,0,0,0,1,0,0,0,4,1,4,22,0,0.05405405405405406,0
1,187500.0,0.3031674208144796,882,118,6,1,33,3,1,0,0,0,0,0,0,0,0,1,1,0,6,0,0,2,0,0.16216216216216217,1
0,105000.0,0.0,699,96,6,1,14,4,0,0,0,0,1,0,0,1,0,1,1,0,5,0,1,23,0,0.05263157894736842,0
1,128250.0,0.3125,838,119,10,1,13,1,0,1,0,0,0,0,0,0,1,0,0,1,5,0,5,20,1,0.09836065573770492,0
1,90500.0,0.3004694835680751,1140,150,11,1,16,1,0,0,1,0,0,0,0,1,0,0,1,0,7,0,0,17,0,0.16216216216216217,1
1,52750.0,0.2845528455284553,747,96,6,1,24,2,0,0,0,0,0,0,1,1,0,1,1,0,5,1,6,5,1,0.12173913043478261,1
1,44250.0,0.24752475247524752,862,114,6,1,24,1,0,0,0,0,0,0,1,1,0,1,1,0,4,0,0,21,0,0.34552845528455284,1
1,78500.0,0.38974358974358975,874,120,10,1,22,4,0,0,0,0,0,1,0,0,0,1,1,0,4,0,5,0,1,0.15789473684210525,1
1,45250.0,0.3394495412844037,914,125,10,1,20,0,0,0,0,0,0,1,0,0,0,1,1,0,6,1,3,8,0,0.13333333333333333,1
1,91250.0,0.3256880733944954,930,120,6,1,28,3,0,0,0,0,0,0,1,0,1,0,1,0,5,1,5,1,1,0.12244897959183673,1
0,105000.0,0.0,906,118,6,1,24,4,0,0,0,0,0,0,1,0,0,1,0,1,5,1,0,10,0,0.0673758865248227,0
0,105000.0,0.0,844,110,6,1,25,2,0,1,0,0,0,0,0,1,1,0,1,0,3,0,6,15,1,0.06,0
1,56250.0,0.2692307692307692,812,108,6,1,18,1,0,0,1,0,0,0,0,0,0,1,1,0,3,0,1,4,0,0.2,1
1,103500.0,0.2821576763485477,910,123,10,1,28,3,0,0,0,0,0,0,1,1,1,0,1,0,4,0,6,20,1,0.14666666666666667,1
1,78750.0,0.2786885245901639,727,98,6,1,26,4,0,0,0,0,1,0,0,0,0,0,0,1,5,0,2,4,0,0.11538461538461539,1
1,151000.0,0.2840909090909091,1302,172,11,1,32,4,0,0,0,1,0,0,0,0,0,1,1,0,5,0,3,16,0,0.07142857142857142,0
1,59750.0,0.35172413793103446,1098,146,11,1,22,4,0,0,0,0,0,1,0,1,0,1,1,0,3,0,0,0,0,0.15702479338842976,1
0,105000.0,0.0,985,139,10,1,24,1,0,0,0,0,1,0,0,0,0,1,1,0,3,1,2,14,0,0.06481481481481481,0
0,105000.0,0.0,1050,145,10,1,17,5,0,0,0,1,0,0,0,0,0,1,1,0,5,0,3,7,0,0.014285714285714285,0
1,97000.0,0.25225225225225223,1117,149,11,1,24,2,0,0,0,0,1,0,0,0,1,0,1,0,4,1,3,2,0,0.08287292817679558,0
1,104750.0,0.36328125,750,98,6,1,28,3,0,0,0,1,0,0,0,0,0,0,0,1,4,0,2,22,0,0.023255813953488372,0
0,105000.0,0.0,1290,172,11,1,28,5,0,0,0,1,0,0,0,1,1,0,1,0,4,0,3,8,0,0.021739130434782608,0
1,63750.0,0.21678321678321677,930,124,10,1,28,2,0,0,0,0,0,0,1,0,0,1,1,0,5,0,4,3,0,0.07874015748031496,0
0,105000.0,0.0,755,98,6,1,28,1,0,0,0,0,0,0,1,0,0,1,1,0,5,0,4,15,0,0.11904761904761904,1
1,69250.0,0.3609467455621302,736,98,6,1,18,1,0,0,0,0,1,0,0,0,0,1,1,0,6,1,4,10,0,0.07142857142857142,0
1,66750.0,0.3719512195121951,1066,148,10,1,18,1,0,0,0,0,1,0,0,0,0,1,1,0,7,0,4,11,0,0.18421052631578946,1
0,105000.0,0.0,848,119,10,1,19,5,0,0,0,0,0,1,0,0,0,0,1,0,4,0,3,16,0,0.058823529411764705,0
0,105000.0,0.0,883,121,10,1,31,1,0,0,0,0,0,0,1,1,0,0,0,0,3,0,2,1,0,0.11627906976744186,1
1,128250.0,0.34516129032258064,1108,147,11,1,18,2,1,0,0,0,0,0,0,0,0,1,0,0,6,0,2,23,0,0.0,0
1,111500.0,0.23715415019762845,1109,145,11,1,16,1,0,0,1,0,0,0,0,0,1,0,1,0,3,1,2,18,0,0.07777777777777778,0
1,82721.6,0.2233638597274961,1249,166,11,1,14,1,0,0,1,0,0,0,0,0,0,1,1,0,3,1,4,3,0,0.06593406593406594,0
0,105000.0,0.0,886,122,10,1,15,1,0,0,1,0,0,0,0,0,0,1,1,0,5,1,5,7,1,0.06451612903225806,0
1,99750.0,0.3512396694214876,862,121,10,1,13,3,0,0,0,1,0,0,0,0,0,1,1,0,4,1,5,19,1,0.11764705882352941,1
0,105000.0,0.0,702,91,6,1,24,2,0,0,0,0,0,0,1,1,0,0,1,0,3,0,1,7,0,0.10317460317460317,0
0,105000.0,0.0,1128,148,11,1,18,0,0,0,0,0,1,0,0,0,0,1,1,0,5,0,6,16,1,0.17142857142857143,1
1,65291.200000000004,0.3012178619756428,1030,144,10,1,13,1,0,0,0,1,0,0,0,0,0,1,1,0,5,0,1,18,0,0.07508532423208192,0
0,105000.0,0.0,948,129,10,1,32,5,0,0,0,1,0,0,0,0,1,0,0,1,6,0,3,19,0,0.0,0
1,67250.0,0.3597560975609756,678,91,6,1,20,1,0,0,0,0,0,1,0,0,1,0,0,0,3,0,5,21,1,0.17272727272727273,1
1,93329.59999999999,0.2787262612699022,898,124,10,1,25,1,0,0,1,0,0,0,0,1,0,0,1,0,5,0,0,0,0,0.07272727272727272,0
0,105000.0,0.0,712,96,6,1,18,0,1,0,0,0,0,0,0,1,0,1,0,0,7,0,0,5,0,0.08695652173913043,0
1,65000.0,0.20689655172413793,881,116,6,1,18,2,0,0,1,0,0,0,0,1,0,0,0,0,4,0,6,6,1,0.11764705882352941,1
1,38250.0,0.31868131868131866,1063,144,10,1,20,0,0,0,0,0,0,1,0,0,0,1,1,0,6,1,1,12,0,0.25675675675675674,1
0,105000.0,0.0,1290,173,11,1,25,1,1,0,0,0,0,0,0,1,0,0,1,0,7,0,4,11,0,0.0783132530120482,0
0,105000.0,0.0,1126,147,11,1,22,3,0,0,0,0,0,1,0,0,0,1,1,0,5,0,1,12,0,0.037383177570093455,0
1,193000.0,0.2767857142857143,663,90,6,1,12,4,0,1,0,0,0,0,0,0,0,1,1,0,4,0,5,18,1,0.04878048780487805,0
1,136750.0,0.30124223602484473,1261,166,11,1,25,2,0,1,0,0,0,0,0,0,1,0,1,0,4,0,1,18,0,0.22413793103448276,1
1,76500.0,0.23121387283236994,1148,152,11,1,24,1,0,0,0,0,1,0,0,0,1,0,0,1,7,0,5,1,1,0.1724137931034483,1
0,105000.0,0.0,1291,169,11,1,31,2,0,0,0,0,0,0,1,1,0,1,1,0,5,0,4,17,0,0.12727272727272726,1
1,117750.0,0.32978723404255317,1256,168,11,1,21,4,1,0,0,0,0,0,0,1,0,0,1,0,6,0,5,21,1,0.19491525423728814,1
1,83250.0,0.22872340425531915,1150,152,11,1,26,4,0,0,0,0,1,0,0,0,1,0,0,1,7,1,3,13,0,0.10714285714285714,1
1,172000.0,0.3260340632603406,1120,147,11,1,33,4,1,0,0,0,0,0,0,1,0,1,0,1,5,0,3,4,0,0.07142857142857142,0
1,83250.0,0.3181818181818182,638,85,6,1,16,1,0,0,1,0,0,0,0,1,0,0,1,0,3,0,3,20,0,0.17346938775510204,1
1,68250.0,0.375,892,125,10,1,24,1,0,0,0,0,1,0,0,0,0,0,1,0,5,0,0,10,0,0.20833333333333334,1
0,105000.0,0.0,934,130,10,1,19,4,1,0,0,0,0,0,0,1,0,1,1,0,7,1,6,7,1,0.032432432432432434,0
1,128250.0,0.33980582524271846,1099,153,10,1,15,3,0,0,1,0,0,0,0,1,0,1,1,0,7,0,2,12,0,0.15789473684210525,1
1,104500.0,0.28688524590163933,1109,147,11,1,35,5,0,0,0,1,0,0,0,0,0,1,1,0,3,1,0,14,0,0.05027932960893855,0
0,105000.0,0.0,908,120,6,1,28,1,0,0,0,0,0,0,1,0,1,0,0,0,4,1,5,22,1,0.09836065573770492,0
1,206000.0,0.3486973947895792,733,99,6,1,14,3,0,0,1,0,0,0,0,0,1,0,1,0,6,0,4,20,0,0.1568627450980392,1
1,84250.0,0.32338308457711445,848,116,10,1,22,3,0,0,0,0,0,1,0,1,0,1,1,0,4,1,0,10,0,0.15126050420168066,1
1,191817.6,0.33366461872063613,750,102,6,1,16,4,0,0,1,0,0,0,0,1,0,0,1,0,6,1,2,20,0,0.06569343065693431,0
0,105000.0,0.0,707,92,6,1,24,4,0,0,0,0,0,0,1,0,0,0,1,0,3,1,2,21,0,0.030120481927710843,0
1,131750.0,0.36335403726708076,1061,146,10,1,25,3,0,1,0,0,0,0,0,0,0,0,1,0,6,0,3,4,0,0.09090909090909091,0
1,120500.0,0.259927797833935,776,101,6,1,29,3,0,0,1,0,0,0,0,1,1,0,1,0,6,0,0,2,0,0.18085106382978725,1
0,105000.0,0.0,1300,172,11,1,22,4,0,0,0,0,0,1,0,0,0,0,1,0,5,0,6,11,1,0.16,1
0,105000.0,0.0,832,116,10,1,17,3,1,0,0,0,0,0,0,1,0,1,0,0,4,0,6,2,1,0.13513513513513514,1
0,105000.0,0.0,754,98,6,1,25,2,0,1,0,0,0,0,0,1,1,0,1,0,7,0,1,3,0,0.03076923076923077,0
0,105000.0,0.0,746,98,6,1,28,1,0,0,0,1,0,0,0,1,0,1,1,0,5,0,4,18,0,0.075,0
1,56750.0,0.25384615384615383,1112,147,11,1,24,1,0,0,0,0,0,0,1,0,1,0,0,0,3,0,0,11,0,0.19607843137254902,1
1,59250.0,0.21804511278195488,741,100,6,1,32,3,0,0,1,0,0,0,0,1,0,1,0,0,5,0,4,0,0,0.15522388059701492,1
1,75358.4,0.2046580773042616,848,118,10,1,22,4,0,0,0,0,0,1,0,0,1,0,1,0,3,1,3,2,0,0.17391304347826086,1
1,78500.0,0.19540229885057472,745,98,6,1,28,2,0,0,0,1,0,0,0,0,0,1,1,0,5,1,5,22,1,0.06028368794326241,0
0,105000.0,0.0,1136,149,11,1,33,4,1,0,0,0,0,0,0,1,1,0,0,0,7,1,4,3,0,0.06837606837606838,0
0,105000.0,0.0,1146,151,11,1,16,2,0,0,1,0,0,0,0,1,0,0,0,0,7,0,4,12,0,0.0975609756097561,0
0,105000.0,0.0,726,96,6,1,28,2,0,0,0,1,0,0,0,0,0,1,1,0,4,0,2,13,0,0.01818181818181818,0
0,105000.0,0.0,689,92,6,1,18,4,1,0,0,0,0,0,0,0,1,0,1,0,5,0,0,0,0,0.013513513513513514,0
1,96844.8,0.3562224183583407,1128,148,11,1,28,2,0,0,0,1,0,0,0,1,0,0,0,0,4,0,4,11,0,0.1366120218579235,1
1,45000.0,0.3783783783783784,705,92,6,1,28,1,0,0,0,0,0,0,1,0,0,1,0,0,3,0,1,14,0,0.2072072072072072,1
0,105000.0,0.0,705,92,6,1,31,2,0,0,0,0,0,0,1,0,0,0,1,0,3,0,2,15,0,0.11538461538461539,1
1,108250.0,0.34099616858237547,857,119,10,1,18,2,0,1,0,0,0,0,0,0,0,0,1,0,5,0,4,12,0,0.15789473684210525,1
1,88500.0,0.22110552763819097,1083,146,10,1,28,2,0,0,0,1,0,0,0,1,0,1,1,0,5,1,6,21,1,0.0958904109589041,0
1,44750.0,0.3113207547169811,1069,147,10,1,35,5,0,0,0,1,0,0,0,0,0,0,1,0,4,0,5,10,1,0.03571428571428571,0
1,76000.0,0.3915343915343915,766,98,6,1,28,3,0,0,0,0,0,0,1,0,0,1,1,0,5,0,3,22,0,0.10833333333333334,1
1,102000.0,0.3937007874015748,1288,168,11,1,25,2,0,1,0,0,0,0,0,0,0,1,1,0,7,0,0,3,0,0.140625,1
0,105000.0,0.0,1110,147,11,1,25,4,0,0,0,1,0,0,0,1,0,0,1,0,4,0,1,22,0,0.043478260869565216,0
0,105000.0,0.0,894,122,10,1,14,1,0,1,0,0,0,0,0,0,0,1,1,0,7,1,4,7,0,0.06498194945848375,0
1,121250.0,0.18352059925093633,1057,147,10,1,12,2,0,1,0,0,0,0,0,1,0,1,1,0,7,0,5,22,1,0.13114754098360656,1
0,105000.0,0.0,1096,143,11,1,22,3,0,0,0,0,0,1,0,0,0,1,1,0,3,0,0,23,0,0.05228758169934641,0
0,105000.0,0.0,1099,146,11,1,14,0,0,1,0,0,0,0,0,1,0,1,1,0,5,1,3,17,0,0.2073170731707317,1
1,114000.0,0.25287356321839083,1269,169,11,1,19,4,1,0,0,0,0,0,0,1,0,0,1,0,5,1,1,17,0,0.06722689075630252,0
0,105000.0,0.0,1122,147,11,1,29,3,0,0,1,0,0,0,0,1,0,1,1,0,5,1,0,3,0,0.1276595744680851,1
0,105000.0,0.0,748,96,6,1,28,4,0,0,0,0,0,0,1,0,0,0,0,0,4,0,5,11,1,0.06818181818181818,0
1,81500.0,0.22826086956521738,847,114,6,1,26,4,0,0,0,0,1,0,0,0,0,0,1,0,3,0,2,12,0,0.14423076923076922,1
1,103000.0,0.3968871595330739,897,122,6,1,18,3,0,0,0,0,1,0,0,0,0,1,1,0,7,1,4,14,0,0.06134969325153374,0
0,105000.0,0.0,1047,144,10,1,15,2,0,0,1,0,0,0,0,0,0,0,0,0,6,1,3,10,0,0.07894736842105263,0
1,131750.0,0.23745819397993312,1144,151,11,1,16,3,0,0,1,0,0,0,0,1,0,0,1,0,7,1,1,22,0,0.1111111111111111,1
0,105000.0,0.0,1300,170,11,1,32,1,0,0,0,1,0,0,0,0,0,1,0,0,5,1,0,6,0,0.03482587064676617,0
1,100250.0,0.35655737704918034,920,125,10,1,25,1,0,1,0,0,0,0,0,0,0,1,1,0,7,1,6,11,1,0.13309352517985612,1
1,210000.0,0.30985915492957744,871,119,6,1,19,3,1,0,0,0,0,0,0,0,1,0,1,0,7,0,1,0,0,0.10852713178294573,1
0,105000.0,0.0,876,114,6,1,25,1,0,0,1,0,0,0,0,0,0,1,1,0,4,0,3,14,0,0.06666666666666667,0
1,69250.0,0.3006134969325153,727,94,6,1,28,3,0,0,0,0,0,0,1,0,0,1,1,0,3,1,4,19,0,0.12280701754385964,1
0,105000.0,0.0,1295,171,11,1,28,3,0,0,0,1,0,0,0,0,0,1,1,0,6,1,6,3,1,0.0761904761904762,0
1,72250.0,0.37640449438202245,902,127,10,1,24,2,0,0,0,0,1,0,0,0,0,1,1,0,5,1,3,10,0,0.21052631578947367,1
1,55500.0,0.224,1135,150,11,1,24,0,0,0,0,0,1,0,0,1,0,0,1,0,6,1,2,15,0,0.2692307692307692,1
1,74838.4,0.3536948066803935,1115,147,11,1,28,2,0,0,0,1,0,0,0,0,0,0,1,0,3,0,0,1,0,0.12121212121212122,1
1,48110.4,0.27864583333333326,1124,146,11,1,20,1,0,0,0,0,0,1,0,0,0,0,0,0,4,1,3,17,0,0.14939024390243902,1
1,63750.0,0.28859060402684567,670,88,6,1,20,1,0,0,0,0,0,1,0,1,0,1,1,0,4,0,4,11,0,0.232,1
1,146750.0,0.3873626373626374,1129,149,11,1,25,4,0,0,0,1,0,0,0,0,1,0,1,0,4,1,5,9,1,0.0880503144654088,0
1,134500.0,0.3940298507462687,894,119,6,1,16,2,0,0,1,0,0,0,0,0,1,0,1,0,5,1,6,10,1,0.06030150753768844,0
0,105000.0,0.0,747,102,6,1,19,4,1,0,0,0,0,0,0,0,0,0,1,0,6,0,0,16,0,0.08139534883720931,0
1,59000.0,0.3724137931034483,1146,150,11,1,17,5,0,0,0,1,0,0,0,1,0,1,1,0,6,1,5,4,1,0.10638297872340426,0
1,80250.0,0.3869346733668342,1267,167,11,1,24,3,0,0,0,0,0,0,1,0,0,1,1,0,3,0,0,11,0,0.12878787878787878,1
0,105000.0,0.0,1139,148,11,1,28,2,0,0,0,0,0,0,1,0,0,1,0,0,5,0,6,16,1,0.08974358974358974,0
0,105000.0,0.0,1022,141,10,1,26,4,0,0,0,0,1,0,0,1,0,0,1,0,4,0,5,5,1,0.0625,0
1,154750.0,0.24147727272727273,1107,147,11,1,21,4,1,0,0,0,0,0,0,0,1,0,1,0,6,0,4,22,0,0.043478260869565216,0
0,105000.0,0.0,880,123,10,1,35,5,0,0,0,1,0,0,0,1,0,0,0,0,3,1,4,12,0,0.07575757575757576,0
0,105000.0,0.0,1233,165,11,1,17,3,0,1,0,0,0,0,0,1,0,0,0,0,3,1,4,10,0,0.10508474576271186,0
1,154250.0,0.27170868347338933,856,114,6,1,18,3,1,0,0,0,0,0,0,0,0,1,1,0,4,1,4,4,0,0.14705882352941177,1
1,186750.0,0.3760869565217391,1123,148,11,1,25,1,0,0,1,0,0,0,0,0,1,0,1,0,5,0,1,22,0,0.1095890410958904,1
1,287000.0,0.2992592592592593,1084,143,11,1,23,4,0,1,0,0,0,0,0,0,1,0,1,0,3,1,3,11,0,0.04,0
1,79250.0,0.35751295336787564,1262,167,11,1,19,3,0,0,0,0,0,1,0,0,0,0,1,0,4,0,3,16,0,0.1935483870967742,1
1,127000.0,0.27796610169491526,1016,143,10,1,24,3,1,0,0,0,0,0,0,0,1,0,1,0,6,1,4,21,0,0.12121212121212122,1
1,137750.0,0.23961661341853036,792,105,6,1,32,3,0,0,1,0,0,0,0,1,0,0,1,0,7,0,4,21,0,0.13157894736842105,1
1,153000.0,0.3047091412742382,845,117,10,1,25,3,0,1,0,0,0,0,0,0,0,1,0,1,3,0,5,21,1,0.0625,0
0,105000.0,0.0,1111,152,10,1,28,2,0,0,0,1,0,0,0,0,1,0,1,0,6,0,6,12,1,0.02631578947368421,0
0,105000.0,0.0,1263,167,11,1,13,2,0,1,0,0,0,0,0,1,0,1,1,0,6,0,1,15,0,0.10526315789473684,0
1,163750.0,0.3501259445843829,781,102,6,1,32,4,0,0,0,1,0,0,0,0,0,0,0,0,6,0,0,14,0,0.02040816326530612,0
0,105000.0,0.0,1254,168,11,1,14,0,0,0,0,0,1,0,0,0,0,1,0,0,4,0,6,12,1,0.07407407407407407,0
1,200000.0,0.24945295404814005,1124,149,11,1,15,4,0,0,1,0,0,0,0,0,0,0,1,0,5,1,3,9,0,0.025,0
0,105000.0,0.0,758,96,6,1,33,4,1,0,0,0,0,0,0,0,0,1,1,0,7,0,4,10,0,0.03278688524590164,0
1,222250.0,0.3806921675774135,721,97,6,1,13,3,0,1,0,0,0,0,0,0,1,0,1,0,7,0,3,18,0,0.14925373134328357,1
0,105000.0,0.0,879,120,6,1,25,2,1,0,0,0,0,0,0,0,0,1,0,1,6,1,2,4,0,0.05263157894736842,0
1,117250.0,0.23684210526315788,961,137,10,1,14,3,0,0,0,0,1,0,0,1,0,1,1,0,3,0,5,15,1,0.07692307692307693,0
0,105000.0,0.0,1111,146,11,1,25,1,0,1,0,0,0,0,0,0,1,0,1,0,5,0,4,1,0,0.075,0
0,105000.0,0.0,1137,148,11,1,24,1,0,0,0,0,0,0,1,0,0,1,1,0,5,0,4,2,0,0.08,0
1,176000.0,0.3157894736842105,670,90,6,1,24,3,1,0,0,0,0,0,0,1,0,1,1,0,4,0,5,4,1,0.11538461538461539,1
0,105000.0,0.0,1268,169,11,1,14,4,0,0,0,0,1,0,0,0,0,0,1,0,6,0,4,10,0,0.0958904109589041,0
0,105000.0,0.0,1005,141,10,1,13,3,0,0,0,1,0,0,0,0,1,0,1,0,3,1,6,3,1,0.04827586206896552,0
0,105000.0,0.0,1123,146,11,1,23,3,0,1,0,0,0,0,0,0,1,0,1,0,6,1,5,19,1,0.014705882352941176,0
1,99500.0,0.38866396761133604,737,94,6,1,20,3,0,0,0,0,0,1,0,0,0,1,0,0,5,0,0,7,0,0.08163265306122448,0
0,105000.0,0.0,916,125,10,1,21,2,0,1,0,0,0,0,0,1,1,0,1,0,7,0,2,16,0,0.020833333333333332,0
1,119250.0,0.20676691729323307,800,110,6,1,15,2,1,0,0,0,0,0,0,0,0,1,0,1,5,0,2,13,0,0.13761467889908258,1
1,109750.0,0.28515625,921,124,6,1,32,3,0,0,1,0,0,0,0,0,0,1,1,0,6,0,0,10,0,0.03333333333333333,0
1,336000.0,0.24771838331160365,816,114,10,1,14,5,0,1,0,0,0,0,0,1,0,0,0,1,3,0,3,11,0,0.0967741935483871,0
1,56500.0,0.2878787878787879,841,112,6,1,24,2,0,0,0,0,0,0,1,0,0,1,1,0,3,1,0,22,0,0.10236220472440945,0
1,140171.2,0.19111528653871965,1129,148,11,1,25,1,0,0,1,0,0,0,0,0,0,1,0,0,5,0,0,10,0,0.0392156862745098,0
1,78500.0,0.22598870056497175,887,120,6,1,26,4,0,0,0,0,1,0,0,0,0,1,1,0,6,0,2,8,0,0.09210526315789473,0
1,77000.0,0.32608695652173914,1268,169,11,1,19,2,0,0,0,0,0,1,0,0,1,0,1,0,3,0,2,3,0,0.12087912087912088,1
1,113500.0,0.20553359683794467,1131,150,11,1,24,3,0,0,0,0,1,0,0,1,0,1,0,1,6,0,4,7,0,0.11538461538461539,1
1,79750.0,0.1977401129943503,1111,146,11,1,28,3,0,0,0,0,0,0,1,0,0,1,1,0,3,1,6,13,1,0.14555256064690028,1
0,105000.0,0.0,866,118,10,1,32,1,0,0,0,1,0,0,0,0,1,0,0,0,3,1,5,9,1,0.08888888888888889,0
1,142750.0,0.28012048192771083,870,121,10,1,25,4,0,0,0,1,0,0,0,0,0,0,1,0,3,0,2,15,0,0.017857142857142856,0
1,171000.0,0.3111111111111111,1236,164,11,1,24,3,1,0,0,0,0,0,0,0,0,1,0,0,3,0,2,10,0,0.0784313725490196,0
1,167250.0,0.21122994652406418,868,117,6,1,18,2,1,0,0,0,0,0,0,0,1,0,1,0,7,0,3,18,0,0.10943396226415095,1
1,49982.4,0.2978045325779037,707,90,6,1,22,1,0,0,0,0,0,1,0,0,0,0,1,0,4,1,5,1,1,0.1388888888888889,1
1,93750.0,0.3108108108108108,922,124,10,1,35,5,0,0,0,1,0,0,0,1,0,1,1,0,4,0,3,2,0,0.15178571428571427,1
1,134500.0,0.3446153846153846,875,118,6,1,16,3,0,0,1,0,0,0,0,0,0,1,1,0,5,1,5,1,1,0.05806451612903226,0
0,105000.0,0.0,842,110,6,1,17,5,0,0,0,1,0,0,0,1,0,1,1,0,3,0,3,23,0,0.01904761904761905,0
1,135000.0,0.18791946308724833,1116,147,11,1,18,2,0,1,0,0,0,0,0,1,1,0,1,0,6,0,5,17,1,0.18128654970760233,1
1,80500.0,0.2594594594594595,834,112,6,1,24,2,0,0,0,0,1,0,0,0,0,1,1,0,3,1,1,21,0,0.07608695652173914,0
1,125860.8,0.3374089847506527,834,116,10,1,18,2,1,0,0,0,0,0,0,0,0,1,1,0,4,1,6,18,1,0.13385826771653545,1
1,150750.0,0.28205128205128205,880,123,10,1,18,2,0,1,0,0,0,0,0,0,1,0,0,0,7,0,1,5,0,0.08870967741935484,0
1,73652.79999999999,0.1829612522453169,887,124,6,1,24,2,0,0,0,0,1,0,0,0,0,1,1,0,5,1,3,23,0,0.047619047619047616,0
1,45500.0,0.3893805309734513,848,117,10,1,24,1,0,0,0,0,0,0,1,0,0,1,1,0,3,1,1,19,0,0.17647058823529413,1
1,162718.4,0.35571668768390075,1093,146,11,1,12,3,0,1,0,0,0,0,0,1,0,0,1,0,5,0,1,1,0,0.20238095238095238,1
1,110500.0,0.35687732342007433,904,125,10,1,32,3,0,0,0,1,0,0,0,0,0,1,1,0,5,1,5,13,1,0.058823529411764705,0
1,270000.0,0.31513260530421217,702,95,6,1,12,4,0,1,0,0,0,0,0,0,1,0,1,0,6,1,0,4,0,0.058823529411764705,0
1,116896.0,0.1927962694967036,851,118,6,1,24,3,0,0,0,0,1,0,0,1,0,1,0,1,4,0,3,13,0,0.13043478260869565,1
1,94000.0,0.2672811059907834,814,108,6,1,33,4,1,0,0,0,0,0,0,1,0,0,1,0,3,0,4,15,0,0.10294117647058823,0
1,54750.0,0.21951219512195122,709,94,6,1,19,1,0,0,0,0,0,1,0,1,0,0,1,0,5,0,3,22,0,0.125,1
1,68000.0,0.3905325443786982,964,138,10,1,13,2,0,0,0,1,0,0,0,0,0,0,0,0,3,1,2,12,0,0.06741573033707865,0
1,101171.2,0.3114042700919979,950,128,6,1,25,1,0,0,1,0,0,0,0,0,1,0,1,0,7,0,0,17,0,0.125,1
1,155250.0,0.23579545454545456,1242,165,11,1,17,3,0,1,0,0,0,0,0,0,0,0,1,0,3,0,4,12,0,0.15,1
1,189000.0,0.3811563169164882,884,123,10,1,21,3,0,1,0,0,0,0,0,0,1,0,1,0,6,0,6,15,1,0.16393442622950818,1
0,105000.0,0.0,1324,175,11,1,35,5,0,0,0,1,0,0,0,0,0,1,0,1,6,1,6,23,1,0.06306306306306306,0
1,217250.0,0.3817504655493482,1042,145,10,1,23,4,0,1,0,0,0,0,0,0,0,1,0,1,6,1,1,5,0,0.11926605504587157,1
0,105000.0,0.0,962,133,10,1,32,3,0,0,1,0,0,0,0,1,0,1,1,0,7,0,2,14,0,0.043478260869565216,0
1,69056.0,0.28493929217256525,1112,146,11,1,24,3,0,0,0,0,0,0,1,1,0,1,1,0,3,1,2,20,0,0.18604651162790697,1
0,105000.0,0.0,772,104,6,1,14,1,0,0,1,0,0,0,0,0,0,0,1,0,7,1,0,11,0,0.031496062992125984,0
0,105000.0,0.0,1112,146,11,1,21,3,0,1,0,0,0,0,0,0,0,1,1,0,4,0,2,22,0,0.11428571428571428,1
1,102500.0,0.24034334763948498,1114,147,11,1,15,2,1,0,0,0,0,0,0,0,0,0,1,0,6,0,5,22,1,0.08695652173913043,0
1,156000.0,0.32707774798927614,886,124,10,1,33,2,1,0,0,0,0,0,0,1,1,0,1,0,6,1,2,4,0,0.11728395061728394,1
0,105000.0,0.0,858,114,6,1,28,2,0,0,0,0,0,0,1,0,1,0,0,1,3,0,4,15,0,0.12121212121212122,1
1,60049.6,0.25979505726341173,904,122,10,1,22,1,0,0,0,0,0,1,0,0,0,1,1,0,5,1,6,22,1,0.11538461538461539,1
1,141024.0,0.19622189703339096,818,109,6,1,21,2,0,1,0,0,0,0,0,0,1,0,0,0,3,0,5,14,1,0.171875,1
1,154000.0,0.2598870056497175,1110,146,11,1,20,4,0,0,0,0,0,1,0,0,1,0,0,0,4,1,2,12,0,0.1388888888888889,1
0,105000.0,0.0,892,120,6,1,33,2,1,0,0,0,0,0,0,0,0,1,1,0,5,0,0,16,0,0.0625,0
1,96750.0,0.27232142857142855,916,124,10,1,20,3,0,0,0,0,0,1,0,0,0,1,1,0,6,0,5,17,1,0.06896551724137931,0
0,105000.0,0.0,1117,148,11,1,15,2,1,0,0,0,0,0,0,0,0,1,1,0,7,0,5,0,1,0.1111111111111111,1
0,105000.0,0.0,700,98,6,1,14,1,0,0,0,0,1,0,0,0,0,1,1,0,5,0,4,13,0,0.08860759493670886,0
0,105000.0,0.0,1093,145,11,1,24,3,1,0,0,0,0,0,0,1,0,0,1,0,3,0,3,9,0,0.15384615384615385,1
0,105000.0,0.0,1045,141,10,1,28,2,0,0,0,0,0,0,1,0,0,1,1,0,4,0,1,21,0,0.0945273631840796,0
0,105000.0,0.0,724,96,6,1,24,1,0,0,0,0,1,0,0,0,0,1,1,0,4,0,2,5,0,0.06666666666666667,0
1,230250.0,0.23563218390804597,872,114,6,1,25,4,0,1,0,0,0,0,0,0,0,1,1,0,6,1,5,4,1,0.08536585365853659,0
0,105000.0,0.0,688,92,6,1,25,1,0,0,1,0,0,0,0,0,0,1,0,0,4,0,5,6,1,0.05357142857142857,0
0,105000.0,0.0,1135,149,11,1,29,3,0,0,1,0,0,0,0,0,0,1,1,0,5,1,0,3,0,0.060836501901140684,0
1,124259.2,0.23801799144668928,1015,140,10,1,33,4,1,0,0,0,0,0,0,1,0,0,1,0,5,0,5,5,1,0.20192307692307693,1
0,105000.0,0.0,834,119,10,1,13,2,0,0,0,1,0,0,0,0,0,1,1,0,3,1,4,16,0,0.09389671361502347,0
1,139484.80000000002,0.18574134199134204,1109,147,11,1,16,3,0,0,1,0,0,0,0,1,0,1,0,1,4,0,6,15,1,0.14814814814814814,1
0,105000.0,0.0,1133,149,11,1,17,5,0,0,0,1,0,0,0,1,0,1,1,0,6,0,4,2,0,0.060810810810810814,0
1,68000.0,0.23376623376623376,709,94,6,1,26,4,0,0,0,0,1,0,0,0,0,0,1,0,4,0,6,21,1,0.1411764705882353,1
1,148750.0,0.36538461538461536,832,118,10,1,14,2,0,0,1,0,0,0,0,0,1,0,0,1,3,0,4,13,0,0.1346153846153846,1
0,105000.0,0.0,1117,148,11,1,15,3,1,0,0,0,0,0,0,0,0,1,1,0,7,1,5,22,1,0.012658227848101266,0
0,105000.0,0.0,851,116,6,1,15,1,0,0,1,0,0,0,0,0,0,1,1,0,4,0,4,9,0,0.0,0
0,105000.0,0.0,1065,147,10,1,26,4,0,0,0,0,1,0,0,1,1,0,0,1,6,1,2,10,0,0.08571428571428572,0
0,105000.0,0.0,1109,145,11,1,22,1,0,0,0,0,0,1,0,1,1,0,1,0,4,0,4,23,0,0.1717171717171717,1
0,105000.0,0.0,1278,170,11,1,26,4,0,0,0,0,1,0,0,0,0,1,0,0,4,0,3,19,0,0.04225352112676056,0
0,105000.0,0.0,861,121,10,1,25,3,1,0,0,0,0,0,0,0,0,1,1,0,5,0,5,10,1,0.0,0
0,105000.0,0.0,1009,137,10,1,28,2,0,0,0,0,0,0,1,0,0,0,0,0,3,0,5,3,1,0.09090909090909091,0
1,123000.0,0.33783783783783783,706,94,6,1,29,4,0,0,1,0,0,0,0,0,0,0,0,1,4,0,1,2,0,0.10091743119266056,0
1,102250.0,0.396078431372549,869,122,10,1,15,1,1,0,0,0,0,0,0,0,0,0,1,0,7,0,5,3,1,0.23076923076923078,1
0,105000.0,0.0,716,96,6,1,25,1,1,0,0,0,0,0,0,0,0,1,1,0,6,1,5,6,1,0.05202312138728324,0
1,97250.0,0.19069767441860466,936,131,10,1,24,3,0,0,0,0,1,0,0,1,0,1,1,0,7,1,1,12,0,0.10900473933649289,1
1,74250.0,0.3945945945945946,1290,171,11,1,13,1,0,0,0,1,0,0,0,0,0,1,1,0,5,1,5,7,1,0.14285714285714285,1
0,105000.0,0.0,1138,149,11,1,24,3,0,0,0,0,0,0,1,0,1,0,1,0,5,0,0,20,0,0.0783132530120482,0
1,88750.0,0.225,845,119,10,1,26,4,0,0,0,0,1,0,0,0,0,0,0,0,3,0,3,19,0,0.08695652173913043,0
0,105000.0,0.0,1019,140,10,1,22,4,0,0,0,0,0,1,0,1,0,0,1,0,4,0,3,14,0,0.041666666666666664,0
0,105000.0,0.0,1243,164,11,1,23,1,0,1,0,0,0,0,0,0,0,1,1,0,4,0,0,20,0,0.05714285714285714,0
0,105000.0,0.0,888,121,10,1,28,2,0,0,0,0,0,0,1,0,1,0,0,1,4,1,5,23,1,0.07165109034267912,0
1,79000.0,0.26373626373626374,1088,145,11,1,13,2,0,0,0,1,0,0,0,0,0,0,1,0,3,0,6,12,1,0.08333333333333333,0
1,88750.0,0.20707070707070707,1282,170,11,1,24,2,0,0,0,0,1,0,0,1,0,1,0,1,6,0,3,4,0,0.08695652173913043,0
1,435500.0,0.3037974683544304,951,135,10,1,17,5,1,0,0,0,0,0,0,0,1,0,1,0,3,0,0,15,0,0.027777777777777776,0
0,105000.0,0.0,983,139,10,1,14,1,0,0,0,0,1,0,0,0,0,1,0,1,4,1,6,1,1,0.08,0
0,105000.0,0.0,735,94,6,1,28,2,0,0,0,0,0,0,1,0,1,0,0,1,4,0,0,12,0,0.09375,0
1,134784.0,0.377160030052592,732,98,6,1,21,3,0,1,0,0,0,0,0,1,0,1,1,0,7,0,4,16,0,0.1276595744680851,1
1,83500.0,0.3786407766990291,764,98,6,1,31,3,0,0,0,0,0,0,1,1,0,1,1,0,5,0,0,3,0,0.1794871794871795,1
1,87000.0,0.20618556701030927,870,116,6,1,12,1,0,1,0,0,0,0,0,0,0,1,1,0,7,0,3,11,0,0.08,0
0,105000.0,0.0,1124,147,11,1,23,2,0,1,0,0,0,0,0,0,0,1,1,0,6,1,4,14,0,0.026845637583892617,0
1,290750.0,0.21076923076923076,1007,140,10,1,12,4,0,1,0,0,0,0,0,1,1,0,1,0,6,1,5,20,1,0.05555555555555555,0
0,105000.0,0.0,860,117,6,1,25,4,0,0,0,1,0,0,0,0,1,0,0,0,4,1,6,0,1,0.08870967741935484,0
1,113500.0,0.336996336996337,1050,145,10,1,25,4,0,0,0,1,0,0,0,1,0,0,1,0,3,0,5,5,1,0.12131147540983607,1
1,96750.0,0.20833333333333334,861,112,6,1,33,4,1,0,0,0,0,0,0,0,0,1,1,0,4,1,0,7,0,0.11804384485666104,1
1,87500.0,0.3412322274881517,852,119,10,1,14,1,0,1,0,0,0,0,0,1,0,1,0,1,5,1,5,13,1,0.0967741935483871,0
1,117707.20000000001,0.18969929622520804,875,122,10,1,21,2,0,1,0,0,0,0,0,1,0,1,1,0,6,0,6,13,1,0.1346153846153846,1
1,126250.0,0.3656957928802589,908,125,10,1,22,4,0,0,0,0,0,1,0,0,1,0,1,0,5,0,5,20,1,0.08771929824561403,0
0,105000.0,0.0,922,129,10,1,18,3,0,0,0,0,1,0,0,0,1,0,1,0,7,1,1,22,0,0.043478260869565216,0
1,105500.0,0.3643410852713178,1019,144,10,1,13,2,0,0,0,1,0,0,0,1,1,0,0,0,4,0,0,12,0,0.1744186046511628,1
1,54267.2,0.3795031055900622,910,117,6,1,28,1,0,0,0,0,0,0,1,0,1,0,1,0,5,1,5,18,1,0.2247191011235955,1
1,64750.0,0.36075949367088606,734,94,6,1,31,3,0,0,0,0,0,0,1,1,0,1,1,0,4,1,5,14,1,0.12048192771084337,1
0,105000.0,0.0,854,120,10,1,19,1,1,0,0,0,0,0,0,0,0,1,0,1,5,0,5,0,1,0.14049586776859505,1
1,421000.0,0.3650485436893204,1124,148,11,1,33,4,1,0,0,0,0,0,0,0,1,0,1,0,6,0,4,11,0,0.025,0
1,106750.0,0.2782258064516129,827,112,6,1,33,4,1,0,0,0,0,0,0,0,0,0,1,0,4,1,1,11,0,0.1015820149875104,0
1,122595.2,0.3045166858457997,717,98,6,1,33,2,1,0,0,0,0,0,0,0,0,1,1,0,6,1,1,23,0,0.07194244604316546,0
1,319500.0,0.22253129346314326,710,94,6,1,17,5,1,0,0,0,0,0,0,0,0,1,1,0,7,0,5,10,1,0.029288702928870293,0
1,107500.0,0.3650190114068441,1060,149,10,1,26,4,0,0,0,0,1,0,0,0,0,0,0,0,5,1,0,5,0,0.07627118644067797,0
1,124500.0,0.25874125874125875,716,95,6,1,14,4,0,0,0,0,1,0,0,1,0,0,1,0,6,0,4,1,0,0.13725490196078433,1
0,105000.0,0.0,797,108,6,1,16,1,0,0,1,0,0,0,0,1,1,0,1,0,3,0,2,13,0,0.08403361344537816,0
0,105000.0,0.0,1090,145,10,1,31,3,0,0,0,0,0,0,1,0,1,0,1,0,5,0,0,2,0,0.07407407407407407,0
1,68750.0,0.3433734939759036,1142,152,11,1,24,2,0,0,0,0,1,0,0,1,0,0,0,1,7,1,3,20,0,0.1832797427652733,1
1,127000.0,0.3769968051118211,1138,151,11,1,14,3,0,0,0,0,1,0,0,0,1,0,0,0,7,0,4,23,0,0.07731958762886598,0
1,64750.0,0.33974358974358976,711,94,6,1,18,2,0,0,1,0,0,0,0,0,0,1,0,1,5,1,3,20,0,0.07692307692307693,0
1,104250.0,0.225531914893617,864,116,6,1,17,2,1,0,0,0,0,0,0,1,0,1,0,1,5,0,4,3,0,0.2222222222222222,1
1,68000.0,0.38095238095238093,752,97,6,1,35,5,0,0,0,1,0,0,0,1,0,0,1,0,5,0,3,15,0,0.125,1
1,189500.0,0.20803782505910165,886,124,10,1,25,1,1,0,0,0,0,0,0,0,1,0,1,0,7,0,6,8,1,0.0,0
1,151000.0,0.3893333333333333,714,96,6,1,13,3,0,1,0,0,0,0,0,0,0,0,1,0,7,0,4,17,0,0.14285714285714285,1
0,105000.0,0.0,912,125,10,1,28,3,0,0,0,1,0,0,0,1,0,1,1,0,5,1,5,23,1,0.05,0
1,98750.0,0.326271186440678,881,118,6,1,24,3,1,0,0,0,0,0,0,0,0,1,0,0,7,1,3,17,0,0.10652920962199312,0
1,49000.0,0.26548672566371684,1136,149,11,1,22,4,0,0,0,0,0,1,0,1,1,0,1,0,6,1,6,4,1,0.2251655629139073,1
0,105000.0,0.0,888,125,10,1,33,1,1,0,0,0,0,0,0,1,0,0,1,0,6,0,4,12,0,0.045454545454545456,0
1,73750.0,0.17901234567901234,906,118,6,1,24,3,0,0,0,0,0,0,1,0,0,0,1,0,5,0,4,22,0,0.16842105263157894,1
1,153004.80000000002,0.273932426091037,1286,169,11,1,35,5,0,0,0,1,0,0,0,1,1,0,1,0,4,1,0,3,0,0.10249307479224377,0
1,143500.0,0.39215686274509803,1126,148,11,1,14,3,0,1,0,0,0,0,0,0,0,1,1,0,7,1,1,0,0,0.08695652173913043,0
1,73500.0,0.32954545454545453,1118,148,11,1,22,4,0,0,0,0,0,1,0,0,1,0,1,0,4,0,2,0,0,0.24731182795698925,1
1,67000.0,0.23684210526315788,1115,145,11,1,31,3,0,0,0,0,0,0,1,0,0,0,1,0,3,0,1,18,0,0.17647058823529413,1
0,105000.0,0.0,887,125,10,1,14,2,0,0,1,0,0,0,0,1,0,1,1,0,5,1,6,15,1,0.09090909090909091,0
1,101750.0,0.19111111111111112,725,96,6,1,17,5,0,0,0,1,0,0,0,0,1,0,1,0,5,0,4,11,0,0.10683760683760683,1
1,184250.0,0.3766519823788546,975,138,10,1,13,3,0,1,0,0,0,0,0,1,0,0,0,1,3,1,0,1,0,0.11494252873563218,1
0,105000.0,0.0,864,120,10,1,19,4,1,0,0,0,0,0,0,0,0,1,0,0,4,0,2,8,0,0.018867924528301886,0
0,105000.0,0.0,832,116,10,1,21,3,0,1,0,0,0,0,0,0,1,0,0,0,3,0,1,16,0,0.07878787878787878,0
0,105000.0,0.0,741,101,6,1,19,4,1,0,0,0,0,0,0,0,1,0,1,0,5,1,0,22,0,0.0,0
1,66250.0,0.34375,1138,150,11,1,24,1,0,0,0,0,1,0,0,0,0,1,1,0,6,0,4,11,0,0.34782608695652173,1
1,54750.0,0.19008264462809918,1253,166,11,1,19,1,0,0,0,0,0,1,0,0,0,1,1,0,3,1,5,23,1,0.14754098360655737,1
1,138750.0,0.36764705882352944,999,142,10,1,33,2,1,0,0,0,0,0,0,0,1,0,1,0,3,0,2,3,0,0.2127659574468085,1
1,79250.0,0.18857142857142858,893,122,6,1,14,4,0,0,0,0,1,0,0,0,0,1,1,0,7,1,0,3,0,0.07096774193548387,0
1,163500.0,0.3690773067331671,1095,144,11,1,23,3,0,1,0,0,0,0,0,1,0,1,1,0,3,1,5,2,1,0.09554140127388536,0
1,170250.0,0.3669064748201439,638,86,6,1,18,3,1,0,0,0,0,0,0,0,0,1,0,0,3,1,6,0,1,0.09166666666666666,0
1,84750.0,0.20634920634920634,703,94,6,1,16,1,0,0,1,0,0,0,0,0,0,0,1,0,4,1,6,0,1,0.061224489795918366,0
1,100500.0,0.33884297520661155,679,88,6,1,18,1,0,1,0,0,0,0,0,0,0,1,1,0,4,0,4,13,0,0.15492957746478872,1
0,105000.0,0.0,950,126,6,1,32,3,0,0,1,0,0,0,0,0,0,1,0,0,7,0,2,22,0,0.0,0
1,101250.0,0.2765957446808511,982,136,10,1,17,5,0,0,0,1,0,0,0,0,1,0,1,0,3,0,3,21,0,0.07042253521126761,0
0,105000.0,0.0,824,117,10,1,17,3,0,1,0,0,0,0,0,0,1,0,1,0,3,0,5,7,1,0.0625,0
1,177000.0,0.35348837209302325,1023,142,10,1,12,3,0,1,0,0,0,0,0,1,0,0,0,0,5,0,3,13,0,0.09009009009009009,0
1,87500.0,0.28431372549019607,644,88,6,1,14,4,0,0,0,0,1,0,0,0,1,0,1,0,3,0,6,19,1,0.05263157894736842,0
1,90750.0,0.185,1013,139,10,1,17,5,0,0,0,1,0,0,0,0,1,0,1,0,4,1,1,10,0,0.08045977011494253,0
0,105000.0,0.0,930,124,10,1,28,2,0,0,0,0,0,0,1,0,0,1,1,0,5,0,6,0,1,0.16379310344827586,1
1,47750.0,0.21495327102803738,1145,149,11,1,28,2,0,0,0,0,0,0,1,0,0,1,0,1,5,1,1,15,0,0.15934065934065933,1
1,101250.0,0.24675324675324675,983,138,10,1,13,3,0,0,0,1,0,0,0,0,0,1,0,0,3,0,2,18,0,0.06976744186046512,0
1,92750.0,0.37280701754385964,702,98,6,1,25,1,0,0,1,0,0,0,0,0,0,0,1,0,3,0,6,16,1,0.11904761904761904,1
0,105000.0,0.0,1139,150,11,1,15,4,0,0,1,0,0,0,0,0,1,0,1,0,7,0,4,17,0,0.02112676056338028,0
0,105000.0,0.0,1090,143,11,1,20,2,0,0,0,0,0,1,0,0,0,1,1,0,3,0,1,8,0,0.1111111111111111,1
1,166500.0,0.23809523809523808,1104,145,11,1,13,3,0,1,0,0,0,0,0,1,0,0,1,0,4,0,6,0,1,0.12025316455696203,1
1,54750.0,0.40145985401459855,1296,169,11,1,31,2,0,0,0,0,0,0,1,0,0,1,1,0,5,0,3,14,0,0.19213973799126638,1
1,61750.0,0.3961038961038961,844,110,6,1,32,1,0,0,0,1,0,0,0,0,0,1,1,0,3,0,5,7,1,0.136,1
1,64500.0,0.2684563758389262,1145,149,11,1,31,2,0,0,0,0,0,0,1,0,1,0,1,0,5,0,3,20,0,0.18867924528301888,1
1,96250.0,0.3617021276595745,876,122,10,1,13,3,0,0,0,1,0,0,0,0,0,0,0,0,5,0,0,12,0,0.08045977011494253,0
1,151750.0,0.19345238095238096,711,94,6,1,28,4,0,0,0,1,0,0,0,1,0,0,1,0,4,0,4,3,0,0.06349206349206349,0
0,105000.0,0.0,868,122,10,1,24,3,1,0,0,0,0,0,0,0,1,0,1,0,6,1,2,9,0,0.1,0
1,145558.4,0.22453380692629704,981,134,10,1,16,3,0,0,1,0,0,0,0,0,0,1,1,0,3,0,3,6,0,0.09210526315789473,0
0,105000.0,0.0,1120,149,11,1,19,0,1,0,0,0,0,0,0,0,0,0,0,0,7,0,3,2,0,0.10256410256410256,0
0,105000.0,0.0,1300,174,11,1,24,2,0,0,0,0,1,0,0,0,0,0,0,1,6,1,4,21,0,0.09565217391304348,0
0,105000.0,0.0,918,126,10,1,22,4,0,0,0,0,0,1,0,0,0,1,1,0,6,0,2,3,0,0.06578947368421052,0
1,75250.0,0.27011494252873564,1016,137,10,1,31,3,0,0,0,0,0,0,1,0,0,0,1,0,3,1,5,14,1,0.15384615384615385,1
0,105000.0,0.0,880,123,10,1,18,1,0,0,0,0,1,0,0,0,1,0,1,0,5,1,6,6,1,0.023952095808383235,0
0,105000.0,0.0,861,112,6,1,28,2,0,0,0,0,0,0,1,0,1,0,1,0,3,1,5,9,1,0.07692307692307693,0
1,161500.0,0.3089005235602094,838,116,10,1,18,3,1,0,0,0,0,0,0,0,0,1,1,0,4,1,0,5,0,0.08450704225352113,0
1,46250.0,0.28703703703703703,872,122,10,1,19,0,0,0,0,0,0,1,0,1,1,0,0,0,5,0,2,15,0,0.3,1
1,100250.0,0.3497942386831276,690,94,6,1,13,1,0,1,0,0,0,0,0,0,0,1,0,1,6,0,4,7,0,0.136986301369863,1
1,106308.8,0.32206172028890356,871,121,10,1,33,4,1,0,0,0,0,0,0,1,0,1,1,0,5,0,0,20,0,0.11627906976744186,1
0,105000.0,0.0,1090,144,11,1,18,1,0,1,0,0,0,0,0,1,0,0,1,0,3,1,3,9,0,0.1292517006802721,1
1,221250.0,0.23,1281,171,11,1,25,3,0,1,0,0,0,0,0,1,1,0,1,0,5,0,1,9,0,0.14583333333333334,1
1,198000.0,0.1834862385321101,1264,167,11,1,18,3,1,0,0,0,0,0,0,0,1,0,1,0,7,0,2,2,0,0.08695652173913043,0
1,103000.0,0.2975206611570248,1120,150,11,1,24,3,0,0,0,0,1,0,0,1,0,1,1,0,5,0,6,23,1,0.037037037037037035,0
0,105000.0,0.0,1141,150,11,1,22,4,0,0,0,0,0,1,0,0,1,0,1,0,6,0,1,2,0,0.09090909090909091,0
1,338915.2,0.1848159082047569,876,123,10,1,17,5,1,0,0,0,0,0,0,0,1,0,1,0,7,0,3,22,0,0.02666666666666667,0
1,157500.0,0.28337874659400547,1123,147,11,1,28,3,0,0,0,1,0,0,0,1,1,0,1,0,3,0,1,14,0,0.09248554913294797,0
0,105000.0,0.0,667,92,6,1,33,3,1,0,0,0,0,0,0,0,0,0,1,0,3,0,5,16,1,0.07407407407407407,0
1,81500.0,0.38613861386138615,778,106,6,1,24,2,0,0,0,0,1,0,0,1,0,0,1,0,7,0,1,10,0,0.13114754098360656,1
0,105000.0,0.0,712,94,6,1,33,4,1,0,0,0,0,0,0,0,0,1,1,0,5,0,0,22,0,0.014084507042253521,0
0,105000.0,0.0,1119,147,11,1,31,3,0,0,0,0,0,0,1,1,0,1,1,0,3,1,6,11,1,0.1076923076923077,1
0,105000.0,0.0,1045,147,10,1,33,2,1,0,0,0,0,0,0,1,0,0,1,0,5,0,6,17,1,0.03614457831325301,0
1,62000.0,0.2535211267605634,1284,169,11,1,22,4,0,0,0,0,0,1,0,0,0,1,1,0,5,0,2,14,0,0.21621621621621623,1
0,105000.0,0.0,944,131,10,1,32,3,0,0,1,0,0,0,0,1,1,0,1,0,6,0,3,14,0,0.0,0
1,126750.0,0.39556962025316456,1261,166,11,1,29,4,0,0,1,0,0,0,0,1,0,1,0,0,3,0,6,21,1,0.06060606060606061,0
0,105000.0,0.0,1129,147,11,1,28,0,0,0,0,0,0,0,1,1,1,0,1,0,4,0,4,3,0,0.21951219512195122,1
1,111750.0,0.21912350597609562,890,122,10,1,18,2,0,1,0,0,0,0,0,0,0,1,1,0,7,1,5,6,1,0.09859154929577464,0
1,173250.0,0.2803970223325062,1011,140,10,1,33,4,1,0,0,0,0,0,0,0,0,1,1,0,3,0,6,22,1,0.03125,0
0,105000.0,0.0,1079,148,10,1,32,3,0,0,1,0,0,0,0,1,0,1,0,0,6,0,3,19,0,0.0,0
1,62566.399999999994,0.29796264855687615,887,123,10,1,12,0,0,1,0,0,0,0,0,0,0,1,0,0,7,0,3,13,0,0.21052631578947367,1
0,105000.0,0.0,949,131,10,1,32,3,0,0,1,0,0,0,0,1,0,1,0,1,6,1,5,18,1,0.09634551495016612,0
1,175000.0,0.26732673267326734,830,113,6,1,15,3,0,0,1,0,0,0,0,0,1,0,0,0,3,0,1,21,0,0.10714285714285714,1
0,105000.0,0.0,1095,145,11,1,25,5,1,0,0,0,0,0,0,0,1,0,1,0,3,0,2,15,0,0.030303030303030304,0
0,105000.0,0.0,1123,148,11,1,26,4,0,0,0,0,1,0,0,0,0,1,1,0,4,1,5,0,1,0.06868131868131869,0
1,144892.8,0.29786194257788634,843,110,6,1,17,5,0,0,0,1,0,0,0,0,1,0,1,0,3,1,3,1,0,0.06896551724137931,0
0,105000.0,0.0,869,112,6,1,28,2,0,0,0,0,0,0,1,0,0,1,0,1,3,1,3,0,0,0.045112781954887216,0
0,105000.0,0.0,674,90,6,1,18,2,0,1,0,0,0,0,0,1,1,0,1,0,4,0,4,6,0,0.13253012048192772,1
1,140899.19999999998,0.2969201759899434,716,94,6,1,25,3,0,1,0,0,0,0,0,0,0,1,0,1,5,1,1,4,0,0.07407407407407407,0
0,105000.0,0.0,1258,167,11,1,14,4,0,0,0,0,1,0,0,1,1,0,1,0,5,0,6,15,1,0.061611374407582936,0
1,148500.0,0.29310344827586204,656,88,6,1,13,3,0,1,0,0,0,0,0,1,0,1,0,1,4,0,5,8,1,0.10071942446043165,0
1,125250.0,0.35737704918032787,724,97,6,1,26,4,0,0,0,0,1,0,0,1,0,0,1,0,5,1,0,8,0,0.1111111111111111,1
0,105000.0,0.0,1312,172,11,1,28,3,0,0,0,0,0,0,1,1,1,0,1,0,5,0,0,6,0,0.03571428571428571,0
1,138750.0,0.3866279069767442,703,96,6,1,15,2,1,0,0,0,0,0,0,1,1,0,1,0,7,0,4,7,0,0.12280701754385964,1
1,156250.0,0.21937321937321938,824,110,6,1,18,2,1,0,0,0,0,0,0,1,1,0,0,1,4,0,3,23,0,0.15492957746478872,1
1,40750.0,0.26595744680851063,834,117,10,1,13,0,0,0,0,1,0,0,0,0,0,0,1,0,3,0,4,14,0,0.0684931506849315,0
1,86750.0,0.39351851851851855,1278,168,11,1,35,5,0,0,0,1,0,0,0,0,0,1,1,0,4,0,1,7,0,0.18055555555555555,1
0,105000.0,0.0,1068,145,10,1,20,2,0,0,0,0,0,1,0,1,1,0,0,0,6,0,2,5,0,0.125,1
1,107244.8,0.3643140364789849,1062,148,10,1,17,3,0,1,0,0,0,0,0,1,0,1,1,0,7,0,0,3,0,0.17708333333333334,1
1,170000.0,0.34549878345498786,1099,146,11,1,13,3,0,1,0,0,0,0,0,1,1,0,1,0,5,0,1,4,0,0.18518518518518517,1
0,105000.0,0.0,840,116,10,1,24,3,1,0,0,0,0,0,0,0,0,1,1,0,3,0,1,11,0,0.13636363636363635,1
1,129250.0,0.22945205479452055,916,119,6,1,29,3,0,0,1,0,0,0,0,1,1,0,1,0,5,0,0,14,0,0.125,1
1,59500.0,0.323943661971831,1049,145,10,1,20,1,0,0,0,0,0,1,0,0,0,1,0,0,5,1,1,21,0,0.08571428571428572,0
0,105000.0,0.0,1252,165,11,1,16,5,0,0,1,0,0,0,0,0,0,1,1,0,4,1,2,8,0,0.022388059701492536,0
0,105000.0,0.0,1272,170,11,1,14,2,0,0,0,0,1,0,0,1,0,0,0,0,6,0,4,21,0,0.038461538461538464,0
0,105000.0,0.0,637,88,6,1,12,3,0,1,0,0,0,0,0,0,0,1,1,0,3,1,2,1,0,0.045454545454545456,0
1,206250.0,0.34004024144869216,1097,144,11,1,25,3,1,0,0,0,0,0,0,1,1,0,1,0,3,1,2,21,0,0.124,1
1,75250.0,0.26011560693641617,876,121,10,1,29,2,0,0,1,0,0,0,0,0,1,0,1,0,3,0,6,3,1,0.15730337078651685,1
1,78250.0,0.32620320855614976,1110,147,11,1,16,1,0,0,1,0,0,0,0,0,0,1,0,1,5,0,4,6,0,0.10294117647058823,0
0,105000.0,0.0,1114,146,11,1,29,3,0,0,1,0,0,0,0,1,0,0,0,1,4,0,3,10,0,0.16666666666666666,1
0,105000.0,0.0,864,116,6,1,21,4,1,0,0,0,0,0,0,0,0,1,1,0,7,0,1,14,0,0.06201550387596899,0
0,105000.0,0.0,1111,145,11,1,20,2,0,0,0,0,0,1,0,0,1,0,1,0,4,0,6,20,1,0.08163265306122448,0
1,143000.0,0.3076923076923077,1127,148,11,1,32,3,0,0,1,0,0,0,0,1,0,1,1,0,4,0,2,7,0,0.1875,1
1,114441.6,0.31907744004887734,879,119,10,1,25,1,0,1,0,0,0,0,0,1,0,0,1,0,4,0,5,4,1,0.19047619047619047,1
1,140250.0,0.2413793103448276,864,120,10,1,32,3,0,0,1,0,0,0,0,0,0,0,0,0,3,1,2,11,0,0.0967741935483871,0
0,105000.0,0.0,748,96,6,1,24,3,0,0,0,0,0,0,1,0,0,1,1,0,4,0,0,2,0,0.05952380952380952,0
1,98500.0,0.24888888888888888,1122,147,11,1,18,3,0,0,1,0,0,0,0,0,0,1,1,0,5,0,0,5,0,0.16666666666666666,1
1,108750.0,0.36466165413533835,851,116,6,1,15,1,0,0,1,0,0,0,0,0,1,0,1,0,5,0,6,3,1,0.045454545454545456,0
1,111000.0,0.32452830188679244,1244,165,11,1,17,3,0,1,0,0,0,0,0,0,0,1,1,0,3,0,5,3,1,0.07894736842105263,0
1,101233.6,0.3919722497522299,706,96,6,1,19,3,0,0,0,0,0,1,0,0,0,1,1,0,4,0,0,7,0,0.11290322580645161,1
1,140000.0,0.3183183183183183,1139,150,11,1,32,3,0,0,1,0,0,0,0,0,1,0,0,1,6,0,5,11,1,0.13636363636363635,1
1,57750.0,0.20930232558139536,1123,148,11,1,25,1,0,0,1,0,0,0,0,0,0,1,0,1,5,0,5,15,1,0.05,0
0,105000.0,0.0,772,104,6,1,24,3,0,0,0,0,1,0,0,0,1,0,1,0,7,0,1,5,0,0.06802721088435375,0
0,105000.0,0.0,1013,139,10,1,24,1,0,0,0,0,0,0,1,1,0,0,1,0,3,0,2,14,0,0.14,1
1,219000.0,0.21224489795918366,1298,171,11,1,25,4,0,0,0,1,0,0,0,0,0,0,1,0,6,1,6,20,1,0.08,0
1,205750.0,0.2108695652173913,717,97,6,1,21,3,0,1,0,0,0,0,0,0,1,0,1,0,6,0,0,21,0,0.09448818897637795,0
1,120182.40000000001,0.2597891566265061,927,129,10,1,14,2,0,0,1,0,0,0,0,0,1,0,1,0,7,1,3,6,0,0.07692307692307693,0
1,97250.0,0.3925619834710744,900,125,10,1,22,4,0,0,0,0,0,1,0,0,0,1,0,0,5,1,3,12,0,0.1,0
1,87000.0,0.37383177570093457,1283,169,11,1,22,4,0,0,0,0,0,1,0,0,1,0,1,0,6,1,2,12,0,0.10357142857142858,0
0,105000.0,0.0,900,125,10,1,18,0,0,0,0,0,1,0,0,1,1,0,1,0,6,0,0,14,0,0.07142857142857142,0
1,149750.0,0.3589041095890411,1095,148,10,1,32,4,0,0,0,1,0,0,0,1,0,1,1,0,5,0,4,9,0,0.0625,0
1,159057.6,0.18296305096827856,1013,141,10,1,32,3,0,0,1,0,0,0,0,1,0,1,0,1,3,1,1,16,0,0.07653061224489796,0
0,105000.0,0.0,1023,142,10,1,19,4,0,0,0,0,0,1,0,1,0,0,1,0,5,1,3,2,0,0.07086614173228346,0
1,58250.0,0.2076923076923077,1101,146,11,1,17,5,0,0,0,1,0,0,0,0,0,0,1,0,4,0,1,7,0,0.0661764705882353,0
1,118955.2,0.3901477832512315,903,123,10,1,22,4,0,0,0,0,0,1,0,1,0,1,1,0,5,0,6,1,1,0.10526315789473684,0
1,59696.0,0.342477620560208,1138,149,11,1,20,1,0,0,0,0,0,1,0,0,0,1,1,0,6,0,2,17,0,0.19444444444444445,1
1,81250.0,0.3910891089108911,1122,148,11,1,20,2,0,0,0,0,0,1,0,0,0,1,1,0,5,0,0,22,0,0.12371134020618557,1
1,136250.0,0.373134328358209,957,135,10,1,13,3,0,1,0,0,0,0,0,0,0,0,1,0,3,0,0,17,0,0.08333333333333333,0
1,163750.0,0.28534031413612565,849,115,6,1,13,3,0,1,0,0,0,0,0,1,0,0,0,0,5,0,5,7,1,0.15625,1
1,97250.0,0.3446808510638298,814,112,6,1,17,5,0,0,0,1,0,0,0,0,0,0,0,1,3,1,3,2,0,0.05555555555555555,0
0,105000.0,0.0,1296,170,11,1,22,4,0,0,0,0,0,1,0,1,0,0,0,1,6,0,5,1,1,0.05128205128205128,0
1,77000.0,0.2983425414364641,751,100,6,1,19,1,0,0,0,0,0,1,0,0,1,0,1,0,6,0,5,6,1,0.08333333333333333,0
1,124633.6,0.34232365145228216,1112,147,11,1,24,3,1,0,0,0,0,0,0,0,0,0,1,0,5,0,4,15,0,0.18181818181818182,1
0,105000.0,0.0,1084,145,11,1,18,3,1,0,0,0,0,0,0,1,0,1,0,1,4,0,4,11,0,0.09883720930232558,0
1,50500.0,0.24347826086956523,758,98,6,1,22,1,0,0,0,0,0,1,0,1,0,1,0,0,6,0,5,6,1,0.19117647058823528,1
0,105000.0,0.0,833,114,6,1,12,3,0,1,0,0,0,0,0,0,0,1,1,0,5,0,0,6,0,0.08,0
1,64750.0,0.2847682119205298,1063,144,10,1,24,2,0,0,0,0,0,0,1,1,1,0,1,0,5,0,6,6,1,0.28,1
1,88462.40000000001,0.35007757951900703,1095,152,10,1,18,2,0,0,0,0,1,0,0,0,0,1,0,0,7,0,6,15,1,0.08771929824561403,0
0,105000.0,0.0,997,139,10,1,33,2,1,0,0,0,0,0,0,0,0,1,1,0,3,0,0,20,0,0.12962962962962962,1
1,71500.0,0.3076923076923077,1144,149,11,1,32,0,0,0,0,1,0,0,0,0,1,0,1,0,5,0,1,17,0,0.075,0
1,126500.0,0.3076923076923077,1102,145,11,1,15,3,0,0,1,0,0,0,0,0,0,1,1,0,3,0,6,20,1,0.12903225806451613,1
1,122500.0,0.2867132867132867,1093,144,11,1,13,2,0,1,0,0,0,0,0,0,0,1,1,0,4,0,5,21,1,0.1935483870967742,1
1,196500.0,0.26490066225165565,827,110,6,1,20,5,0,0,0,0,0,1,0,0,0,1,1,0,3,1,5,21,1,0.04054054054054054,0
0,105000.0,0.0,1272,167,11,1,12,4,0,1,0,0,0,0,0,1,0,0,1,0,7,0,6,18,1,0.0,0
1,214750.0,0.282,881,116,6,1,23,4,0,1,0,0,0,0,0,1,0,1,1,0,7,0,1,18,0,0.05128205128205128,0
0,105000.0,0.0,1128,148,11,1,17,5,0,0,0,1,0,0,0,1,1,0,1,0,5,0,3,10,0,0.08333333333333333,0
1,156644.80000000002,0.22310051911278916,1125,148,11,1,25,1,1,0,0,0,0,0,0,0,1,0,1,0,7,1,4,19,0,0.0989010989010989,0
1,131000.0,0.367601246105919,882,123,10,1,19,3,0,0,0,0,0,1,0,1,1,0,0,0,5,0,4,15,0,0.20833333333333334,1
1,81500.0,0.336734693877551,664,92,6,1,14,4,0,0,0,0,1,0,0,0,0,1,1,0,4,0,1,2,0,0.10810810810810811,1
0,105000.0,0.0,1141,151,11,1,15,1,0,0,1,0,0,0,0,0,1,0,1,0,7,0,4,19,0,0.050505050505050504,0
1,145500.0,0.3559322033898305,1030,141,10,1,23,3,0,1,0,0,0,0,0,1,0,0,1,0,6,1,0,4,0,0.13924050632911392,1
1,129000.0,0.3246753246753247,1119,148,11,1,17,5,0,0,0,1,0,0,0,0,0,1,0,0,5,0,0,4,0,0.025,0
1,206250.0,0.2631578947368421,696,92,6,1,15,4,1,0,0,0,0,0,0,0,0,1,1,0,6,0,0,0,0,0.04878048780487805,0
1,70500.0,0.32142857142857145,1144,150,11,1,28,1,0,0,0,1,0,0,0,0,0,0,1,0,5,1,4,12,0,0.08333333333333333,0
1,183500.0,0.24821002386634844,665,92,6,1,24,3,1,0,0,0,0,0,0,1,1,0,0,0,4,0,5,11,1,0.12727272727272726,1
1,101000.0,0.37751004016064255,1273,168,11,1,29,3,0,0,1,0,0,0,0,0,0,1,1,0,4,0,5,11,1,0.1111111111111111,1
1,65000.0,0.38509316770186336,686,90,6,1,28,2,0,0,0,0,0,0,1,1,1,0,0,1,3,1,6,4,1,0.12912912912912913,1
0,105000.0,0.0,1129,149,11,1,32,3,0,0,1,0,0,0,0,0,1,0,1,0,4,1,2,16,0,0.0664451827242525,0
0,105000.0,0.0,1114,148,11,1,14,3,0,0,0,0,1,0,0,0,1,0,1,0,4,1,2,7,0,0.06896551724137931,0
1,103750.0,0.2264957264957265,1095,146,11,1,21,2,0,1,0,0,0,0,0,1,0,1,1,0,4,0,4,8,0,0.1643835616438356,1
0,105000.0,0.0,1059,149,10,1,21,4,1,0,0,0,0,0,0,0,0,1,1,0,7,0,2,11,0,0.041666666666666664,0
0,105000.0,0.0,1249,166,11,1,21,3,0,1,0,0,0,0,0,0,0,0,0,0,4,0,0,12,0,0.06622516556291391,0
0,105000.0,0.0,1106,147,11,1,12,4,0,1,0,0,0,0,0,0,0,1,1,0,6,0,0,19,0,0.036,0
1,67500.0,0.37349397590361444,718,97,6,1,14,4,0,0,0,0,1,0,0,1,0,0,1,0,6,0,5,3,1,0.20430107526881722,1
1,89250.0,0.3160377358490566,692,92,6,1,17,5,0,0,0,1,0,0,0,1,0,1,1,0,4,1,1,19,0,0.09852216748768473,0
1,70000.0,0.25,1280,169,11,1,25,4,0,0,0,1,0,0,0,1,0,0,1,0,5,0,4,4,0,0.0547945205479452,0
1,84250.0,0.1881720430107527,780,101,6,1,32,1,0,0,0,1,0,0,0,0,1,0,0,1,5,1,4,21,0,0.11666666666666667,1
1,176250.0,0.2929782082324455,1131,149,11,1,13,4,0,0,0,1,0,0,0,0,1,0,0,1,6,0,6,11,1,0.0,0
1,165609.6,0.23741007194244593,886,119,6,1,19,4,1,0,0,0,0,0,0,0,1,0,1,0,5,1,3,14,0,0.05405405405405406,0
0,105000.0,0.0,1249,165,11,1,22,4,0,0,0,0,0,1,0,0,0,1,1,0,3,0,6,7,1,0.08982035928143713,0
1,253750.0,0.2224168126094571,1282,170,11,1,13,5,0,0,0,1,0,0,0,1,1,0,1,0,4,0,0,8,0,0.031496062992125984,0
1,276307.2,0.3625269645608628,1229,164,11,1,15,4,1,0,0,0,0,0,0,1,0,0,0,0,3,1,4,2,0,0.09090909090909091,0
0,105000.0,0.0,681,93,6,1,26,4,0,0,0,0,1,0,0,0,1,0,0,0,3,0,3,0,0,0.09090909090909091,0
0,105000.0,0.0,1014,141,10,1,14,3,0,1,0,0,0,0,0,0,0,1,0,0,6,0,0,19,0,0.06172839506172839,0
1,57000.0,0.19047619047619047,1307,171,11,1,28,2,0,0,0,0,0,0,1,0,0,1,1,0,4,0,4,15,0,0.23684210526315788,1
1,113250.0,0.32222222222222224,694,90,6,1,18,2,0,1,0,0,0,0,0,0,0,1,1,0,4,1,3,7,0,0.07857142857142857,0
1,212118.4,0.33112420225822287,638,88,6,1,17,3,1,0,0,0,0,0,0,0,1,0,1,0,3,1,0,19,0,0.09285714285714286,0
1,68000.0,0.267515923566879,1142,149,11,1,31,3,0,0,0,0,0,0,1,0,0,1,0,1,5,0,5,3,1,0.24390243902439024,1
1,138216.0,0.39259796806966624,822,116,10,1,14,3,0,0,1,0,0,0,0,0,0,1,0,1,3,0,6,15,1,0.0546875,0
1,112000.0,0.36496350364963503,907,120,6,1,32,3,0,0,1,0,0,0,0,0,0,1,0,0,6,0,6,22,1,0.13253012048192772,1
1,112000.0,0.1935483870967742,720,96,6,1,17,3,0,1,0,0,0,0,0,0,0,1,1,0,7,0,4,12,0,0.11299435028248588,1
0,105000.0,0.0,1104,147,11,1,16,3,0,0,1,0,0,0,0,1,0,0,1,0,4,0,0,13,0,0.030303030303030304,0
1,69750.0,0.3872832369942196,1061,147,10,1,25,4,0,0,0,1,0,0,0,1,0,1,1,0,5,0,4,12,0,0.10309278350515463,0
1,187500.0,0.21852731591448932,691,91,6,1,20,4,0,0,0,0,0,1,0,0,1,0,1,0,3,1,0,5,0,0.10526315789473684,0
1,63250.0,0.19285714285714287,943,127,10,1,29,1,0,0,1,0,0,0,0,1,0,1,1,0,6,1,0,21,0,0.17813765182186234,1
0,105000.0,0.0,686,91,6,1,25,2,0,1,0,0,0,0,0,1,1,0,1,0,4,1,2,15,0,0.10989010989010989,1
0,105000.0,0.0,731,97,6,1,19,1,0,0,0,0,0,1,0,0,1,0,1,0,5,0,2,0,0,0.08064516129032258,0
1,87000.0,0.2153846153846154,1294,170,11,1,22,3,0,0,0,0,0,1,0,1,0,1,1,0,4,0,6,16,1,0.1588235294117647,1
0,105000.0,0.0,862,117,6,1,15,5,1,0,0,0,0,0,0,1,1,0,1,0,7,0,2,4,0,0.04310344827586207,0
0,105000.0,0.0,1097,144,11,1,19,1,0,0,0,0,0,1,0,0,1,0,1,0,3,0,6,0,1,0.09941520467836257,0
1,124750.0,0.35313531353135313,883,123,10,1,25,1,1,0,0,0,0,0,0,0,1,0,1,0,6,1,3,8,0,0.15217391304347827,1
0,105000.0,0.0,1109,148,11,1,17,3,0,1,0,0,0,0,0,0,1,0,0,1,6,1,4,10,0,0.11711711711711711,1
1,59092.8,0.1987321711568938,741,100,6,1,26,4,0,0,0,0,1,0,0,0,1,0,1,0,6,1,1,6,0,0.091324200913242,0
1,183250.0,0.3378684807256236,838,119,10,1,25,1,1,0,0,0,0,0,0,1,1,0,0,1,4,1,5,4,1,0.0673076923076923,0
1,128250.0,0.2,856,121,10,1,17,1,1,0,0,0,0,0,0,1,1,0,0,1,6,0,1,13,0,0.29850746268656714,1
0,105000.0,0.0,1018,143,10,1,25,4,0,0,0,1,0,0,0,0,0,0,1,0,3,0,1,16,0,0.045454545454545456,0
1,96907.20000000001,0.33595284872298625,692,91,6,1,18,2,0,0,0,0,1,0,0,0,1,0,1,0,3,1,5,1,1,0.11231884057971014,1
1,61750.0,0.3197278911564626,1107,147,11,1,14,0,0,1,0,0,0,0,0,0,0,0,1,0,6,0,4,18,0,0.3888888888888889,1
0,105000.0,0.0,897,125,10,1,18,3,0,0,0,0,1,0,0,0,0,1,1,0,6,0,6,4,1,0.03571428571428571,0
1,149094.40000000002,0.33178168276504133,1084,143,11,1,14,3,0,1,0,0,0,0,0,1,0,1,0,0,3,0,2,15,0,0.16071428571428573,1
1,105000.0,0.24267782426778242,1045,146,10,1,24,2,0,0,0,0,1,0,0,0,1,0,1,0,6,1,6,20,1,0.13004484304932734,1
1,284250.0,0.37339055793991416,729,97,6,1,33,4,1,0,0,0,0,0,0,1,1,0,1,0,5,1,5,19,1,0.052083333333333336,0
1,80250.0,0.395,859,120,10,1,25,4,0,0,0,1,0,0,0,1,1,0,1,0,3,1,4,4,0,0.13548387096774195,1
0,105000.0,0.0,1294,170,11,1,28,1,0,0,0,1,0,0,0,0,0,0,0,0,6,0,0,9,0,0.125,1
0,105000.0,0.0,821,114,6,1,13,3,0,0,0,1,0,0,0,0,0,1,1,0,4,0,3,23,0,0.027777777777777776,0
0,105000.0,0.0,1140,150,11,1,17,5,0,0,0,1,0,0,0,0,1,0,1,0,6,0,2,4,0,0.02,0
1,166500.0,0.391304347826087,838,110,6,1,23,3,0,1,0,0,0,0,0,0,0,1,1,0,4,0,2,9,0,0.04938271604938271,0
0,105000.0,0.0,1243,164,11,1,14,4,0,0,0,0,1,0,0,0,0,1,1,0,3,0,5,18,1,0.0967741935483871,0
1,113750.0,0.24324324324324326,848,121,10,1,25,1,1,0,0,0,0,0,0,1,0,0,0,0,5,0,1,12,0,0.20588235294117646,1
1,137500.0,0.3282674772036474,1019,145,10,1,19,2,1,0,0,0,0,0,0,0,1,0,1,0,7,0,4,23,0,0.12244897959183673,1
0,105000.0,0.0,746,96,6,1,28,3,0,0,0,0,0,0,1,0,0,1,1,0,4,0,1,4,0,0.06060606060606061,0
1,227011.2,0.33017135862913094,1033,145,10,1,33,3,1,0,0,0,0,0,0,1,1,0,1,0,6,0,1,18,0,0.1323529411764706,1
0,105000.0,0.0,941,125,10,1,31,4,0,0,0,0,0,0,1,1,0,0,1,0,5,0,5,23,1,0.04878048780487805,0
1,120750.0,0.36271186440677966,1086,149,10,1,25,4,0,0,0,1,0,0,0,0,1,0,1,0,6,0,4,23,0,0.06451612903225806,0
1,76750.0,0.2752808988764045,843,112,6,1,14,2,0,0,0,0,1,0,0,0,0,1,1,0,3,1,6,14,1,0.09166666666666666,0
0,105000.0,0.0,838,115,6,1,18,3,1,0,0,0,0,0,0,0,1,0,1,0,4,0,2,21,0,0.045871559633027525,0
0,105000.0,0.0,884,124,10,1,14,4,0,0,1,0,0,0,0,0,0,1,1,0,5,1,6,22,1,0.047619047619047616,0
1,145750.0,0.19504643962848298,828,116,10,1,17,2,1,0,0,0,0,0,0,0,1,0,0,1,4,1,2,12,0,0.10909090909090909,1
0,105000.0,0.0,1132,149,11,1,18,2,0,0,1,0,0,0,0,0,0,0,1,0,6,0,5,18,1,0.08670520231213873,0
1,88750.0,0.32547169811320753,1110,146,11,1,14,1,0,0,1,0,0,0,0,0,0,1,1,0,5,0,4,15,0,0.0625,0
1,144955.19999999998,0.2778944767082665,848,119,10,1,24,4,0,0,0,0,1,0,0,1,0,1,0,1,3,0,3,21,0,0.07352941176470588,0
0,105000.0,0.0,1071,144,10,1,24,2,0,0,0,0,0,0,1,1,0,0,1,0,5,0,6,5,1,0.16666666666666666,1
1,132750.0,0.36615384615384616,712,98,6,1,25,1,0,0,1,0,0,0,0,0,0,0,1,0,4,0,4,20,0,0.13333333333333333,1
1,65250.0,0.26,929,125,10,1,28,1,0,0,0,0,0,0,1,0,1,0,1,0,5,0,0,20,0,0.25,1
1,135750.0,0.38392857142857145,1132,150,11,1,16,2,0,0,1,0,0,0,0,1,1,0,1,0,6,1,4,19,0,0.15789473684210525,1
1,142250.0,0.3313782991202346,1261,168,11,1,25,3,1,0,0,0,0,0,0,0,0,1,1,0,6,0,5,18,1,0.07042253521126761,0
0,105000.0,0.0,914,124,10,1,29,3,0,0,1,0,0,0,0,1,1,0,1,0,5,1,6,16,1,0.07692307692307693,0
0,105000.0,0.0,676,88,6,1,25,4,0,1,0,0,0,0,0,0,0,1,1,0,3,0,2,0,0,0.038461538461538464,0
1,99250.0,0.3729508196721312,904,126,10,1,24,3,0,0,0,0,1,0,0,1,0,1,1,0,5,0,6,18,1,0.10377358490566038,0
1,118000.0,0.3890784982935154,905,120,6,1,18,2,0,1,0,0,0,0,0,1,0,1,1,0,7,0,3,11,0,0.13541666666666666,1
1,121750.0,0.314878892733564,898,121,6,1,14,2,0,0,1,0,0,0,0,0,1,0,1,0,6,0,1,7,0,0.09302325581395349,0
0,105000.0,0.0,862,120,10,1,25,2,0,1,0,0,0,0,0,1,1,0,0,0,5,1,6,2,1,0.05825242718446602,0
1,100750.0,0.24017467248908297,1099,146,11,1,17,3,0,1,0,0,0,0,0,0,1,0,0,1,4,0,5,14,1,0.16129032258064516,1
1,89564.8,0.3577421815408085,1053,144,10,1,32,3,0,0,1,0,0,0,0,0,0,1,1,0,5,1,0,4,0,0.07204610951008646,0
0,105000.0,0.0,1119,147,11,1,18,4,0,0,1,0,0,0,0,1,0,1,1,0,5,0,4,23,0,0.02857142857142857,0
0,105000.0,0.0,1109,147,11,1,18,3,1,0,0,0,0,0,0,0,1,0,1,0,6,0,3,5,0,0.05113636363636364,0
0,105000.0,0.0,836,118,10,1,25,2,1,0,0,0,0,0,0,0,0,0,1,0,4,0,0,6,0,0.06896551724137931,0
1,211000.0,0.33201581027667987,795,104,6,1,35,5,0,0,0,1,0,0,0,0,0,1,1,0,6,0,3,13,0,0.05172413793103448,0
1,75067.20000000001,0.28615530752790314,731,98,6,1,19,2,0,0,0,0,0,1,0,0,1,0,0,0,5,0,6,16,1,0.11290322580645161,1
1,118000.0,0.2188679245283019,856,113,6,1,20,3,0,0,0,0,0,1,0,1,1,0,1,0,4,0,3,9,0,0.18867924528301888,1
1,103750.0,0.20346320346320346,1089,144,11,1,24,3,1,0,0,0,0,0,0,0,0,1,1,0,3,0,3,5,0,0.10869565217391304,1
0,105000.0,0.0,1134,148,11,1,29,3,0,0,1,0,0,0,0,1,0,1,1,0,5,0,5,21,1,0.1,0
1,75250.0,0.21893491124260356,1075,144,10,1,28,3,0,0,0,0,0,0,1,0,0,1,1,0,5,0,2,22,0,0.07692307692307693,0
0,105000.0,0.0,789,103,6,1,35,5,0,0,0,1,0,0,0,1,1,0,1,0,5,0,4,7,0,0.08,0
0,105000.0,0.0,956,135,10,1,18,3,1,0,0,0,0,0,0,1,0,1,1,0,3,0,1,0,0,0.07738095238095238,0
0,105000.0,0.0,873,116,6,1,20,5,0,0,0,0,0,1,0,0,0,0,1,0,5,0,6,23,1,0.03333333333333333,0
1,114750.0,0.3248175182481752,737,98,6,1,24,3,1,0,0,0,0,0,0,0,0,0,1,0,7,0,3,9,0,0.06040268456375839,0
1,252250.0,0.2014260249554367,1096,145,11,1,21,4,1,0,0,0,0,0,0,0,0,1,1,0,3,0,1,14,0,0.042682926829268296,0
0,105000.0,0.0,866,118,10,1,17,5,0,0,0,1,0,0,0,1,1,0,1,0,4,0,5,12,1,0.07407407407407407,0
1,96750.0,0.31004366812227074,995,140,10,1,15,0,1,0,0,0,0,0,0,0,1,0,1,0,4,0,2,21,0,0.1,0
1,168000.0,0.1935483870967742,935,129,10,1,32,3,0,0,1,0,0,0,0,0,1,0,0,0,6,1,3,10,0,0.04807692307692308,0
0,105000.0,0.0,697,94,6,1,21,4,1,0,0,0,0,0,0,0,0,0,1,0,5,0,6,14,1,0.125,1
0,105000.0,0.0,1272,166,11,1,28,1,0,0,0,0,0,0,1,0,0,1,1,0,4,0,4,10,0,0.12941176470588237,1
1,134750.0,0.1912751677852349,794,106,6,1,14,3,0,1,0,0,0,0,0,0,0,1,1,0,3,0,0,0,0,0.0893854748603352,0
0,105000.0,0.0,935,127,10,1,29,1,0,0,1,0,0,0,0,0,1,0,0,0,6,0,2,6,0,0.06451612903225806,0
1,53000.0,0.31746031746031744,1261,166,11,1,28,1,0,0,0,0,0,0,1,1,0,0,0,0,3,0,2,8,0,0.22115384615384615,1
0,105000.0,0.0,845,112,6,1,31,2,0,0,0,0,0,0,1,0,1,0,1,0,3,0,6,12,1,0.12690355329949238,1
1,152750.0,0.298050139275766,1305,173,11,1,25,4,0,0,0,1,0,0,0,1,0,0,1,0,5,1,4,13,0,0.14814814814814814,1
0,105000.0,0.0,1232,165,11,1,19,3,1,0,0,0,0,0,0,0,0,1,1,0,3,0,4,9,0,0.06976744186046512,0
0,105000.0,0.0,735,98,6,1,14,3,0,0,0,0,1,0,0,0,0,1,0,0,6,0,4,6,0,0.04040404040404041,0
1,108500.0,0.25,905,124,6,1,18,3,0,0,0,0,1,0,0,0,0,0,1,0,7,0,6,12,1,0.07246376811594203,0
1,86500.0,0.38317757009345793,923,124,10,1,28,3,0,0,0,0,0,0,1,1,0,0,1,0,5,0,2,16,0,0.16666666666666666,1
1,138500.0,0.36578171091445427,1286,170,11,1,26,4,0,0,0,0,1,0,0,0,1,0,0,1,5,0,4,21,0,0.09333333333333334,0
1,112250.0,0.204,998,141,10,1,14,2,0,1,0,0,0,0,0,1,0,0,1,0,4,0,1,16,0,0.0625,0
1,53185.6,0.37908082408874805,997,138,10,1,26,4,0,0,0,0,1,0,0,1,1,0,1,0,3,0,5,23,1,0.14736842105263157,1
1,102250.0,0.25213675213675213,1097,149,10,1,32,3,0,0,0,1,0,0,0,0,0,1,1,0,6,1,1,10,0,0.052884615384615384,0
0,105000.0,0.0,817,109,6,1,20,1,0,0,0,0,0,1,0,0,1,0,0,1,3,0,1,16,0,0.09090909090909091,0
1,79000.0,0.3877551020408163,834,117,10,1,17,5,0,0,0,1,0,0,0,1,1,0,1,0,3,0,5,14,1,0.19402985074626866,1
1,170000.0,0.34146341463414637,856,120,10,1,15,3,0,0,1,0,0,0,0,0,1,0,0,1,4,1,6,16,1,0.09642857142857143,0
1,50750.0,0.23478260869565218,741,94,6,1,28,1,0,0,0,0,0,0,1,0,0,1,1,0,4,0,5,7,1,0.15,1
1,73250.0,0.3539325842696629,916,124,10,1,24,2,0,0,0,0,0,0,1,1,1,0,0,0,5,0,2,18,0,0.23275862068965517,1
0,105000.0,0.0,818,115,10,1,17,1,1,0,0,0,0,0,0,1,0,1,1,0,3,0,5,3,1,0.0392156862745098,0
1,110750.0,0.2627450980392157,1111,146,11,1,18,1,1,0,0,0,0,0,0,0,1,0,0,1,6,0,1,5,0,0.07766990291262135,0
1,74000.0,0.2988505747126437,930,125,10,1,28,2,0,0,0,0,0,0,1,1,1,0,1,0,5,0,4,20,0,0.32558139534883723,1
1,126750.0,0.3592233009708738,1103,155,10,1,24,3,0,0,0,0,1,0,0,0,1,0,1,0,7,0,2,3,0,0.09090909090909091,0
1,141500.0,0.21451104100946372,772,96,6,1,31,5,0,0,0,0,0,0,1,0,0,1,0,1,5,0,1,7,0,0.04081632653061224,0
1,133000.0,0.35294117647058826,848,120,10,1,26,4,0,0,0,0,1,0,0,1,0,0,1,0,3,0,3,3,0,0.04,0
1,124750.0,0.20503597122302158,1040,146,10,1,17,3,0,1,0,0,0,0,0,0,1,0,0,0,6,0,1,22,0,0.13333333333333333,1
1,44250.0,0.3611111111111111,1139,149,11,1,24,1,0,0,0,0,0,0,1,1,0,1,1,0,5,0,0,7,0,0.24,1
0,105000.0,0.0,1050,145,10,1,28,2,0,0,0,1,0,0,0,0,1,0,1,0,5,1,2,7,0,0.035175879396984924,0
0,105000.0,0.0,1237,165,11,1,21,4,1,0,0,0,0,0,0,1,0,0,1,0,3,0,0,5,0,0.08433734939759036,0
0,105000.0,0.0,1070,149,10,1,14,2,0,0,0,0,1,0,0,1,1,0,1,0,7,0,1,5,0,0.0851063829787234,0
1,43250.0,0.39814814814814814,1281,170,11,1,35,5,0,0,0,1,0,0,0,0,0,1,1,0,5,0,4,20,0,0.15151515151515152,1
0,105000.0,0.0,1285,169,11,1,28,2,0,0,0,0,0,0,1,0,0,0,1,0,3,0,6,2,1,0.09523809523809523,0
1,60000.0,0.24817518248175183,1119,147,11,1,14,4,0,0,0,0,1,0,0,1,0,1,1,0,5,1,6,12,1,0.10052910052910052,0
1,117000.0,0.2857142857142857,855,112,6,1,13,2,0,1,0,0,0,0,0,0,0,0,1,0,5,0,5,11,1,0.13513513513513514,1
1,203881.6,0.28254774837918345,626,88,6,1,19,3,1,0,0,0,0,0,0,0,1,0,1,0,3,1,1,19,0,0.0738255033557047,0
1,46500.0,0.24528301886792453,716,96,6,1,24,2,0,0,0,0,0,0,1,1,0,0,1,0,4,0,4,23,0,0.11235955056179775,1
0,105000.0,0.0,1286,169,11,1,33,4,1,0,0,0,0,0,0,0,1,0,0,1,7,1,5,23,1,0.017857142857142856,0
1,116250.0,0.21153846153846154,1289,170,11,1,32,3,0,0,0,1,0,0,0,1,0,1,1,0,5,0,3,1,0,0.06666666666666667,0
0,105000.0,0.0,851,121,10,1,18,2,1,0,0,0,0,0,0,1,1,0,1,0,6,0,6,21,1,0.061224489795918366,0
1,200250.0,0.32075471698113206,1127,148,11,1,23,3,0,1,0,0,0,0,0,0,1,0,0,0,7,0,6,14,1,0.08641975308641975,0
0,105000.0,0.0,923,128,10,1,15,2,0,0,1,0,0,0,0,0,0,1,1,0,7,0,5,14,1,0.0,0
0,105000.0,0.0,638,89,6,1,25,1,1,0,0,0,0,0,0,1,0,0,1,0,3,1,5,15,1,0.14022140221402213,1
0,105000.0,0.0,804,110,6,1,13,4,0,1,0,0,0,0,0,0,1,0,1,0,4,1,4,6,0,0.028735632183908046,0
1,85750.0,0.32682926829268294,861,121,10,1,18,2,0,0,0,0,1,0,0,0,0,1,1,0,4,0,4,22,0,0.0945945945945946,0
1,48500.0,0.23636363636363636,892,122,10,1,18,0,0,0,1,0,0,0,0,0,1,0,1,0,5,0,5,21,1,0.140625,1
0,105000.0,0.0,714,92,6,1,28,1,0,0,0,0,0,0,1,1,0,1,1,0,3,0,2,16,0,0.20398009950248755,1
1,101000.0,0.20444444444444446,1051,145,10,1,25,4,0,0,0,1,0,0,0,0,1,0,1,0,4,1,4,13,0,0.1095890410958904,1
1,209000.0,0.25833333333333336,1123,153,10,1,32,4,0,0,0,1,0,0,0,0,1,0,1,0,6,0,5,7,1,0.06329113924050633,0
1,83824.0,0.25487223906453016,696,91,6,1,32,1,0,0,0,1,0,0,0,1,0,0,1,0,3,0,6,21,1,0.0625,0
1,40000.0,0.3333333333333333,704,96,6,1,14,0,0,0,0,0,1,0,0,0,0,0,1,0,4,0,2,22,0,0.25,1
1,223516.8,0.33105537003960556,1291,172,11,1,33,4,1,0,0,0,0,0,0,0,0,0,1,0,5,0,2,21,0,0.0,0
0,105000.0,0.0,1111,146,11,1,33,4,1,0,0,0,0,0,0,0,0,1,0,1,5,1,6,1,1,0.12037037037037036,1
0,105000.0,0.0,849,118,6,1,25,1,1,0,0,0,0,0,0,0,0,0,1,0,4,0,3,1,0,0.058823529411764705,0
0,105000.0,0.0,926,124,10,1,28,2,0,0,0,0,0,0,1,0,0,1,1,0,5,0,6,10,1,0.05405405405405406,0
1,159250.0,0.3582474226804124,829,116,10,1,22,4,0,0,0,0,0,1,0,0,0,0,1,0,3,0,2,12,0,0.07216494845360824,0
1,107500.0,0.27309236947791166,1105,147,11,1,24,3,0,0,0,0,1,0,0,0,0,1,1,0,3,1,6,0,1,0.017094017094017096,0
1,227750.0,0.277882797731569,868,123,10,1,15,4,1,0,0,0,0,0,0,0,0,0,0,1,7,0,1,23,0,0.023809523809523808,0
0,105000.0,0.0,1108,146,11,1,21,3,0,1,0,0,0,0,0,1,0,0,1,0,4,0,6,14,1,0.0,0
0,105000.0,0.0,769,103,6,1,14,4,0,0,0,0,1,0,0,0,1,0,1,0,7,1,4,15,0,0.03260869565217391,0
0,105000.0,0.0,692,92,6,1,25,1,1,0,0,0,0,0,0,0,1,0,1,0,4,0,4,13,0,0.0,0
0,105000.0,0.0,704,95,6,1,24,3,1,0,0,0,0,0,0,1,0,0,0,0,6,0,5,15,1,0.11666666666666667,1
1,101500.0,0.17937219730941703,916,124,6,1,14,2,0,0,0,0,1,0,0,0,1,0,0,0,7,0,0,21,0,0.0425531914893617,0
0,105000.0,0.0,703,95,6,1,13,3,0,0,0,1,0,0,0,0,1,0,1,0,4,0,5,1,1,0.02702702702702703,0
0,105000.0,0.0,911,123,10,1,28,2,0,0,0,0,0,0,1,0,0,1,1,0,4,0,3,14,0,0.13432835820895522,1
1,93000.0,0.18536585365853658,743,95,6,1,28,3,0,0,0,0,0,0,1,1,1,0,1,0,4,0,1,17,0,0.2866666666666667,1
0,105000.0,0.0,1305,171,11,1,23,4,0,1,0,0,0,0,0,1,0,1,1,0,7,0,3,21,0,0.04807692307692308,0
0,105000.0,0.0,842,119,10,1,25,1,0,0,1,0,0,0,0,1,0,1,1,0,3,0,3,23,0,0.09090909090909091,0
1,149000.0,0.34444444444444444,758,100,6,1,25,1,0,0,1,0,0,0,0,0,0,1,1,0,5,0,3,19,0,0.1111111111111111,1
0,105000.0,0.0,1139,150,11,1,17,5,0,0,0,1,0,0,0,1,0,1,0,1,6,1,1,3,0,0.0375,0
1,132500.0,0.34375,1044,145,10,1,14,3,0,0,0,0,1,0,0,1,0,0,1,0,6,0,0,20,0,0.11160714285714286,1
1,169250.0,0.38424821002386633,853,119,10,1,15,3,0,0,1,0,0,0,0,0,1,0,1,0,4,1,1,16,0,0.07352941176470588,0
1,117000.0,0.375,1055,149,10,1,19,4,1,0,0,0,0,0,0,0,1,0,1,0,6,0,6,12,1,0.10126582278481013,0
1,80750.0,0.3089005235602094,849,116,6,1,19,2,0,0,0,0,0,1,0,0,0,1,1,0,4,1,6,10,1,0.15702479338842976,1
1,71750.0,0.2392638036809816,750,99,6,1,18,1,0,0,1,0,0,0,0,1,1,0,1,0,6,0,4,21,0,0.13636363636363635,1
0,105000.0,0.0,1114,146,11,1,24,4,0,0,0,0,0,0,1,1,0,0,1,0,3,0,4,20,0,0.07526881720430108,0
0,105000.0,0.0,894,123,10,1,22,4,0,0,0,0,0,1,0,0,0,1,0,1,5,0,5,15,1,0.04411764705882353,0
1,87500.0,0.27586206896551724,1122,147,11,1,18,2,0,0,1,0,0,0,0,1,1,0,1,0,5,0,3,8,0,0.22321428571428573,1
1,75500.0,0.23391812865497075,848,117,10,1,29,1,0,0,1,0,0,0,0,0,1,0,0,1,3,0,2,15,0,0.15789473684210525,1
1,126000.0,0.273972602739726,921,124,6,1,19,4,1,0,0,0,0,0,0,0,1,0,1,0,7,1,3,8,0,0.06611570247933884,0
0,105000.0,0.0,700,96,6,1,14,2,0,0,1,0,0,0,0,0,0,1,1,0,5,1,6,2,1,0.05741626794258373,0
1,99250.0,0.3662551440329218,876,122,10,1,28,3,0,0,0,1,0,0,0,0,0,0,1,0,3,0,2,4,0,0.075,0
1,106250.0,0.22916666666666666,1240,165,11,1,25,1,1,0,0,0,0,0,0,0,1,0,1,0,3,0,6,19,1,0.2,1
1,159500.0,0.30319148936170215,709,94,6,1,19,4,1,0,0,0,0,0,0,0,1,0,1,0,4,0,2,7,0,0.11538461538461539,1
1,56000.0,0.3283582089552239,929,127,10,1,22,4,0,0,0,0,0,1,0,1,0,1,1,0,6,0,6,19,1,0.19230769230769232,1
1,136947.2,0.3129643863694594,918,124,10,1,24,4,0,0,0,0,0,0,1,1,1,0,1,0,5,0,3,17,0,0.1724137931034483,1
0,105000.0,0.0,654,90,6,1,19,1,1,0,0,0,0,0,0,1,0,1,1,0,3,0,6,7,1,0.15555555555555556,1
1,96012.79999999999,0.30294117647058816,821,114,6,1,13,1,0,1,0,0,0,0,0,1,0,0,1,0,5,0,0,17,0,0.18421052631578946,1
0,105000.0,0.0,875,123,10,1,14,1,0,0,1,0,0,0,0,0,0,1,1,0,5,0,6,17,1,0.037037037037037035,0
1,83990.40000000001,0.2399738448125546,770,98,6,1,22,3,0,0,0,0,0,1,0,0,0,1,1,0,6,0,0,16,0,0.13114754098360656,1
1,47500.0,0.34782608695652173,665,91,6,1,19,0,0,0,0,0,0,1,0,0,1,0,1,0,3,0,0,11,0,0.225,1
1,93750.0,0.20574162679425836,859,116,6,1,19,4,1,0,0,0,0,0,0,1,0,1,1,0,5,1,0,22,0,0.08962264150943396,0
1,118500.0,0.2888086642599278,845,119,10,1,24,3,1,0,0,0,0,0,0,1,0,1,1,0,4,0,5,17,1,0.11235955056179775,1
1,129750.0,0.19791666666666666,1088,151,10,1,16,3,0,0,1,0,0,0,0,1,0,1,1,0,6,0,5,20,1,0.16666666666666666,1
1,96250.0,0.3333333333333333,669,90,6,1,19,3,0,0,0,0,0,1,0,0,0,1,1,0,4,0,6,8,1,0.1956521739130435,1
1,160000.0,0.3879093198992443,921,122,6,1,32,4,0,0,0,1,0,0,0,1,0,0,1,0,5,0,6,15,1,0.06201550387596899,0
0,105000.0,0.0,1136,150,11,1,32,3,0,0,1,0,0,0,0,1,0,1,1,0,5,0,3,14,0,0.009900990099009901,0
0,105000.0,0.0,900,118,6,1,20,3,0,0,0,0,0,1,0,1,0,0,1,0,6,0,5,10,1,0.1,0
1,148250.0,0.18654434250764526,1140,150,11,1,14,3,0,0,1,0,0,0,0,0,0,1,1,0,7,0,6,12,1,0.02666666666666667,0
1,211750.0,0.3927893738140417,852,120,10,1,33,4,1,0,0,0,0,0,0,0,0,1,1,0,4,1,2,13,0,0.054945054945054944,0
1,111750.0,0.27413127413127414,669,92,6,1,15,2,0,0,1,0,0,0,0,1,1,0,1,0,4,1,4,18,0,0.10526315789473684,0
0,105000.0,0.0,1021,142,10,1,15,5,1,0,0,0,0,0,0,0,0,1,1,0,7,0,4,21,0,0.11428571428571428,1
1,88000.0,0.23115577889447236,1067,145,10,1,29,3,0,0,1,0,0,0,0,0,0,1,1,0,5,0,4,20,0,0.17073170731707318,1
0,105000.0,0.0,684,87,6,1,23,1,0,1,0,0,0,0,0,1,0,0,0,1,4,1,1,1,0,0.0967741935483871,0
1,251750.0,0.2176991150442478,1254,168,11,1,15,4,1,0,0,0,0,0,0,0,0,1,0,1,4,0,6,15,1,0.10112359550561797,0
1,160500.0,0.2116991643454039,1297,172,11,1,22,4,0,0,0,0,0,1,0,0,1,0,1,0,5,1,0,8,0,0.07407407407407407,0
0,105000.0,0.0,1118,146,11,1,29,2,0,0,1,0,0,0,0,0,1,0,1,0,4,1,3,4,0,0.06451612903225806,0
1,122500.0,0.23104693140794225,1017,139,10,1,24,4,0,0,0,0,0,0,1,0,0,1,1,0,3,0,3,16,0,0.1348314606741573,1
1,178500.0,0.18781725888324874,1265,169,11,1,16,4,0,0,1,0,0,0,0,0,0,1,0,1,3,0,1,8,0,0.03125,0
0,105000.0,0.0,975,138,10,1,15,3,0,0,1,0,0,0,0,0,0,1,1,0,3,1,5,11,1,0.04395604395604396,0
0,105000.0,0.0,997,137,10,1,25,1,1,0,0,0,0,0,0,0,0,0,1,0,3,0,2,8,0,0.0273972602739726,0
1,141250.0,0.3903133903133903,1251,166,11,1,14,3,0,1,0,0,0,0,0,0,0,1,1,0,5,0,1,1,0,0.10204081632653061,0
1,47548.799999999996,0.311669128508124,745,100,6,1,14,0,0,0,0,0,1,0,0,0,0,1,0,1,6,0,1,18,0,0.046511627906976744,0
0,105000.0,0.0,1004,138,10,1,20,1,0,0,0,0,0,1,0,1,0,0,0,0,4,1,0,20,0,0.07749077490774908,0
1,64250.0,0.37341772151898733,702,94,6,1,33,4,1,0,0,0,0,0,0,0,0,1,1,0,5,0,0,11,0,0.2,1
1,46250.0,0.37719298245614036,1108,145,11,1,29,0,0,0,1,0,0,0,0,0,1,0,1,0,3,0,6,5,1,0.3,1
1,175000.0,0.26732673267326734,1110,146,11,1,22,4,0,0,0,0,0,1,0,0,1,0,1,0,3,0,2,16,0,0.08823529411764706,0
1,87000.0,0.25125628140703515,884,122,10,1,19,3,0,0,0,0,0,1,0,0,0,1,1,0,5,0,6,17,1,0.07692307692307693,0
1,92250.0,0.2995391705069124,768,104,6,1,26,4,0,0,0,0,1,0,0,0,1,0,1,0,7,0,5,0,1,0.1,0
0,105000.0,0.0,704,92,6,1,28,2,0,0,0,0,0,0,1,0,0,0,1,0,3,1,2,6,0,0.16417910447761194,1
1,64500.0,0.37735849056603776,1277,167,11,1,31,1,0,0,0,0,0,0,1,1,1,0,0,0,3,0,6,21,1,0.08695652173913043,0
1,108500.0,0.3046875,762,102,6,1,14,4,0,0,0,0,1,0,0,1,0,1,1,0,7,0,2,22,0,0.25,1
1,74250.0,0.2,923,123,10,1,31,3,0,0,0,0,0,0,1,0,0,1,1,0,4,1,4,3,0,0.16022099447513813,1
0,105000.0,0.0,1038,139,10,1,31,4,0,0,0,0,0,0,1,0,0,1,1,0,3,0,3,9,0,0.09375,0
1,120000.0,0.208955223880597,690,93,6,1,21,1,0,1,0,0,0,0,0,0,1,0,1,0,5,1,1,10,0,0.10833333333333334,1
1,93500.0,0.21904761904761905,861,117,10,1,22,3,0,0,0,0,0,1,0,1,0,1,1,0,3,1,0,12,0,0.21666666666666667,1
1,98250.0,0.3760330578512397,858,121,10,1,28,2,0,0,0,1,0,0,0,0,1,0,1,0,3,0,4,0,0,0.0297029702970297,0
0,105000.0,0.0,1279,168,11,1,24,1,0,0,0,0,0,0,1,0,1,0,1,0,4,0,6,1,1,0.058823529411764705,0
0,105000.0,0.0,1282,168,11,1,16,3,0,0,1,0,0,0,0,0,0,1,1,0,6,1,3,3,0,0.023255813953488372,0
1,78250.0,0.3172043010752688,837,116,10,1,18,2,0,0,1,0,0,0,0,0,0,1,1,0,3,1,4,18,0,0.15,1
1,147250.0,0.2676470588235294,737,102,6,1,19,4,1,0,0,0,0,0,0,1,0,1,1,0,6,0,6,5,1,0.08333333333333333,0
1,172348.8,0.2141394546826167,1011,142,10,1,24,3,1,0,0,0,0,0,0,1,1,0,1,0,6,0,4,1,0,0.15517241379310345,1
0,105000.0,0.0,1266,169,11,1,25,4,0,0,0,1,0,0,0,0,0,0,1,0,3,0,4,4,0,0.05660377358490566,0
0,105000.0,0.0,846,118,10,1,17,5,0,0,0,1,0,0,0,0,0,0,1,0,4,0,5,21,1,0.0759493670886076,0
1,105000.0,0.2926829268292683,1095,145,11,1,19,2,1,0,0,0,0,0,0,0,0,0,1,0,3,0,1,1,0,0.12280701754385964,1
0,105000.0,0.0,924,125,10,1,29,1,0,0,1,0,0,0,0,0,0,1,1,0,5,0,6,18,1,0.1033210332103321,0
1,61750.0,0.35333333333333333,671,90,6,1,14,1,0,0,0,0,1,0,0,0,0,1,0,1,3,1,3,0,0,0.09195402298850575,0
1,88250.0,0.319047619047619,1273,170,11,1,25,1,1,0,0,0,0,0,0,0,0,1,1,0,4,0,6,23,1,0.25806451612903225,1
1,113750.0,0.22265625,1124,148,11,1,13,3,0,0,0,1,0,0,0,0,0,0,1,0,5,1,2,9,0,0.10989010989010989,1
1,94750.0,0.34497816593886466,1139,150,11,1,32,3,0,0,1,0,0,0,0,1,1,0,1,0,6,0,6,4,1,0.08823529411764706,0
1,76750.0,0.30386740331491713,1019,141,10,1,14,1,0,1,0,0,0,0,0,0,0,0,1,0,6,1,1,23,0,0.1144578313253012,1
0,105000.0,0.0,1258,167,11,1,14,4,0,0,0,0,1,0,0,0,0,1,0,0,5,1,6,2,1,0.048,0
0,105000.0,0.0,1093,144,11,1,14,4,0,0,1,0,0,0,0,1,0,1,1,0,3,1,4,9,0,0.07317073170731707,0
0,105000.0,0.0,1133,150,11,1,19,2,0,0,0,0,0,1,0,0,1,0,1,0,6,0,6,18,1,0.05555555555555555,0
0,105000.0,0.0,703,94,6,1,24,3,0,0,0,0,1,0,0,0,0,0,1,0,4,0,4,18,0,0.10714285714285714,1
1,55500.0,0.3053435114503817,1311,172,11,1,22,0,0,0,0,0,0,1,0,1,1,0,1,0,5,1,0,4,0,0.22794117647058823,1
0,105000.0,0.0,862,120,10,1,18,3,0,1,0,0,0,0,0,0,0,0,1,0,6,1,1,12,0,0.027149321266968326,0
0,105000.0,0.0,878,123,10,1,22,4,0,0,0,0,0,1,0,0,0,1,1,0,5,1,3,5,0,0.10638297872340426,0
1,120250.0,0.19850187265917604,839,114,6,1,19,2,1,0,0,0,0,0,0,0,0,1,1,0,4,0,4,7,0,0.1016949152542373,0
1,169000.0,0.3827751196172249,708,92,6,1,32,4,0,0,0,1,0,0,0,0,0,1,1,0,3,1,1,16,0,0.09615384615384616,0
1,183250.0,0.36017897091722595,1019,142,10,1,17,3,1,0,0,0,0,0,0,0,1,0,1,0,7,1,5,8,1,0.037037037037037035,0
1,91083.2,0.38353636028054633,1098,144,11,1,22,2,0,0,0,0,0,1,0,0,1,0,1,0,3,0,4,2,0,0.20634920634920634,1
1,144976.0,0.23419886003799875,1270,169,11,1,21,3,0,1,0,0,0,0,0,0,0,0,1,0,4,0,2,6,0,0.04,0
1,170500.0,0.295,1133,149,11,1,33,4,1,0,0,0,0,0,0,1,0,1,1,0,7,0,0,6,0,0.06779661016949153,0
1,49000.0,0.38016528925619836,895,118,6,1,24,1,0,0,0,0,0,0,1,0,0,1,1,0,5,0,1,20,0,0.12269938650306748,1
1,136739.19999999998,0.3785916882476261,890,120,10,1,23,3,0,1,0,0,0,0,0,0,0,1,1,0,6,0,1,2,0,0.03508771929824561,0
1,46500.0,0.17647058823529413,1116,146,11,1,31,1,0,0,0,0,0,0,1,0,0,0,1,0,3,0,3,21,0,0.1,0
1,181500.0,0.2714285714285714,882,122,10,1,14,3,0,1,0,0,0,0,0,0,0,1,1,0,7,1,0,19,0,0.14545454545454545,1
1,54000.0,0.18487394957983194,1143,149,11,1,28,2,0,0,0,0,0,0,1,0,0,1,1,0,5,1,5,17,1,0.11347517730496454,1
1,142209.6,0.29458717884759295,848,117,10,1,23,2,0,1,0,0,0,0,0,0,1,0,1,0,4,0,3,19,0,0.11764705882352941,1
1,65250.0,0.29411764705882354,1126,148,11,1,24,1,0,0,0,0,1,0,0,1,0,1,1,0,5,0,4,1,0,0.2647058823529412,1
1,116000.0,0.2222222222222222,1104,147,11,1,14,4,0,0,0,0,1,0,0,0,0,1,0,0,4,0,4,13,0,0.1111111111111111,1
1,209000.0,0.3313373253493014,1107,146,11,1,18,3,1,0,0,0,0,0,0,1,1,0,1,0,5,0,6,8,1,0.1794871794871795,1
1,80350.40000000001,0.39409686135938476,860,120,10,1,18,2,0,0,0,0,1,0,0,0,0,0,1,0,4,1,3,6,0,0.0,0
1,112000.0,0.2965779467680608,1097,146,11,1,33,2,1,0,0,0,0,0,0,0,0,1,1,0,3,0,4,3,0,0.13942307692307693,1
1,105750.0,0.30120481927710846,724,94,6,1,28,4,0,0,0,0,0,0,1,0,0,1,1,0,4,1,3,23,0,0.025477707006369428,0
1,122250.0,0.3310580204778157,863,119,10,1,23,2,0,1,0,0,0,0,0,1,0,1,1,0,5,0,6,15,1,0.13636363636363635,1
1,53250.0,0.2682926829268293,897,121,10,1,31,1,0,0,0,0,0,0,1,1,1,0,1,0,3,0,5,15,1,0.23076923076923078,1
0,105000.0,0.0,1124,148,11,1,16,1,0,0,1,0,0,0,0,1,0,1,1,0,5,0,2,19,0,0.06666666666666667,0
0,105000.0,0.0,894,126,10,1,19,4,1,0,0,0,0,0,0,1,0,1,0,0,5,1,6,16,1,0.09210526315789473,0
1,158641.6,0.33645981023012317,1116,146,11,1,14,3,0,1,0,0,0,0,0,1,0,1,1,0,6,0,3,18,0,0.14285714285714285,1
1,133500.0,0.34674922600619196,840,120,10,1,25,2,1,0,0,0,0,0,0,0,1,0,0,0,5,0,2,8,0,0.12318840579710146,1
1,170500.0,0.2467866323907455,1117,147,11,1,12,3,0,1,0,0,0,0,0,1,1,0,0,1,6,0,0,3,0,0.017241379310344827,0
1,95000.0,0.2882882882882883,1139,149,11,1,28,3,0,0,0,0,0,0,1,0,1,0,1,0,5,0,3,10,0,0.08571428571428572,0
0,105000.0,0.0,754,96,6,1,28,3,0,0,0,0,0,0,1,0,0,1,1,0,5,1,4,12,0,0.11284046692607004,1
0,105000.0,0.0,894,123,10,1,20,4,0,0,0,0,0,1,0,1,0,0,1,0,5,0,2,7,0,0.06666666666666667,0
0,105000.0,0.0,1260,168,11,1,18,5,0,0,0,0,1,0,0,0,1,0,1,0,3,1,6,7,1,0.028846153846153848,0
0,105000.0,0.0,817,115,10,1,12,1,0,1,0,0,0,0,0,0,0,1,1,0,3,0,1,1,0,0.10526315789473684,0
1,74250.0,0.2529411764705882,1015,139,10,1,29,1,0,0,1,0,0,0,0,0,1,0,0,0,3,1,6,11,1,0.1404494382022472,1
1,164000.0,0.31794871794871793,1118,148,11,1,25,3,1,0,0,0,0,0,0,1,0,0,1,0,6,1,4,16,0,0.14285714285714285,1
1,53000.0,0.33070866141732286,904,122,6,1,19,1,0,0,0,0,0,1,0,0,0,1,1,0,5,0,5,10,1,0.05263157894736842,0
1,99250.0,0.20361990950226244,859,118,6,1,25,1,1,0,0,0,0,0,0,0,0,0,0,0,5,1,2,1,0,0.1232876712328767,1
1,70750.0,0.38285714285714284,844,117,10,1,20,2,0,0,0,0,0,1,0,0,0,0,1,0,4,0,1,8,0,0.0,0
0,105000.0,0.0,902,127,10,1,15,1,0,0,1,0,0,0,0,1,0,0,1,0,6,0,3,5,0,0.05063291139240506,0
0,105000.0,0.0,873,118,6,1,24,3,0,0,0,0,1,0,0,0,0,1,0,1,4,1,5,4,1,0.015625,0
0,105000.0,0.0,1000,137,10,1,23,3,0,1,0,0,0,0,0,1,0,1,1,0,4,1,5,2,1,0.09826589595375723,0
1,293750.0,0.2540861812778603,1254,166,11,1,25,1,0,0,1,0,0,0,0,1,1,0,1,0,3,0,4,22,0,0.11764705882352941,1
0,105000.0,0.0,918,127,10,1,32,3,0,0,1,0,0,0,0,0,0,1,1,0,5,0,3,7,0,0.06741573033707865,0
1,80250.0,0.3622448979591837,872,118,10,1,28,3,0,0,0,0,0,0,1,0,0,1,1,0,3,1,4,17,0,0.13609467455621302,1
1,83500.0,0.22340425531914893,775,104,6,1,25,1,0,0,1,0,0,0,0,0,0,1,0,1,7,1,1,18,0,0.09166666666666666,0
0,105000.0,0.0,880,122,10,1,25,4,0,0,0,1,0,0,0,0,0,1,1,0,4,0,4,10,0,0.061224489795918366,0
1,75750.0,0.21764705882352942,746,98,6,1,19,2,0,0,0,0,0,1,0,1,0,1,1,0,6,1,6,20,1,0.2037037037037037,1
1,89000.0,0.2966507177033493,1096,145,11,1,24,3,1,0,0,0,0,0,0,1,0,0,1,0,4,1,0,5,0,0.12345679012345678,1
1,71000.0,0.20253164556962025,881,124,10,1,18,2,0,0,0,0,1,0,0,0,0,1,1,0,5,0,6,13,1,0.012345679012345678,0
1,130500.0,0.1875,1106,148,11,1,19,1,1,0,0,0,0,0,0,0,1,0,1,0,6,0,1,15,0,0.09523809523809523,0
0,105000.0,0.0,1033,146,10,1,25,1,0,0,1,0,0,0,0,1,1,0,1,0,3,1,0,6,0,0.07894736842105263,0
1,207500.0,0.3820662768031189,697,92,6,1,12,4,0,1,0,0,0,0,0,0,0,0,1,0,6,1,3,22,0,0.034482758620689655,0
1,63750.0,0.39622641509433965,834,112,6,1,19,2,0,0,0,0,0,1,0,1,0,1,1,0,3,1,0,18,0,0.12418300653594772,1
1,138500.0,0.375366568914956,1258,167,11,1,21,4,1,0,0,0,0,0,0,1,0,0,0,0,5,1,3,21,0,0.07272727272727272,0
1,55000.0,0.21138211382113822,916,118,6,1,31,2,0,0,0,0,0,0,1,1,0,1,0,1,5,1,4,9,0,0.1917808219178082,1
1,195500.0,0.350210970464135,949,131,10,1,32,3,0,0,1,0,0,0,0,0,0,1,1,0,6,0,5,17,1,0.02531645569620253,0
0,105000.0,0.0,1083,144,11,1,12,3,0,1,0,0,0,0,0,0,1,0,1,0,3,0,6,1,1,0.029411764705882353,0
1,127670.40000000001,0.2742865176437509,1112,145,11,1,28,4,0,0,0,0,0,0,1,0,1,0,1,0,3,1,2,9,0,0.018518518518518517,0
1,89273.6,0.3714665148928097,1025,143,10,1,18,1,0,0,0,0,1,0,0,0,1,0,1,0,5,1,0,17,0,0.1388888888888889,1
1,70886.4,0.3615384615384616,696,90,6,1,28,2,0,0,0,0,0,0,1,1,1,0,1,0,3,0,4,19,0,0.1875,1
1,77000.0,0.2696629213483146,1259,167,11,1,22,4,0,0,0,0,0,1,0,0,0,1,1,0,4,0,3,9,0,0.10843373493975904,1
1,156750.0,0.38402061855670105,1272,168,11,1,25,1,0,0,1,0,0,0,0,0,1,0,1,0,5,0,3,22,0,0.07017543859649122,0
0,105000.0,0.0,943,129,10,1,28,2,0,0,0,1,0,0,0,0,1,0,1,0,6,1,0,4,0,0.07042253521126761,0
1,104500.0,0.328,665,88,6,1,18,3,0,0,1,0,0,0,0,0,0,1,1,0,3,0,6,13,1,0.09523809523809523,0
1,93000.0,0.36123348017621143,741,98,6,1,15,1,0,0,1,0,0,0,0,0,1,0,1,0,6,1,3,1,0,0.12686567164179105,1
0,105000.0,0.0,1037,142,10,1,14,1,0,1,0,0,0,0,0,1,0,1,1,0,5,1,4,17,0,0.11403508771929824,1
1,63250.0,0.3987341772151899,737,96,6,1,29,2,0,0,1,0,0,0,0,0,0,1,1,0,4,0,6,4,1,0.08,0
0,105000.0,0.0,923,121,6,1,16,1,0,0,1,0,0,0,0,1,0,0,1,0,7,0,3,1,0,0.05102040816326531,0
1,117000.0,0.26666666666666666,856,116,6,1,14,3,0,0,0,0,1,0,0,1,0,1,0,0,6,0,1,8,0,0.16666666666666666,1
1,93750.0,0.23113207547169812,887,116,6,1,20,3,0,0,0,0,0,1,0,1,0,1,1,0,5,1,5,18,1,0.10067114093959731,0
1,143500.0,0.2710843373493976,1111,147,11,1,25,1,1,0,0,0,0,0,0,1,0,1,1,0,6,0,0,13,0,0.13513513513513514,1
1,223849.6,0.26692970448506315,1098,146,11,1,24,4,0,0,0,0,1,0,0,0,1,0,1,0,3,0,3,13,0,0.08256880733944955,0
1,133750.0,0.19865319865319866,1267,168,11,1,25,1,0,0,1,0,0,0,0,1,0,1,1,0,4,1,3,5,0,0.12698412698412698,1
1,78000.0,0.23728813559322035,898,123,10,1,24,2,0,0,0,0,0,0,1,0,1,0,0,0,4,0,0,1,0,0.21153846153846154,1
1,110750.0,0.29615384615384616,1101,149,10,1,28,3,0,0,0,0,0,0,1,0,1,0,1,0,5,0,5,10,1,0.1320754716981132,1
1,332250.0,0.28294573643410853,900,124,10,1,33,4,1,0,0,0,0,0,0,0,0,1,0,0,7,1,6,22,1,0.044642857142857144,0
0,105000.0,0.0,965,128,6,1,35,5,0,0,0,1,0,0,0,0,0,1,0,0,6,0,0,9,0,0.08571428571428572,0
1,263500.0,0.33753943217665616,1234,165,11,1,17,3,0,1,0,0,0,0,0,1,1,0,1,0,3,0,5,1,1,0.07547169811320754,0
1,98500.0,0.39183673469387753,1019,142,10,1,16,1,0,0,1,0,0,0,0,0,0,1,0,0,5,0,2,16,0,0.13134328358208955,1
1,81250.0,0.38308457711442784,745,98,6,1,17,5,0,0,0,1,0,0,0,0,0,1,1,0,5,0,1,12,0,0.1095890410958904,1
1,117500.0,0.3333333333333333,1276,169,11,1,22,3,0,0,0,0,0,1,0,1,1,0,1,0,4,0,2,15,0,0.144,1
1,146750.0,0.3649025069637883,1298,171,11,1,25,4,0,0,0,1,0,0,0,0,1,0,1,0,6,1,2,5,0,0.07166123778501629,0
0,105000.0,0.0,732,95,6,1,32,0,0,0,0,1,0,0,0,1,1,0,1,0,3,0,6,8,1,0.06557377049180328,0
1,128750.0,0.3805031446540881,888,125,10,1,14,4,0,0,0,0,1,0,0,0,1,0,1,0,6,0,3,20,0,0.0594059405940594,0
1,163250.0,0.23513513513513515,840,119,10,1,24,3,1,0,0,0,0,0,0,1,0,0,1,0,4,0,5,23,1,0.12162162162162163,1
0,105000.0,0.0,1123,149,11,1,26,4,0,0,0,0,1,0,0,1,1,0,1,0,5,0,2,19,0,0.10869565217391304,1
1,176250.0,0.1969309462915601,1244,165,11,1,18,4,0,0,1,0,0,0,0,0,1,0,1,0,3,0,4,6,0,0.09722222222222222,0
0,105000.0,0.0,934,125,10,1,31,3,0,0,0,0,0,0,1,0,0,1,1,0,5,1,4,19,0,0.07514450867052024,0
0,105000.0,0.0,1051,145,10,1,22,4,0,0,0,0,0,1,0,1,0,1,0,0,4,0,2,2,0,0.02702702702702703,0
1,97000.0,0.37656903765690375,1244,164,11,1,12,2,0,1,0,0,0,0,0,0,0,0,1,0,4,1,4,22,0,0.14285714285714285,1
1,102250.0,0.364,1249,166,11,1,14,4,0,0,0,0,1,0,0,0,0,1,1,0,4,0,4,4,0,0.04225352112676056,0
0,105000.0,0.0,680,92,6,1,19,1,1,0,0,0,0,0,0,0,1,0,1,0,4,0,5,1,1,0.14864864864864866,1
0,105000.0,0.0,816,110,6,1,14,3,0,1,0,0,0,0,0,0,0,1,1,0,4,0,6,10,1,0.17142857142857143,1
1,74500.0,0.3258426966292135,926,124,6,1,17,5,0,0,0,1,0,0,0,1,1,0,1,0,6,0,1,19,0,0.10869565217391304,1
0,105000.0,0.0,1247,165,11,1,25,1,1,0,0,0,0,0,0,1,0,1,1,0,4,1,3,23,0,0.07407407407407407,0
1,78000.0,0.375,734,96,6,1,25,1,0,1,0,0,0,0,0,0,0,0,1,0,6,0,6,22,1,0.0851063829787234,0
0,105000.0,0.0,857,120,10,1,19,3,0,0,0,0,0,1,0,1,0,1,1,0,4,0,5,7,1,0.11538461538461539,1
1,113750.0,0.30855018587360594,1132,150,11,1,32,3,0,0,1,0,0,0,0,0,0,1,1,0,5,0,5,19,1,0.07894736842105263,0
0,105000.0,0.0,869,116,6,1,24,3,1,0,0,0,0,0,0,1,0,1,1,0,7,0,0,8,0,0.03225806451612903,0
1,117500.0,0.30935251798561153,714,96,6,1,24,3,1,0,0,0,0,0,0,0,0,0,1,0,5,0,5,20,1,0.037037037037037035,0
0,105000.0,0.0,880,121,10,1,35,5,0,0,0,1,0,0,0,1,0,1,1,0,3,0,3,11,0,0.058823529411764705,0
1,44000.0,0.18556701030927836,755,98,6,1,22,0,0,0,0,0,0,1,0,0,0,1,1,0,6,1,5,3,1,0.125,1
1,135250.0,0.30407523510971785,1261,168,11,1,14,3,0,0,0,0,1,0,0,0,1,0,0,0,5,1,5,0,1,0.06930693069306931,0
0,105000.0,0.0,725,96,6,1,17,3,0,1,0,0,0,0,0,1,0,1,1,0,7,0,6,0,1,0.05504587155963303,0
0,105000.0,0.0,870,120,10,1,24,4,0,0,0,0,0,0,1,1,0,1,0,0,3,0,6,6,1,0.05,0
1,75000.0,0.3425414364640884,1118,149,11,1,24,2,0,0,0,0,1,0,0,0,0,1,1,0,5,0,0,13,0,0.08,0
1,110750.0,0.32196969696969696,1296,172,11,1,16,1,0,0,1,0,0,0,0,0,1,0,1,0,6,0,4,16,0,0.16666666666666666,1
1,122250.0,0.22181818181818183,1133,148,11,1,31,4,0,0,0,0,0,0,1,0,0,1,1,0,4,1,0,14,0,0.11347517730496454,1
1,61500.0,0.3150684931506849,1297,172,11,1,19,4,1,0,0,0,0,0,0,0,0,1,1,0,7,1,6,18,1,0.07614213197969544,0
0,105000.0,0.0,1039,145,10,1,22,4,0,0,0,0,0,1,0,0,1,0,1,0,4,0,0,13,0,0.16666666666666666,1
1,117000.0,0.35789473684210527,802,109,6,1,14,1,0,0,1,0,0,0,0,1,1,0,1,0,3,0,3,20,0,0.09782608695652174,0
0,105000.0,0.0,1115,149,11,1,14,3,0,0,0,0,1,0,0,0,1,0,0,0,5,1,2,4,0,0.056074766355140186,0
1,74000.0,0.25882352941176473,1118,146,11,1,29,1,0,0,1,0,0,0,0,0,1,0,1,0,4,0,6,15,1,0.1728395061728395,1
1,231750.0,0.3267148014440433,894,127,10,1,26,4,0,0,0,0,1,0,0,1,0,1,1,0,5,0,6,9,1,0.07608695652173914,0
1,56750.0,0.2265625,1072,147,10,1,31,2,0,0,0,0,0,0,1,0,0,1,1,0,4,0,0,10,0,0.19047619047619047,1
1,170250.0,0.37857142857142856,1121,149,11,1,24,4,0,0,0,0,1,0,0,0,1,0,1,0,5,0,4,14,0,0.015151515151515152,0
0,105000.0,0.0,1311,172,11,1,31,3,0,0,0,0,0,0,1,1,1,0,1,0,5,0,3,13,0,0.2,1
1,163500.0,0.24664879356568364,1245,166,11,1,21,4,1,0,0,0,0,0,0,0,0,1,1,0,4,0,1,13,0,0.08270676691729323,0
0,105000.0,0.0,1134,149,11,1,20,2,0,0,0,0,0,1,0,1,0,0,1,0,6,1,0,10,0,0.08771929824561403,0
0,105000.0,0.0,809,117,10,1,17,3,0,1,0,0,0,0,0,1,0,1,1,0,3,0,6,6,1,0.11009174311926606,1
1,168000.0,0.29441624365482233,748,100,6,1,13,4,0,0,0,1,0,0,0,1,0,1,1,0,6,0,5,20,1,0.10588235294117647,0
1,141000.0,0.19230769230769232,1047,143,10,1,28,4,0,0,0,0,0,0,1,0,1,0,1,0,3,1,0,22,0,0.1518987341772152,1
0,105000.0,0.0,1283,169,11,1,32,3,0,0,1,0,0,0,0,0,0,0,1,0,5,1,0,2,0,0.09740259740259741,0
1,106433.6,0.2966045272969374,662,88,6,1,12,2,0,1,0,0,0,0,0,1,0,1,1,0,4,0,3,3,0,0.1111111111111111,1
1,167000.0,0.3786407766990291,840,114,6,1,17,3,0,1,0,0,0,0,0,0,1,0,1,0,4,0,5,2,1,0.04918032786885246,0
1,50250.0,0.22123893805309736,936,127,10,1,29,1,0,0,1,0,0,0,0,1,0,1,1,0,6,0,5,20,1,0.2,1
1,65250.0,0.26,917,119,6,1,29,1,0,0,1,0,0,0,0,1,0,0,1,0,6,0,2,22,0,0.2743362831858407,1
1,118250.0,0.29856115107913667,724,95,6,1,25,4,0,0,0,1,0,0,0,1,0,0,0,0,4,0,1,12,0,0.07142857142857142,0
0,105000.0,0.0,1104,145,11,1,20,2,0,0,0,0,0,1,0,0,1,0,0,1,4,0,5,10,1,0.14285714285714285,1
0,105000.0,0.0,823,112,6,1,15,1,1,0,0,0,0,0,0,1,0,1,1,0,5,1,0,13,0,0.1076923076923077,1
1,86000.0,0.25380710659898476,894,124,10,1,17,5,0,0,0,1,0,0,0,0,1,0,1,0,5,1,6,4,1,0.075,0
1,165250.0,0.3350125944584383,776,102,6,1,35,5,0,0,0,1,0,0,0,0,0,0,0,0,5,1,0,22,0,0.05154639175257732,0
1,187000.0,0.34146341463414637,948,131,10,1,25,1,0,0,1,0,0,0,0,0,1,0,1,0,7,0,3,2,0,0.14814814814814814,1
0,105000.0,0.0,1287,170,11,1,14,3,0,0,0,0,1,0,0,1,1,0,1,0,7,1,1,9,0,0.05555555555555555,0
1,52500.0,0.1896551724137931,710,94,6,1,20,1,0,0,0,0,0,1,0,1,0,1,1,0,5,0,1,19,0,0.18518518518518517,1
1,79250.0,0.2677595628415301,1022,141,10,1,18,3,0,0,1,0,0,0,0,1,0,0,1,0,5,1,1,1,0,0.10756972111553785,1
1,70750.0,0.39204545454545453,680,94,6,1,17,0,1,0,0,0,0,0,0,1,0,0,1,0,6,0,2,1,0,0.09090909090909091,0
1,119250.0,0.2591240875912409,1111,146,11,1,26,4,0,0,0,0,1,0,0,1,0,1,0,0,3,0,1,6,0,0.07142857142857142,0
1,82000.0,0.30927835051546393,1130,150,11,1,14,4,0,0,0,0,1,0,0,0,0,1,1,0,7,0,3,20,0,0.12195121951219512,1
0,105000.0,0.0,1271,170,11,1,32,3,0,0,1,0,0,0,0,0,0,1,1,0,3,0,2,5,0,0.02040816326530612,0
0,105000.0,0.0,1121,149,11,1,19,3,0,0,0,0,0,1,0,0,1,0,1,0,5,0,5,20,1,0.05172413793103448,0
1,56750.0,0.34306569343065696,900,122,10,1,22,1,0,0,0,0,0,1,0,1,0,1,1,0,5,0,3,23,0,0.19014084507042253,1
0,105000.0,0.0,878,114,6,1,17,5,0,0,0,1,0,0,0,0,0,0,1,0,5,1,1,14,0,0.04639175257731959,0
1,74500.0,0.3163841807909605,736,100,6,1,14,4,0,0,0,0,1,0,0,1,0,1,1,0,7,0,6,4,1,0.15789473684210525,1
1,69000.0,0.2962962962962963,1264,166,11,1,28,3,0,0,0,0,0,0,1,1,0,0,1,0,3,0,3,21,0,0.21621621621621623,1
0,105000.0,0.0,726,94,6,1,18,1,0,0,1,0,0,0,0,0,0,1,1,0,5,1,0,23,0,0.08099688473520249,0
0,105000.0,0.0,840,114,6,1,14,4,0,0,0,0,1,0,0,1,1,0,1,0,4,0,4,2,0,0.0,0
1,72250.0,0.3,706,92,6,1,23,0,0,1,0,0,0,0,0,0,0,1,1,0,5,1,3,17,0,0.12087912087912088,1
0,105000.0,0.0,1087,147,10,1,29,1,0,0,1,0,0,0,0,0,0,1,1,0,6,0,5,8,1,0.045454545454545456,0
1,86000.0,0.20833333333333334,683,92,6,1,24,2,0,0,0,0,1,0,0,0,0,1,1,0,3,1,2,16,0,0.08018867924528301,0
0,105000.0,0.0,1100,145,11,1,22,3,0,0,0,0,0,1,0,0,0,1,1,0,3,0,6,13,1,0.06557377049180328,0
0,105000.0,0.0,940,131,10,1,26,4,0,0,0,0,1,0,0,1,0,1,1,0,7,0,3,20,0,0.045454545454545456,0
1,65250.0,0.3269230769230769,1107,145,11,1,28,1,0,0,0,1,0,0,0,0,0,0,1,0,3,1,5,17,1,0.06937799043062201,0
1,95750.0,0.3347826086956522,1075,143,11,1,13,1,0,1,0,0,0,0,0,0,0,1,0,0,3,0,1,17,0,0.11450381679389313,1
1,84000.0,0.3283582089552239,782,104,6,1,25,4,0,0,0,1,0,0,0,0,0,0,1,0,6,0,2,4,0,0.07142857142857142,0
1,109000.0,0.32950191570881227,714,98,6,1,25,1,0,0,1,0,0,0,0,0,0,1,0,1,4,0,3,1,0,0.11009174311926606,1
1,42000.0,0.4,1079,145,10,1,28,1,0,0,0,0,0,0,1,1,0,1,1,0,5,0,0,2,0,0.2006079027355623,1
0,105000.0,0.0,837,112,6,1,20,2,0,0,0,0,0,1,0,1,1,0,1,0,3,0,6,11,1,0.18309859154929578,1
1,151000.0,0.26436781609195403,664,90,6,1,15,3,1,0,0,0,0,0,0,0,0,1,1,0,4,0,6,2,1,0.11504424778761062,1
0,105000.0,0.0,900,123,10,1,24,3,0,0,0,0,0,0,1,0,0,0,1,0,4,0,2,1,0,0.07692307692307693,0
1,123250.0,0.3174061433447099,1247,165,11,1,33,2,1,0,0,0,0,0,0,1,0,1,1,0,3,0,0,10,0,0.09090909090909091,0
1,131000.0,0.33650793650793653,890,124,10,1,24,3,0,0,0,0,1,0,0,0,1,0,1,0,5,1,5,5,1,0.11214953271028037,1
1,104750.0,0.38223938223938225,707,92,6,1,28,4,0,0,0,0,0,0,1,1,0,1,1,0,3,1,1,7,0,0.13709677419354838,1
1,51500.0,0.352,1294,169,11,1,28,1,0,0,0,0,0,0,1,0,1,0,0,0,5,0,5,19,1,0.24468085106382978,1
1,109000.0,0.28346456692913385,705,94,6,1,17,3,0,1,0,0,0,0,0,0,0,1,1,0,5,1,6,8,1,0.06551724137931035,0
1,92000.0,0.23076923076923078,881,118,6,1,13,3,0,0,0,1,0,0,0,0,0,0,1,0,5,0,2,17,0,0.020833333333333332,0
1,138250.0,0.308868501529052,866,118,10,1,31,4,0,0,0,0,0,0,1,0,1,0,1,0,3,1,0,0,0,0.07804878048780488,0
0,105000.0,0.0,665,90,6,1,17,3,0,1,0,0,0,0,0,1,1,0,1,0,4,0,0,18,0,0.09722222222222222,0
0,105000.0,0.0,832,118,10,1,21,4,1,0,0,0,0,0,0,0,1,0,1,0,4,1,3,18,0,0.027777777777777776,0
1,68000.0,0.34146341463414637,1248,166,11,1,19,1,0,0,0,0,0,1,0,1,0,0,1,0,3,0,0,17,0,0.13559322033898305,1
0,105000.0,0.0,699,90,6,1,25,4,0,0,0,1,0,0,0,1,0,1,1,0,3,1,3,12,0,0.049586776859504134,0
1,107000.0,0.20168067226890757,1094,145,11,1,21,4,1,0,0,0,0,0,0,0,1,0,1,0,3,0,1,7,0,0.26,1
1,49500.0,0.2631578947368421,885,119,10,1,28,2,0,0,0,0,0,0,1,0,0,1,0,1,3,0,5,18,1,0.15577889447236182,1
1,73750.0,0.3142857142857143,1083,145,11,1,14,1,0,0,0,0,1,0,0,0,0,1,1,0,3,1,5,22,1,0.05357142857142857,0
1,126250.0,0.25259515570934254,1121,149,11,1,19,4,1,0,0,0,0,0,0,0,0,0,1,0,4,1,6,19,1,0.12953367875647667,1
1,103000.0,0.22413793103448276,914,123,10,1,31,4,0,0,0,0,0,0,1,0,0,0,0,1,4,1,5,14,1,0.06593406593406594,0
1,84000.0,0.36893203883495146,911,118,6,1,32,1,0,0,0,1,0,0,0,0,1,0,1,0,4,0,2,15,0,0.09803921568627451,0
0,105000.0,0.0,1126,148,11,1,18,3,0,1,0,0,0,0,0,1,0,1,1,0,7,0,2,18,0,0.10416666666666667,0
1,109500.0,0.20491803278688525,724,94,6,1,23,2,0,1,0,0,0,0,0,0,0,1,0,0,6,0,2,11,0,0.13636363636363635,1
1,91250.0,0.37777777777777777,900,122,10,1,22,3,0,0,0,0,0,1,0,0,0,1,1,0,5,1,6,19,1,0.06279069767441861,0
1,85750.0,0.27638190954773867,1244,165,11,1,20,3,0,0,0,0,0,1,0,1,0,1,0,0,3,0,1,12,0,0.16393442622950818,1
0,105000.0,0.0,852,121,10,1,17,3,0,1,0,0,0,0,0,0,1,0,1,0,5,0,2,11,0,0.16981132075471697,1
0,105000.0,0.0,720,96,6,1,18,2,1,0,0,0,0,0,0,0,1,0,1,0,7,0,4,21,0,0.20833333333333334,1
1,161000.0,0.2962962962962963,858,119,10,1,17,3,1,0,0,0,0,0,0,0,0,0,0,1,5,1,0,5,0,0.15789473684210525,1
0,105000.0,0.0,1310,174,11,1,32,3,0,0,1,0,0,0,0,0,0,1,1,0,5,0,2,20,0,0.08955223880597014,0
1,88000.0,0.3778801843317972,924,123,6,1,25,4,0,0,0,1,0,0,0,1,1,0,0,0,6,1,5,5,1,0.06375838926174497,0
1,171750.0,0.34057971014492755,1120,148,11,1,14,4,0,0,0,0,1,0,0,1,0,0,0,0,5,0,2,6,0,0.058823529411764705,0
0,105000.0,0.0,1155,151,11,1,32,3,0,0,1,0,0,0,0,1,0,0,1,0,6,1,6,3,1,0.04035874439461883,0
1,62545.6,0.33775566611387503,1032,141,10,1,24,2,0,0,0,0,0,0,1,0,0,1,1,0,4,1,5,7,1,0.18770226537216828,1
1,102500.0,0.31275720164609055,1104,145,11,1,17,3,0,1,0,0,0,0,0,0,1,0,1,0,4,0,4,6,0,0.14634146341463414,1
1,121750.0,0.32068965517241377,1298,171,11,1,25,1,0,0,1,0,0,0,0,0,1,0,0,1,7,1,6,4,1,0.09090909090909091,0
1,101500.0,0.19555555555555557,748,100,6,1,33,1,1,0,0,0,0,0,0,1,0,1,1,0,7,0,5,13,1,0.2222222222222222,1
0,105000.0,0.0,879,119,6,1,19,2,0,0,0,0,0,1,0,0,1,0,1,0,5,1,6,1,1,0.13043478260869565,1
1,154750.0,0.3963730569948187,1157,151,11,1,28,4,0,0,0,1,0,0,0,1,0,1,1,0,6,0,2,22,0,0.045454545454545456,0
1,153250.0,0.2924791086350975,657,92,6,1,17,3,1,0,0,0,0,0,0,0,0,1,1,0,5,1,5,10,1,0.07086614173228346,0
1,174200.0,0.3475730071033939,852,120,10,1,17,3,0,1,0,0,0,0,0,0,1,0,1,0,5,0,5,17,1,0.07575757575757576,0
1,64417.6,0.2620650953984287,1003,141,10,1,20,1,0,0,0,0,0,1,0,0,1,0,0,0,3,1,5,4,1,0.13253012048192772,1
1,112500.0,0.3146067415730337,675,94,6,1,14,4,0,0,0,0,1,0,0,1,0,1,1,0,4,0,5,20,1,0.1267605633802817,1
0,105000.0,0.0,1113,147,11,1,33,1,1,0,0,0,0,0,0,1,0,0,0,1,4,0,4,9,0,0.10909090909090909,1
1,83000.0,0.32323232323232326,934,126,10,1,29,3,0,0,1,0,0,0,0,0,0,1,1,0,6,0,2,19,0,0.1511627906976744,1
1,196750.0,0.23937360178970918,849,116,6,1,25,1,1,0,0,0,0,0,0,0,0,0,1,0,3,0,2,5,0,0.07339449541284404,0
1,143250.0,0.2997032640949555,745,94,6,1,23,3,0,1,0,0,0,0,0,0,0,0,0,0,7,1,0,16,0,0.044534412955465584,0
1,51521.6,0.3289473684210526,695,90,6,1,20,1,0,0,0,0,0,1,0,0,0,0,1,0,4,0,2,16,0,0.14285714285714285,1
0,105000.0,0.0,647,88,6,1,17,3,0,1,0,0,0,0,0,0,0,1,1,0,3,0,2,2,0,0.022222222222222223,0
1,146000.0,0.2619047619047619,862,117,6,1,24,3,0,0,0,0,1,0,0,0,1,0,1,0,4,0,3,1,0,0.1111111111111111,1
0,105000.0,0.0,708,96,6,1,22,4,0,0,0,0,0,1,0,0,0,0,0,0,4,1,1,9,0,0.16279069767441862,1
1,69500.0,0.2625,996,139,10,1,18,0,1,0,0,0,0,0,0,1,0,0,1,0,3,1,4,15,0,0.14492753623188406,1
0,105000.0,0.0,886,126,10,1,14,2,0,0,0,0,1,0,0,1,0,0,1,0,6,1,6,23,1,0.08571428571428572,0
1,171500.0,0.285,1019,142,10,1,33,3,1,0,0,0,0,0,0,0,0,1,1,0,5,0,6,12,1,0.0,0
0,105000.0,0.0,685,90,6,1,14,4,0,0,0,0,1,0,0,0,0,1,1,0,4,0,6,3,1,0.015151515151515152,0
1,70750.0,0.39204545454545453,1015,143,10,1,28,2,0,0,0,1,0,0,0,1,0,1,0,1,3,0,1,6,0,0.1276595744680851,1
1,119750.0,0.3482758620689655,675,91,6,1,18,3,0,0,1,0,0,0,0,0,1,0,0,0,3,0,4,0,0,0.11574074074074074,1
0,105000.0,0.0,1049,143,10,1,20,1,0,0,0,0,0,1,0,1,0,1,1,0,5,1,0,20,0,0.16901408450704225,1
1,128500.0,0.3682539682539683,837,114,6,1,17,2,1,0,0,0,0,0,0,1,0,1,0,0,6,1,1,19,0,0.16483516483516483,1
0,105000.0,0.0,1021,144,10,1,24,1,0,0,0,0,1,0,0,0,1,0,1,0,4,1,6,17,1,0.05917159763313609,0
0,105000.0,0.0,850,118,10,1,25,1,0,0,1,0,0,0,0,1,0,0,1,0,3,0,2,8,0,0.13392857142857142,1
1,128250.0,0.2785234899328859,1109,147,11,1,33,2,1,0,0,0,0,0,0,0,1,0,1,0,4,0,3,1,0,0.125,1
0,105000.0,0.0,690,94,6,1,13,2,0,0,0,1,0,0,0,0,0,1,0,1,4,1,1,0,0,0.06597222222222222,0
1,106500.0,0.23236514522821577,1099,146,11,1,13,2,0,0,0,1,0,0,0,1,1,0,0,0,4,0,4,2,0,0.11363636363636363,1
1,132000.0,0.3184713375796178,1266,167,11,1,32,3,0,0,0,1,0,0,0,0,1,0,1,0,3,0,2,21,0,0.043478260869565216,0
1,91500.0,0.35874439461883406,1025,139,10,1,28,3,0,0,0,0,0,0,1,0,1,0,0,0,3,0,0,13,0,0.07792207792207792,0
1,142521.6,0.18897845909871816,735,98,6,1,26,4,0,0,0,0,1,0,0,1,0,1,0,1,6,0,6,11,1,0.07377049180327869,0
1,95500.0,0.32456140350877194,1115,148,11,1,24,3,0,0,0,0,1,0,0,0,0,1,1,0,5,1,4,3,0,0.09278350515463918,0
0,105000.0,0.0,1112,146,11,1,22,1,0,0,0,0,0,1,0,1,0,0,1,0,3,0,3,14,0,0.11392405063291139,1
0,105000.0,0.0,872,121,10,1,14,2,0,0,1,0,0,0,0,0,1,0,1,0,5,1,1,21,0,0.02912621359223301,0
1,99250.0,0.1872146118721461,938,120,6,1,32,3,0,0,0,1,0,0,0,0,0,1,0,0,5,0,6,20,1,0.05357142857142857,0
1,57250.0,0.3986013986013986,763,98,6,1,28,2,0,0,0,0,0,0,1,0,0,0,1,0,5,0,0,21,0,0.05825242718446602,0
1,106080.0,0.22714633298574904,935,129,10,1,25,1,0,0,1,0,0,0,0,0,1,0,1,0,6,0,2,13,0,0.12149532710280374,1
1,81750.0,0.18333333333333332,1265,169,11,1,14,4,0,0,0,0,1,0,0,1,1,0,1,0,5,0,5,19,1,0.1527777777777778,1
1,122750.0,0.289198606271777,1112,147,11,1,17,3,0,1,0,0,0,0,0,1,0,1,0,0,6,0,5,23,1,0.18947368421052632,1
1,110073.6,0.2678775977745049,1283,171,11,1,32,3,0,0,1,0,0,0,0,0,0,1,1,0,3,0,6,7,1,0.11764705882352941,1
1,110011.2,0.2485099337748344,1070,145,10,1,22,3,0,0,0,0,0,1,0,0,1,0,1,0,6,0,6,18,1,0.14285714285714285,1
1,119500.0,0.36860068259385664,831,112,6,1,13,2,0,1,0,0,0,0,0,1,1,0,1,0,5,1,2,17,0,0.09574468085106383,0
1,48500.0,0.26785714285714285,922,125,10,1,24,1,0,0,0,0,0,0,1,0,0,1,1,0,5,0,1,23,0,0.2558139534883721,1
0,105000.0,0.0,1117,149,11,1,24,1,0,0,0,0,1,0,0,0,0,0,1,0,4,0,4,19,0,0.01694915254237288,0
1,67000.0,0.2709677419354839,883,121,10,1,22,2,0,0,0,0,0,1,0,0,0,1,0,1,4,0,0,12,0,0.17757009345794392,1
0,105000.0,0.0,899,118,6,1,28,3,0,0,0,0,0,0,1,0,0,0,0,1,4,0,3,11,0,0.07291666666666667,0
1,77250.0,0.38219895287958117,843,109,6,1,28,3,0,0,0,0,0,0,1,1,0,0,1,0,3,1,5,20,1,0.125,1
0,105000.0,0.0,1021,143,10,1,19,2,0,0,0,0,0,1,0,0,0,1,1,0,5,0,2,17,0,0.1791044776119403,1
1,58750.0,0.3793103448275862,1106,145,11,1,18,1,0,0,1,0,0,0,0,1,0,0,1,0,3,0,2,22,0,0.2033898305084746,1
1,73250.0,0.3812154696132597,1145,151,11,1,25,4,0,0,0,1,0,0,0,1,0,1,0,1,6,0,1,19,0,0.08823529411764706,0
1,118250.0,0.3046594982078853,927,122,6,1,35,5,0,0,0,1,0,0,0,0,1,0,1,0,5,0,3,15,0,0.058823529411764705,0
0,105000.0,0.0,940,128,6,1,24,3,0,0,0,0,1,0,0,0,0,0,1,0,7,0,5,8,1,0.07692307692307693,0
1,98500.0,0.2943722943722944,914,125,10,1,18,3,0,0,1,0,0,0,0,0,1,0,1,0,6,1,1,10,0,0.09271523178807947,0
1,78291.2,0.3470911086717892,680,92,6,1,14,0,0,0,1,0,0,0,0,0,1,0,1,0,3,0,5,21,1,0.041666666666666664,0
1,71500.0,0.384180790960452,866,118,10,1,32,1,0,0,0,1,0,0,0,1,0,1,1,0,3,0,0,13,0,0.17708333333333334,1
0,105000.0,0.0,1044,142,10,1,31,1,0,0,0,0,0,0,1,0,0,1,1,0,4,0,1,20,0,0.06666666666666667,0
1,89250.0,0.3317757009345794,1135,148,11,1,26,4,0,0,0,0,1,0,0,1,0,0,1,0,5,0,5,18,1,0.09016393442622951,0
1,112000.0,0.358974358974359,1108,145,11,1,22,4,0,0,0,0,0,1,0,0,0,0,1,0,3,0,6,2,1,0.03571428571428571,0
1,86000.0,0.38497652582159625,702,91,6,1,31,3,0,0,0,0,0,0,1,1,0,0,0,0,3,0,5,20,1,0.19696969696969696,1
1,147250.0,0.35014005602240894,884,117,6,1,13,3,0,0,0,1,0,0,0,1,1,0,1,0,5,0,2,17,0,0.07407407407407407,0
1,81250.0,0.2620320855614973,1094,145,11,1,13,1,0,1,0,0,0,0,0,0,0,1,0,1,5,1,3,22,0,0.17647058823529413,1
1,105000.0,0.2572614107883817,786,102,6,1,32,3,0,0,0,1,0,0,0,0,0,1,1,0,6,1,0,0,0,0.0,0
1,182500.0,0.21515892420537897,722,97,6,1,24,4,0,0,0,0,1,0,0,1,0,0,1,0,5,0,4,18,0,0.08139534883720931,0
1,67250.0,0.3081761006289308,850,120,10,1,18,1,0,0,0,0,1,0,0,0,0,1,1,0,4,1,4,22,0,0.11475409836065574,1
1,55250.0,0.1885245901639344,1146,149,11,1,24,1,0,0,0,0,0,0,1,1,0,0,1,0,5,0,5,14,1,0.16176470588235295,1
0,105000.0,0.0,841,119,10,1,14,2,0,0,1,0,0,0,0,0,0,1,1,0,3,1,1,16,0,0.02830188679245283,0
0,105000.0,0.0,1293,171,11,1,24,3,0,0,0,0,1,0,0,1,1,0,0,0,7,0,5,21,1,0.046511627906976744,0
1,80750.0,0.3089005235602094,880,119,10,1,28,3,0,0,0,0,0,0,1,0,0,1,1,0,3,0,5,3,1,0.16260162601626016,1
0,105000.0,0.0,834,118,10,1,21,4,1,0,0,0,0,0,0,1,0,0,1,0,4,1,6,8,1,0.03977272727272727,0
1,124750.0,0.31986531986531985,670,93,6,1,25,4,0,0,0,1,0,0,0,1,0,0,1,0,3,0,2,9,0,0.07142857142857142,0
0,105000.0,0.0,688,94,6,1,18,2,0,0,0,0,1,0,0,0,0,0,0,0,4,0,5,9,1,0.12173913043478261,1
0,105000.0,0.0,813,115,10,1,17,5,1,0,0,0,0,0,0,0,0,1,1,0,3,1,3,23,0,0.01834862385321101,0
1,152750.0,0.3963254593175853,830,116,10,1,18,3,0,1,0,0,0,0,0,1,0,0,0,1,4,0,0,0,0,0.06060606060606061,0
1,78000.0,0.31351351351351353,1095,145,11,1,18,2,0,0,0,0,1,0,0,1,0,1,1,0,3,0,3,19,0,0.1375,1
1,105750.0,0.29435483870967744,874,120,6,1,24,3,1,0,0,0,0,0,0,1,0,1,1,0,7,0,1,11,0,0.13793103448275862,1
0,105000.0,0.0,718,96,6,1,25,1,0,0,1,0,0,0,0,1,0,0,1,0,4,1,2,10,0,0.0,0
0,105000.0,0.0,1115,146,11,1,28,2,0,0,0,0,0,0,1,1,1,0,0,1,3,0,3,9,0,0.13924050632911392,1
1,108250.0,0.30859375,1129,148,11,1,22,3,0,0,0,0,0,1,0,1,1,0,0,1,5,0,0,19,0,0.2077922077922078,1
1,75000.0,0.2658959537572254,987,138,10,1,17,5,0,0,0,1,0,0,0,0,0,1,1,0,3,0,6,5,1,0.1282051282051282,1
1,92750.0,0.3511111111111111,852,121,10,1,24,2,0,0,0,0,1,0,0,1,0,0,0,1,4,0,2,13,0,0.23214285714285715,1
1,72500.0,0.3333333333333333,777,98,6,1,28,2,0,0,0,0,0,0,1,0,1,0,1,0,5,0,2,13,0,0.125,1
0,105000.0,0.0,1144,151,11,1,24,3,0,0,0,0,1,0,0,1,0,1,1,0,7,0,6,7,1,0.09859154929577464,0
1,92500.0,0.23809523809523808,1106,148,11,1,14,1,0,0,0,0,1,0,0,0,1,0,0,0,5,0,6,21,1,0.1643835616438356,1
1,129958.4,0.2660283097418818,1145,152,11,1,19,4,1,0,0,0,0,0,0,0,0,1,1,0,7,1,3,13,0,0.08163265306122448,0
1,72238.4,0.31284916201117324,1130,149,11,1,19,1,0,0,0,0,0,1,0,0,1,0,1,0,5,0,0,0,0,0.09230769230769231,0
1,124750.0,0.347682119205298,1039,147,10,1,24,3,1,0,0,0,0,0,0,0,0,1,1,0,6,1,2,8,0,0.11231884057971014,1
0,105000.0,0.0,928,125,10,1,32,1,0,0,0,1,0,0,0,0,0,1,1,0,5,0,3,19,0,0.05714285714285714,0
1,203500.0,0.38492063492063494,900,125,10,1,25,1,0,0,1,0,0,0,0,0,1,0,1,0,5,0,3,1,0,0.06578947368421052,0
0,105000.0,0.0,1141,150,11,1,32,3,0,0,1,0,0,0,0,0,0,0,1,0,6,0,1,6,0,0.0958904109589041,0
1,144250.0,0.2191358024691358,996,141,10,1,19,3,1,0,0,0,0,0,0,0,0,1,1,0,5,0,4,4,0,0.04285714285714286,0
1,93500.0,0.3739130434782609,1115,146,11,1,20,3,0,0,0,0,0,1,0,1,0,0,1,0,4,0,4,12,0,0.030303030303030304,0
1,123000.0,0.32081911262798635,930,128,10,1,25,4,0,0,0,1,0,0,0,0,0,1,1,0,6,0,1,2,0,0.11904761904761904,1
0,105000.0,0.0,836,118,10,1,14,4,0,0,0,0,1,0,0,1,0,1,1,0,4,0,5,3,1,0.10256410256410256,0
1,114000.0,0.2595419847328244,1097,145,11,1,24,3,1,0,0,0,0,0,0,0,1,0,1,0,3,0,1,14,0,0.08641975308641975,0
1,120750.0,0.3458904109589041,1040,141,10,1,22,3,0,0,0,0,0,1,0,0,1,0,1,0,4,0,0,18,0,0.049773755656108594,0
1,137000.0,0.3641791044776119,1122,148,11,1,21,3,0,1,0,0,0,0,0,0,0,0,1,0,6,1,6,4,1,0.0364963503649635,0
1,29500.0,0.2898550724637681,741,94,6,1,31,0,0,0,0,0,0,0,1,0,0,0,0,0,4,1,5,17,1,0.1462925851703407,1
1,197500.0,0.37782340862423,1121,148,11,1,25,1,1,0,0,0,0,0,0,0,1,0,1,0,7,1,3,9,0,0.06944444444444445,0
1,136500.0,0.3148148148148148,871,123,10,1,17,3,0,1,0,0,0,0,0,0,1,0,0,1,6,0,5,11,1,0.06521739130434782,0
1,108500.0,0.1991701244813278,1153,151,11,1,32,2,0,0,0,1,0,0,0,0,1,0,1,0,6,0,2,21,0,0.12903225806451613,1
1,49250.0,0.3017241379310345,918,127,10,1,22,4,0,0,0,0,0,1,0,0,0,0,1,0,6,0,4,5,0,0.11949685534591195,1
0,105000.0,0.0,1131,148,11,1,22,2,0,0,0,0,0,1,0,1,0,1,1,0,5,0,1,23,0,0.1263537906137184,1
1,75250.0,0.2897727272727273,1115,147,11,1,22,4,0,0,0,0,0,1,0,0,1,0,1,0,4,1,3,22,0,0.11363636363636363,1
1,117750.0,0.29347826086956524,870,122,10,1,24,3,1,0,0,0,0,0,0,1,0,0,1,0,6,0,0,14,0,0.14705882352941177,1
0,105000.0,0.0,911,124,6,1,14,5,0,0,0,0,1,0,0,0,0,1,0,0,7,0,0,9,0,0.03389830508474576,0
1,161000.0,0.19101123595505617,888,124,10,1,17,3,0,1,0,0,0,0,0,1,0,1,1,0,7,0,6,14,1,0.10526315789473684,0
0,105000.0,0.0,1065,145,10,1,24,1,0,0,0,0,0,0,1,0,0,1,0,0,5,0,3,12,0,0.1310344827586207,1
1,86500.0,0.23469387755102042,724,94,6,1,23,1,0,1,0,0,0,0,0,0,0,1,1,0,6,0,1,18,0,0.16393442622950818,1
1,86500.0,0.19791666666666666,936,129,10,1,25,4,0,0,0,1,0,0,0,1,1,0,0,1,6,0,4,2,0,0.152,1
1,107500.0,0.3333333333333333,662,91,6,1,19,1,1,0,0,0,0,0,0,1,0,0,1,0,5,0,5,12,1,0.17307692307692307,1
1,124250.0,0.18613138686131386,1092,143,11,1,18,2,0,1,0,0,0,0,0,0,0,1,0,1,3,0,4,5,0,0.11842105263157894,1
1,44250.0,0.2980769230769231,1314,172,11,1,31,1,0,0,0,0,0,0,1,0,0,1,1,0,4,0,3,20,0,0.27,1
0,105000.0,0.0,1061,148,10,1,19,4,1,0,0,0,0,0,0,1,0,1,0,1,6,0,5,14,1,0.11538461538461539,1
0,105000.0,0.0,827,108,6,1,24,1,0,0,0,0,0,0,1,1,1,0,0,1,3,0,2,7,0,0.16071428571428573,1
1,83500.0,0.3786407766990291,692,96,6,1,15,1,1,0,0,0,0,0,0,0,0,0,1,0,6,0,4,1,0,0.21428571428571427,1
1,153500.0,0.24068767908309455,964,134,10,1,18,3,0,1,0,0,0,0,0,0,0,1,1,0,3,0,1,4,0,0.09259259259259259,0
0,105000.0,0.0,1262,166,11,1,22,4,0,0,0,0,0,1,0,0,1,0,1,0,4,1,4,8,0,0.11382113821138211,1
1,142250.0,0.3362573099415205,1105,147,11,1,16,3,0,0,1,0,0,0,0,1,0,0,1,0,4,0,2,16,0,0.2,1
1,152750.0,0.2134502923976608,852,112,6,1,17,3,1,0,0,0,0,0,0,0,0,1,1,0,6,0,0,8,0,0.07692307692307693,0
1,71750.0,0.38764044943820225,1111,145,11,1,31,3,0,0,0,0,0,0,1,0,0,1,0,1,3,0,5,11,1,0.08480565371024736,0
1,73750.0,0.3791208791208791,1095,145,11,1,17,0,1,0,0,0,0,0,0,1,0,0,1,0,5,1,1,10,0,0.07534246575342465,0
1,100984.0,0.32487922705314004,1113,147,11,1,32,3,0,0,1,0,0,0,0,0,0,1,1,0,3,0,6,20,1,0.14814814814814814,1
1,108250.0,0.3346153846153846,916,125,10,1,18,3,0,0,1,0,0,0,0,0,1,0,1,0,6,0,2,13,0,0.05660377358490566,0
1,213000.0,0.3520309477756286,1089,144,11,1,18,3,0,1,0,0,0,0,0,0,1,0,1,0,3,1,3,12,0,0.09195402298850575,0
1,50500.0,0.19642857142857142,1093,145,11,1,19,0,0,0,0,0,0,1,0,1,1,0,1,0,3,0,5,11,1,0.1875,1
1,89750.0,0.32242990654205606,920,128,10,1,18,3,0,0,0,0,1,0,0,0,0,0,1,0,7,0,5,23,1,0.05128205128205128,0
1,258250.0,0.34455128205128205,686,93,6,1,23,4,0,1,0,0,0,0,0,0,1,0,1,0,5,0,1,13,0,0.05698005698005698,0
0,105000.0,0.0,1155,152,11,1,32,3,0,0,1,0,0,0,0,0,1,0,1,0,6,0,1,16,0,0.021739130434782608,0
1,85000.0,0.34951456310679613,1100,145,11,1,24,3,1,0,0,0,0,0,0,0,0,1,1,0,3,0,6,14,1,0.13725490196078433,1
1,144500.0,0.33429394812680113,1271,168,11,1,26,4,0,0,0,0,1,0,0,0,1,0,1,0,5,0,5,20,1,0.16,1
1,62750.0,0.38064516129032255,1122,148,11,1,25,0,0,1,0,0,0,0,0,0,0,1,1,0,6,0,0,23,0,0.17142857142857143,1
1,179670.4,0.3786015954950728,1112,148,11,1,14,4,0,0,1,0,0,0,0,0,0,1,1,0,5,1,5,21,1,0.07936507936507936,0
1,109886.4,0.32445290199809707,937,131,10,1,19,4,1,0,0,0,0,0,0,1,1,0,1,0,7,0,3,2,0,0.08695652173913043,0
1,88000.0,0.3778801843317972,1032,141,10,1,18,3,0,0,1,0,0,0,0,1,0,0,1,0,5,0,1,15,0,0.16,1
1,182500.0,0.29439252336448596,1110,146,11,1,25,1,0,0,1,0,0,0,0,0,1,0,1,0,4,1,1,5,0,0.08837209302325581,0
0,105000.0,0.0,871,122,10,1,13,3,0,0,0,1,0,0,0,0,0,0,1,0,4,1,6,21,1,0.024096385542168676,0
1,106500.0,0.30278884462151395,898,125,10,1,19,3,0,0,0,0,0,1,0,1,0,0,1,0,5,0,4,12,0,0.16666666666666666,1
1,72750.0,0.19254658385093168,1123,148,11,1,32,3,0,0,1,0,0,0,0,0,0,1,1,0,4,1,3,7,0,0.10130718954248366,0
0,105000.0,0.0,1125,148,11,1,20,3,0,0,0,0,0,1,0,1,0,0,0,0,5,0,5,17,1,0.05128205128205128,0
1,136750.0,0.2297734627831715,938,131,10,1,19,4,1,0,0,0,0,0,0,0,1,0,0,0,7,0,6,7,1,0.1328125,1
0,105000.0,0.0,1108,147,11,1,25,1,0,1,0,0,0,0,0,1,1,0,1,0,5,0,4,2,0,0.07317073170731707,0
1,164500.0,0.18732782369146006,725,96,6,1,25,3,0,1,0,0,0,0,0,1,0,1,1,0,7,0,2,10,0,0.10119047619047619,0
1,95000.0,0.32599118942731276,946,130,10,1,25,1,0,0,1,0,0,0,0,0,0,0,1,0,7,0,0,15,0,0.07692307692307693,0
1,125500.0,0.2323943661971831,1069,148,10,1,15,2,0,0,1,0,0,0,0,1,1,0,1,0,6,1,3,0,0,0.15483870967741936,1
1,82000.0,0.39215686274509803,1266,167,11,1,24,3,0,0,0,0,0,0,1,1,1,0,1,0,4,0,5,5,1,0.20689655172413793,1
1,55750.0,0.3722627737226277,754,95,6,1,28,1,0,0,0,0,0,0,1,1,0,0,0,0,5,0,0,9,0,0.23255813953488372,1
1,178500.0,0.3918918918918919,1007,139,10,1,14,4,0,0,1,0,0,0,0,0,0,1,0,0,4,0,6,10,1,0.08641975308641975,0
1,142000.0,0.3583815028901734,1021,144,10,1,14,4,0,0,0,0,1,0,0,0,0,0,1,0,5,0,5,0,1,0.1,0
1,98250.0,0.29130434782608694,767,102,6,1,25,1,0,0,1,0,0,0,0,1,0,1,1,0,6,0,2,0,0,0.07777777777777778,0
1,75250.0,0.26011560693641617,1109,148,11,1,14,2,0,0,0,0,1,0,0,1,0,0,0,0,5,0,2,10,0,0.18181818181818182,1
0,105000.0,0.0,1104,145,11,1,25,3,0,1,0,0,0,0,0,1,0,0,1,0,3,0,2,12,0,0.11818181818181818,1
1,147000.0,0.29069767441860467,1118,146,11,1,32,3,0,0,0,1,0,0,0,1,1,0,1,0,3,0,1,7,0,0.05454545454545454,0
0,105000.0,0.0,888,122,10,1,22,4,0,0,0,0,0,1,0,1,0,0,0,0,5,0,3,5,0,0.0425531914893617,0
0,105000.0,0.0,886,121,10,1,28,2,0,0,0,0,0,0,1,1,0,1,1,0,3,0,0,19,0,0.10714285714285714,1
0,105000.0,0.0,1039,144,10,1,17,5,0,0,0,1,0,0,0,1,0,0,1,0,5,0,4,13,0,0.0425531914893617,0
1,110500.0,0.2248995983935743,695,95,6,1,26,4,0,0,0,0,1,0,0,1,1,0,1,0,4,0,4,6,0,0.1,0
1,104750.0,0.24686192468619247,1297,172,11,1,24,3,0,0,0,0,1,0,0,0,0,1,1,0,7,0,6,13,1,0.02631578947368421,0
0,105000.0,0.0,838,117,10,1,14,3,0,1,0,0,0,0,0,1,0,1,1,0,4,0,0,17,0,0.022222222222222223,0
1,87750.0,0.38990825688073394,902,124,10,1,25,1,0,0,1,0,0,0,0,1,0,1,1,0,5,1,2,15,0,0.1774193548387097,1
0,105000.0,0.0,661,88,6,1,18,2,0,0,1,0,0,0,0,0,0,1,1,0,3,0,3,14,0,0.13846153846153847,1
1,123000.0,0.32081911262798635,1063,146,10,1,14,1,0,1,0,0,0,0,0,0,1,0,1,0,7,0,0,18,0,0.16304347826086957,1
0,105000.0,0.0,1130,149,11,1,19,4,1,0,0,0,0,0,0,0,0,0,1,0,6,0,3,15,0,0.027190332326283987,0
1,54750.0,0.248,723,95,6,1,24,1,0,0,0,0,0,0,1,0,1,0,1,0,4,1,6,23,1,0.17857142857142858,1
1,78520.0,0.28308321964529326,1144,149,11,1,28,3,0,0,0,0,0,0,1,1,0,1,1,0,5,0,0,8,0,0.16417910447761194,1
1,109000.0,0.3484848484848485,1125,149,11,1,16,2,0,0,1,0,0,0,0,0,0,1,0,0,6,0,5,18,1,0.08,0
1,115000.0,0.19607843137254902,1125,149,11,1,25,1,1,0,0,0,0,0,0,1,1,0,1,0,7,0,3,10,0,0.19117647058823528,1
0,105000.0,0.0,1131,148,11,1,24,1,0,0,0,0,0,0,1,0,1,0,1,0,4,0,6,4,1,0.05128205128205128,0
1,120250.0,0.3413793103448276,897,119,6,1,33,1,1,0,0,0,0,0,0,1,0,0,0,0,6,0,6,16,1,0.10810810810810811,1
0,105000.0,0.0,817,115,10,1,14,0,0,1,0,0,0,0,0,1,0,1,1,0,3,0,0,13,0,0.17857142857142858,1
0,105000.0,0.0,681,91,6,1,24,3,1,0,0,0,0,0,0,0,1,0,1,0,4,0,2,0,0,0.03734439834024896,0
1,177250.0,0.2956730769230769,1017,141,10,1,21,3,0,1,0,0,0,0,0,1,1,0,0,0,5,0,5,8,1,0.16560509554140126,1
1,186500.0,0.2529274004683841,863,121,10,1,16,4,0,0,1,0,0,0,0,0,0,1,0,1,4,0,0,12,0,0.034722222222222224,0
0,105000.0,0.0,1135,148,11,1,24,2,0,0,0,0,0,0,1,0,1,0,1,0,5,0,0,13,0,0.08074534161490683,0
0,105000.0,0.0,1088,144,11,1,17,5,0,0,0,1,0,0,0,0,0,0,1,0,3,0,1,15,0,0.06542056074766354,0
1,81750.0,0.21311475409836064,874,120,6,1,17,3,0,1,0,0,0,0,0,0,0,0,1,0,6,0,4,7,0,0.12903225806451613,1
1,147500.0,0.2066869300911854,1124,149,11,1,16,2,0,0,1,0,0,0,0,0,1,0,1,0,5,0,1,11,0,0.14516129032258066,1
1,85000.0,0.30845771144278605,894,124,10,1,14,1,0,0,1,0,0,0,0,1,0,1,1,0,6,1,1,12,0,0.17058823529411765,1
1,121500.0,0.32413793103448274,1089,148,10,1,22,3,0,0,0,0,0,1,0,0,1,0,1,0,6,0,2,0,0,0.14084507042253522,1
0,105000.0,0.0,1106,146,11,1,25,0,1,0,0,0,0,0,0,0,1,0,1,0,4,0,2,14,0,0.06172839506172839,0
1,131000.0,0.26490066225165565,783,104,6,1,25,1,0,0,1,0,0,0,0,0,0,1,1,0,7,0,2,23,0,0.10416666666666667,0
1,71864.0,0.3383024765568647,916,125,10,1,25,4,0,0,0,1,0,0,0,1,0,1,1,0,5,0,4,1,0,0.02702702702702703,0
1,115250.0,0.36524822695035464,1027,142,10,1,33,2,1,0,0,0,0,0,0,0,0,1,1,0,5,0,1,0,0,0.06,0
1,55250.0,0.21774193548387097,1104,145,11,1,18,1,0,0,0,0,1,0,0,0,0,0,1,0,3,0,1,17,0,0.15151515151515152,1
1,65250.0,0.3375796178343949,885,123,10,1,26,4,0,0,0,0,1,0,0,1,0,0,1,0,4,0,1,16,0,0.12631578947368421,1
0,105000.0,0.0,706,93,6,1,25,3,0,1,0,0,0,0,0,1,0,0,1,0,5,0,0,15,0,0.053763440860215055,0
1,91750.0,0.33181818181818185,740,98,6,1,19,3,0,0,0,0,0,1,0,0,0,1,1,0,6,0,1,7,0,0.14084507042253522,1
0,105000.0,0.0,1091,146,10,1,32,3,0,0,0,1,0,0,0,1,0,0,1,0,5,0,5,4,1,0.03783783783783784,0
1,88750.0,0.3936651583710407,1292,170,11,1,28,2,0,0,0,1,0,0,0,0,0,1,0,0,5,1,0,18,0,0.0784313725490196,0
1,76000.0,0.3016759776536313,1260,168,11,1,22,4,0,0,0,0,0,1,0,1,1,0,1,0,3,1,5,19,1,0.2564102564102564,1
1,112798.4,0.3065271705184261,738,101,6,1,19,4,1,0,0,0,0,0,0,0,1,0,0,0,6,0,1,6,0,0.08,0
1,154500.0,0.2737430167597765,1075,144,11,1,14,3,0,1,0,0,0,0,0,0,0,1,1,0,3,0,2,2,0,0.1794871794871795,1
0,105000.0,0.0,893,123,10,1,24,2,0,0,0,0,1,0,0,1,0,0,1,0,4,0,1,21,0,0.10204081632653061,0
0,105000.0,0.0,698,96,6,1,25,1,1,0,0,0,0,0,0,0,0,0,1,0,5,0,0,4,0,0.06,0
1,135000.0,0.2857142857142857,817,112,6,1,13,3,0,1,0,0,0,0,0,0,0,1,0,0,3,0,6,16,1,0.05,0
0,105000.0,0.0,852,120,10,1,32,3,0,0,1,0,0,0,0,0,0,0,1,0,3,1,4,11,0,0.025423728813559324,0
0,105000.0,0.0,683,94,6,1,24,1,0,0,0,0,1,0,0,0,0,1,1,0,3,1,6,8,1,0.07228915662650602,0
1,74000.0,0.30857142857142855,870,123,10,1,14,1,0,0,0,0,1,0,0,0,1,0,0,0,5,0,5,19,1,0.14375,1
1,80250.0,0.3869346733668342,1106,147,11,1,14,2,0,0,0,0,1,0,0,1,0,0,1,0,5,0,2,11,0,0.07865168539325842,0
1,66500.0,0.3270440251572327,898,121,10,1,28,3,0,0,0,0,0,0,1,0,0,0,1,0,4,0,2,7,0,0.16,1
0,105000.0,0.0,1039,144,10,1,28,3,0,0,0,1,0,0,0,0,1,0,1,0,4,1,5,0,1,0.05603448275862069,0
1,71000.0,0.25766871165644173,721,96,6,1,25,1,0,0,1,0,0,0,0,0,0,0,1,0,4,0,1,11,0,0.11538461538461539,1
1,141000.0,0.26993865030674846,842,116,10,1,14,3,0,1,0,0,0,0,0,1,0,0,1,0,4,0,2,12,0,0.14814814814814814,1
1,85862.40000000001,0.21359013200605922,828,118,10,1,17,3,0,1,0,0,0,0,0,1,1,0,0,0,4,1,0,14,0,0.17,1
1,141750.0,0.2391304347826087,1104,147,11,1,24,3,1,0,0,0,0,0,0,0,1,0,1,0,5,0,5,8,1,0.027777777777777776,0
1,73500.0,0.3389830508474576,1124,149,11,1,15,1,0,0,1,0,0,0,0,0,0,0,1,0,6,1,4,23,0,0.10204081632653061,0
1,104500.0,0.23628691983122363,1023,140,10,1,17,5,0,0,0,1,0,0,0,0,0,1,0,0,4,1,5,16,1,0.055762081784386616,0
1,224681.6,0.33289605679450573,1091,150,10,1,25,1,0,0,1,0,0,0,0,1,0,1,1,0,7,1,3,15,0,0.041044776119402986,0
0,105000.0,0.0,749,101,6,1,13,2,0,0,0,1,0,0,0,0,1,0,0,1,6,1,5,10,1,0.053763440860215055,0
1,121500.0,0.2517985611510791,843,114,6,1,18,2,1,0,0,0,0,0,0,0,0,0,1,0,5,0,3,2,0,0.09523809523809523,0
1,229750.0,0.34115523465703973,1243,165,11,1,18,3,1,0,0,0,0,0,0,0,1,0,0,1,4,0,2,6,0,0.08527131782945736,0
1,119250.0,0.20676691729323307,1116,148,11,1,19,2,1,0,0,0,0,0,0,0,0,1,1,0,6,0,2,5,0,0.08196721311475409,0
1,73000.0,0.3502824858757062,929,125,10,1,28,3,0,0,0,0,0,0,1,0,0,0,1,0,5,0,6,23,1,0.12681159420289856,1
1,69750.0,0.2,1135,149,11,1,22,4,0,0,0,0,0,1,0,1,0,0,1,0,5,1,2,2,0,0.06976744186046512,0
1,73250.0,0.3812154696132597,866,122,10,1,21,4,1,0,0,0,0,0,0,1,0,0,1,0,6,0,3,18,0,0.15217391304347827,1
1,54250.0,0.22131147540983606,1087,147,10,1,29,0,0,0,1,0,0,0,0,0,1,0,1,0,6,1,3,4,0,0.12727272727272726,1
1,27250.0,0.24193548387096775,723,92,6,1,28,0,0,0,0,0,0,0,1,0,0,0,1,0,4,0,0,16,0,0.13636363636363635,1
0,105000.0,0.0,1235,165,11,1,18,3,0,0,0,0,1,0,0,0,0,1,1,0,3,0,2,14,0,0.025210084033613446,0
1,79500.0,0.36923076923076925,1037,143,10,1,12,1,0,1,0,0,0,0,0,0,0,0,0,1,7,0,4,14,0,0.18125,1
1,83750.0,0.325,1294,169,11,1,31,3,0,0,0,0,0,0,1,0,1,0,1,0,5,1,3,1,0,0.1407766990291262,1
1,93750.0,0.35526315789473684,748,97,6,1,24,3,0,0,0,0,0,0,1,1,1,0,1,0,5,0,6,2,1,0.18666666666666668,1
0,105000.0,0.0,818,116,10,1,19,4,1,0,0,0,0,0,0,1,0,1,1,0,3,1,6,14,1,0.061224489795918366,0
1,93000.0,0.2857142857142857,1110,147,11,1,14,4,0,0,0,0,1,0,0,0,0,1,1,0,5,0,6,10,1,0.0392156862745098,0
1,164500.0,0.355,859,112,6,1,23,3,0,1,0,0,0,0,0,0,0,1,1,0,5,0,0,22,0,0.05405405405405406,0
1,145371.2,0.2167368286771272,878,123,10,1,21,4,1,0,0,0,0,0,0,1,1,0,0,1,6,0,4,19,0,0.12903225806451613,1
0,105000.0,0.0,933,127,10,1,32,0,0,0,0,1,0,0,0,1,1,0,1,0,5,1,4,4,0,0.08333333333333333,0
1,165500.0,0.24867724867724866,1141,149,11,1,29,4,0,0,1,0,0,0,0,1,0,0,1,0,5,0,1,22,0,0.125,1
1,79000.0,0.31016042780748665,1299,171,11,1,28,3,0,0,0,0,0,0,1,1,0,1,1,0,4,0,3,6,0,0.22580645161290322,1
1,120000.0,0.2918149466192171,672,93,6,1,14,4,0,0,0,0,1,0,0,1,0,0,1,0,4,0,5,3,1,0.03773584905660377,0
1,100500.0,0.325,872,116,6,1,24,2,0,0,0,0,1,0,0,1,1,0,1,0,5,1,5,1,1,0.05084745762711865,0
1,63814.4,0.36521044219499205,1099,147,11,1,18,1,0,0,0,0,1,0,0,1,0,1,1,0,4,1,5,20,1,0.18666666666666668,1
1,139000.0,0.21794871794871795,727,98,6,1,17,3,0,1,0,0,0,0,0,0,0,0,1,0,7,0,5,12,1,0.10952380952380952,1
0,105000.0,0.0,1123,148,11,1,12,2,0,1,0,0,0,0,0,1,0,0,0,1,7,0,4,3,0,0.10344827586206896,0
1,93433.6,0.23616018845700829,876,120,6,1,19,3,0,0,0,0,0,1,0,0,0,1,0,0,4,0,1,0,0,0.10714285714285714,1
0,105000.0,0.0,836,118,10,1,19,2,1,0,0,0,0,0,0,0,0,1,1,0,4,0,5,16,1,0.09841269841269841,0
0,105000.0,0.0,927,125,10,1,25,1,0,1,0,0,0,0,0,0,0,1,1,0,7,0,4,19,0,0.10714285714285714,1
1,68750.0,0.30246913580246915,1264,166,11,1,28,3,0,0,0,0,0,0,1,0,0,1,1,0,3,0,1,4,0,0.0851063829787234,0
1,57750.0,0.32608695652173914,723,94,6,1,32,1,0,0,0,1,0,0,0,0,0,0,1,0,4,0,0,2,0,0.09836065573770492,0
1,67000.0,0.3558282208588957,1067,147,10,1,20,1,0,0,0,0,0,1,0,0,1,0,0,1,5,0,0,23,0,0.14516129032258066,1
1,111500.0,0.3295880149812734,971,137,10,1,19,2,1,0,0,0,0,0,0,1,0,1,1,0,3,0,1,4,0,0.17391304347826086,1
0,105000.0,0.0,656,90,6,1,17,3,0,1,0,0,0,0,0,0,0,1,1,0,4,1,3,10,0,0.032,0
1,69250.0,0.2578616352201258,1138,148,11,1,28,3,0,0,0,0,0,0,1,0,0,1,0,0,5,1,2,17,0,0.21875,1
1,97750.0,0.32905982905982906,1098,145,11,1,26,4,0,0,0,0,1,0,0,0,0,1,1,0,3,0,1,2,0,0.0748663101604278,0
1,149250.0,0.228486646884273,796,115,10,1,12,3,0,1,0,0,0,0,0,0,0,0,1,0,3,1,5,15,1,0.10526315789473684,0
1,81750.0,0.3230769230769231,711,94,6,1,12,1,0,1,0,0,0,0,0,0,0,1,1,0,7,0,0,11,0,0.13043478260869565,1
0,105000.0,0.0,878,120,10,1,31,1,0,0,0,0,0,0,1,0,0,0,1,0,3,0,3,3,0,0.09523809523809523,0
0,105000.0,0.0,838,114,6,1,19,4,1,0,0,0,0,0,0,0,0,0,0,1,3,0,3,4,0,0.0,0
0,105000.0,0.0,1108,145,11,1,17,3,0,1,0,0,0,0,0,1,0,0,1,0,4,1,0,21,0,0.16546762589928057,1
0,105000.0,0.0,856,117,10,1,18,1,0,1,0,0,0,0,0,0,1,0,1,0,4,1,6,11,1,0.05511811023622047,0
1,72500.0,0.22085889570552147,757,98,6,1,24,2,0,0,0,0,0,0,1,0,1,0,1,0,5,0,0,7,0,0.14754098360655737,1
1,90250.0,0.2727272727272727,1155,151,11,1,35,5,0,0,0,1,0,0,0,0,1,0,1,0,6,0,6,22,1,0.0196078431372549,0
1,89750.0,0.2822966507177033,860,121,10,1,25,4,0,0,0,1,0,0,0,1,1,0,1,0,3,0,4,20,0,0.08571428571428572,0
1,214750.0,0.2288659793814433,1015,143,10,1,18,3,1,0,0,0,0,0,0,0,1,0,1,0,5,0,6,4,1,0.06944444444444445,0
1,72500.0,0.34285714285714286,887,121,6,1,15,0,0,0,1,0,0,0,0,1,1,0,1,0,5,0,3,13,0,0.23076923076923078,1
1,128000.0,0.379746835443038,858,120,10,1,24,3,0,0,0,0,1,0,0,1,0,0,1,0,3,0,2,15,0,0.13761467889908258,1
1,148500.0,0.24260355029585798,1021,142,10,1,16,3,0,0,1,0,0,0,0,1,0,1,1,0,4,0,6,21,1,0.17333333333333334,1
1,116500.0,0.3819444444444444,1265,167,11,1,23,2,0,1,0,0,0,0,0,0,0,1,1,0,6,0,3,11,0,0.1724137931034483,1
1,76750.0,0.19411764705882353,847,110,6,1,28,3,0,0,0,0,0,0,1,0,0,1,0,0,3,0,0,17,0,0.041666666666666664,0
1,100750.0,0.3347107438016529,637,88,6,1,12,1,0,1,0,0,0,0,0,0,0,1,1,0,3,0,4,16,0,0.0847457627118644,0
1,61750.0,0.3961038961038961,855,116,6,1,35,5,0,0,0,1,0,0,0,0,0,0,1,0,3,1,2,11,0,0.07394366197183098,0
1,101250.0,0.35365853658536583,853,112,6,1,24,4,0,0,0,0,0,0,1,0,0,1,1,0,3,0,6,0,1,0.03614457831325301,0
1,101250.0,0.3469387755102041,902,124,10,1,22,4,0,0,0,0,0,1,0,1,0,1,1,0,5,0,6,22,1,0.06666666666666667,0
0,105000.0,0.0,1091,144,11,1,25,3,0,1,0,0,0,0,0,1,1,0,1,0,3,0,4,0,0,0.0625,0
1,133500.0,0.3364485981308411,901,127,10,1,14,3,0,0,1,0,0,0,0,1,0,0,0,0,6,0,6,19,1,0.1797752808988764,1
1,260250.0,0.3317307692307692,836,119,10,1,25,1,0,0,1,0,0,0,0,0,1,0,1,0,3,0,6,7,1,0.14545454545454545,1
1,103250.0,0.3803921568627451,902,122,10,1,22,3,0,0,0,0,0,1,0,0,0,1,1,0,5,0,2,13,0,0.06521739130434782,0
0,105000.0,0.0,1272,168,11,1,18,3,0,1,0,0,0,0,0,0,0,1,1,0,7,0,2,14,0,0.09523809523809523,0
1,188750.0,0.23185011709601874,920,125,10,1,33,4,1,0,0,0,0,0,0,0,1,0,1,0,7,0,1,2,0,0.11688311688311688,1
0,105000.0,0.0,868,116,6,1,22,4,0,0,0,0,0,1,0,0,0,0,1,0,3,1,0,13,0,0.04225352112676056,0
1,132100.8,0.2412074217668236,876,123,10,1,17,2,1,0,0,0,0,0,0,0,1,0,1,0,7,1,3,10,0,0.19047619047619047,1
0,105000.0,0.0,717,98,6,1,16,2,0,0,1,0,0,0,0,0,0,1,1,0,5,0,6,0,1,0.0,0
1,83250.0,0.32663316582914576,1125,148,11,1,14,1,0,0,1,0,0,0,0,1,0,1,1,0,6,1,6,19,1,0.1056338028169014,0
1,103250.0,0.2647058823529412,830,120,10,1,14,3,0,0,0,0,1,0,0,1,0,1,1,0,4,0,1,5,0,0.11458333333333333,1
1,165500.0,0.23466666666666666,856,120,10,1,33,3,1,0,0,0,0,0,0,1,0,1,1,0,4,1,6,10,1,0.08333333333333333,0
1,52750.0,0.3893129770992366,761,96,6,1,31,2,0,0,0,0,0,0,1,0,0,0,1,0,5,0,3,0,0,0.16393442622950818,1
1,38000.0,0.4,1132,149,11,1,18,0,0,0,1,0,0,0,0,0,0,1,1,0,6,0,1,10,0,0.46153846153846156,1
0,105000.0,0.0,857,113,6,1,32,3,0,0,1,0,0,0,0,1,0,0,0,0,3,1,2,16,0,0.05555555555555555,0
1,107500.0,0.18565400843881857,1297,170,11,1,32,3,0,0,0,1,0,0,0,0,0,1,0,0,6,0,6,20,1,0.10204081632653061,0
1,77250.0,0.292817679558011,1108,146,11,1,28,2,0,0,0,1,0,0,0,0,0,1,1,0,3,0,6,5,1,0.16666666666666666,1
1,181750.0,0.2004950495049505,650,87,6,1,13,3,0,1,0,0,0,0,0,1,0,0,0,1,4,0,4,5,0,0.12195121951219512,1
1,153250.0,0.33875338753387535,1111,149,11,1,19,2,1,0,0,0,0,0,0,1,1,0,0,1,7,1,2,4,0,0.09577464788732394,0
1,147250.0,0.2927536231884058,1090,144,11,1,14,2,0,1,0,0,0,0,0,0,1,0,1,0,3,0,2,20,0,0.10256410256410256,0
1,93750.0,0.3695652173913043,1100,144,11,1,29,3,0,0,1,0,0,0,0,0,0,0,1,0,3,0,3,2,0,0.16822429906542055,1
1,74000.0,0.26900584795321636,1069,148,10,1,18,1,0,0,0,0,1,0,0,0,0,1,1,0,7,0,6,6,1,0.13240418118466898,1
1,98750.0,0.3541666666666667,1023,142,10,1,28,3,0,0,0,1,0,0,0,0,0,0,1,0,4,0,6,14,1,0.06451612903225806,0
1,88500.0,0.2647058823529412,689,90,6,1,24,3,0,0,0,0,0,0,1,0,1,0,1,0,3,0,6,23,1,0.08064516129032258,0
1,43750.0,0.25,935,131,10,1,24,0,0,0,0,0,1,0,0,0,0,1,1,0,7,0,4,2,0,0.16666666666666666,1
1,108867.20000000001,0.32875618713076804,1285,172,11,1,32,3,0,0,1,0,0,0,0,0,0,1,1,0,3,0,5,15,1,0.06382978723404255,0
1,131500.0,0.264026402640264,740,102,6,1,14,4,0,0,0,0,1,0,0,0,1,0,1,0,7,0,4,23,0,0.13114754098360656,1
0,105000.0,0.0,786,102,6,1,35,5,0,0,0,1,0,0,0,0,0,1,1,0,6,0,1,8,0,0.028368794326241134,0
1,95500.0,0.23963133640552994,855,114,6,1,20,3,0,0,0,0,0,1,0,0,0,0,1,0,4,1,2,2,0,0.14893617021276595,1
1,89000.0,0.1836734693877551,670,89,6,1,17,5,0,0,0,1,0,0,0,1,0,0,1,0,3,0,2,18,0,0.11612903225806452,1
0,105000.0,0.0,1276,169,11,1,19,2,0,0,0,0,0,1,0,0,1,0,1,0,5,0,6,8,1,0.06557377049180328,0
0,105000.0,0.0,687,92,6,1,24,3,1,0,0,0,0,0,0,0,0,1,0,1,5,1,1,20,0,0.0641025641025641,0
0,105000.0,0.0,1263,165,11,1,31,2,0,0,0,0,0,0,1,0,0,1,1,0,3,1,0,19,0,0.022222222222222223,0
0,105000.0,0.0,1097,145,11,1,25,2,0,1,0,0,0,0,0,1,0,0,0,0,4,0,0,17,0,0.07272727272727272,0
1,101504.0,0.28483570549991205,688,92,6,1,24,3,1,0,0,0,0,0,0,0,0,1,1,0,5,0,6,6,1,0.06557377049180328,0
0,105000.0,0.0,1081,144,10,1,31,2,0,0,0,0,0,0,1,0,0,1,0,1,5,0,4,15,0,0.08849557522123894,0
1,83250.0,0.3181818181818182,912,126,10,1,19,3,0,0,0,0,0,1,0,0,0,1,1,0,6,1,3,9,0,0.12605042016806722,1
1,97250.0,0.2318181818181818,1083,151,10,1,13,2,0,0,0,1,0,0,0,0,1,0,1,0,6,0,0,10,0,0.14285714285714285,1
0,105000.0,0.0,1100,145,11,1,18,2,0,0,1,0,0,0,0,0,0,0,1,0,3,0,2,7,0,0.15625,1
1,80250.0,0.19662921348314608,760,100,6,1,16,1,0,0,1,0,0,0,0,0,0,1,1,0,7,1,1,14,0,0.10236220472440945,0
1,62000.0,0.2028985507246377,1083,143,11,1,13,0,0,0,0,1,0,0,0,0,1,0,1,0,3,0,5,8,1,0.11666666666666667,1
1,135500.0,0.3674698795180723,1114,148,11,1,19,4,1,0,0,0,0,0,0,0,0,1,0,0,4,0,0,8,0,0.11666666666666667,1
0,105000.0,0.0,884,121,10,1,29,1,0,0,1,0,0,0,0,1,0,1,1,0,4,0,5,16,1,0.11428571428571428,1
1,139027.2,0.2784288473921443,873,119,6,1,25,1,1,0,0,0,0,0,0,0,1,0,1,0,7,1,3,7,0,0.10087719298245613,0
0,105000.0,0.0,1001,139,10,1,23,3,0,1,0,0,0,0,0,1,1,0,1,0,3,0,3,21,0,0.0967741935483871,0
1,200250.0,0.2957446808510638,767,103,6,1,15,3,0,0,1,0,0,0,0,0,1,0,1,0,7,0,3,17,0,0.10857142857142857,1
0,105000.0,0.0,652,90,6,1,19,4,0,0,0,0,0,1,0,0,1,0,0,0,3,0,0,11,0,0.05714285714285714,0
1,100750.0,0.2923728813559322,1147,152,11,1,19,4,1,0,0,0,0,0,0,0,0,1,1,0,7,1,2,17,0,0.13636363636363635,1
1,99500.0,0.36885245901639346,1092,146,11,1,14,2,0,0,1,0,0,0,0,0,0,1,1,0,3,0,1,9,0,0.07058823529411765,0
1,176000.0,0.29539951573849876,828,118,10,1,25,3,1,0,0,0,0,0,0,1,0,0,1,0,4,0,3,10,0,0.17647058823529413,1
1,87000.0,0.3349282296650718,866,123,10,1,14,2,0,0,0,0,1,0,0,1,1,0,0,0,5,0,4,23,0,0.09016393442622951,0
0,105000.0,0.0,846,121,10,1,19,0,1,0,0,0,0,0,0,0,0,1,1,0,5,0,4,12,0,0.07142857142857142,0
0,105000.0,0.0,897,123,10,1,35,5,0,0,0,1,0,0,0,1,0,0,1,0,3,1,5,12,1,0.08333333333333333,0
1,134750.0,0.24429967426710097,1107,145,11,1,20,3,0,0,0,0,0,1,0,0,1,0,1,0,3,0,4,23,0,0.09523809523809523,0
1,137342.4,0.26109282422646485,951,127,6,1,16,2,0,0,1,0,0,0,0,1,1,0,1,0,7,0,3,13,0,0.13043478260869565,1
1,74250.0,0.3028571428571429,867,116,6,1,28,3,0,0,0,0,0,0,1,0,0,0,1,0,3,0,0,18,0,0.16883116883116883,1
0,105000.0,0.0,1084,149,10,1,29,4,0,0,1,0,0,0,0,1,0,1,1,0,5,0,6,7,1,0.045454545454545456,0
0,105000.0,0.0,834,119,10,1,15,1,0,0,1,0,0,0,0,1,1,0,1,0,3,1,3,0,0,0.10077519379844961,0
1,65750.0,0.22297297297297297,1079,146,10,1,32,1,0,0,0,1,0,0,0,0,0,1,1,0,4,0,6,20,1,0.2,1
1,94500.0,0.20853080568720378,1262,168,11,1,15,1,0,0,1,0,0,0,0,1,0,0,0,0,5,0,4,23,0,0.07692307692307693,0
1,53000.0,0.26229508196721313,868,112,6,1,28,1,0,0,0,0,0,0,1,0,0,1,1,0,4,1,5,1,1,0.14691943127962084,1
0,105000.0,0.0,761,98,6,1,29,2,0,0,1,0,0,0,0,1,0,1,1,0,6,1,2,11,0,0.1189358372456964,1
0,105000.0,0.0,858,119,10,1,24,2,0,0,0,0,1,0,0,0,1,0,1,0,3,0,2,7,0,0.0,0
0,105000.0,0.0,902,122,6,1,14,1,0,0,1,0,0,0,0,0,0,1,1,0,7,1,3,20,0,0.06751054852320675,0
0,105000.0,0.0,1123,150,11,1,24,0,0,0,0,0,1,0,0,0,1,0,1,0,5,0,0,7,0,0.15,1
0,105000.0,0.0,922,120,6,1,32,2,0,0,0,1,0,0,0,0,0,0,1,0,6,1,3,3,0,0.03225806451612903,0
1,76750.0,0.24571428571428572,929,124,6,1,22,4,0,0,0,0,0,1,0,1,0,1,0,1,6,0,6,17,1,0.1623931623931624,1
1,156000.0,0.35356200527704484,838,113,6,1,14,3,0,0,0,0,1,0,0,0,1,0,1,0,3,0,6,20,1,0.07772020725388601,0
1,159500.0,0.3848101265822785,1118,148,11,1,21,3,0,1,0,0,0,0,0,0,0,1,0,1,6,0,3,1,0,0.109375,1
1,41500.0,0.32323232323232326,705,90,6,1,28,1,0,0,0,0,0,0,1,0,0,1,1,0,3,0,2,11,0,0.16129032258064516,1
1,77500.0,0.30601092896174864,898,125,10,1,19,2,0,0,0,0,0,1,0,1,0,0,1,0,5,0,5,3,1,0.14285714285714285,1
1,163000.0,0.3781094527363184,894,118,6,1,18,3,0,1,0,0,0,0,0,0,0,1,0,0,6,0,4,18,0,0.04854368932038835,0
0,105000.0,0.0,679,90,6,1,16,2,0,0,1,0,0,0,0,1,1,0,1,0,4,1,3,1,0,0.10526315789473684,0
1,44000.0,0.3238095238095238,1143,149,11,1,28,1,0,0,0,0,0,0,1,0,0,1,1,0,5,0,2,15,0,0.23809523809523808,1
1,78000.0,0.29508196721311475,993,140,10,1,14,2,0,0,0,0,1,0,0,0,0,0,1,0,4,0,2,12,0,0.08620689655172414,0
1,134500.0,0.2185430463576159,890,120,6,1,24,3,0,0,0,0,1,0,0,1,1,0,1,0,5,0,0,8,0,0.09734513274336283,0
1,67750.0,0.2848101265822785,1291,169,11,1,31,3,0,0,0,0,0,0,1,0,0,0,1,0,5,0,5,17,1,0.16216216216216217,1
1,164320.0,0.32857293980746854,737,99,6,1,35,5,0,0,0,1,0,0,0,1,1,0,1,0,3,0,0,9,0,0.20634920634920634,1
1,97572.79999999999,0.25386190210310805,1246,166,11,1,25,4,0,0,0,1,0,0,0,1,0,1,1,0,3,0,3,20,0,0.1,0
0,105000.0,0.0,985,139,10,1,19,4,0,0,0,0,0,1,0,0,1,0,1,0,3,0,2,4,0,0.07142857142857142,0
1,182000.0,0.27078384798099764,1037,146,10,1,25,1,0,0,1,0,0,0,0,0,1,0,0,0,3,1,6,21,1,0.06504065040650407,0
0,105000.0,0.0,811,112,6,1,14,3,0,1,0,0,0,0,0,0,1,0,1,0,3,0,4,0,0,0.037037037037037035,0
1,83500.0,0.27835051546391754,759,102,6,1,24,1,0,0,0,0,1,0,0,0,1,0,1,0,7,1,0,2,0,0.13513513513513514,1
0,105000.0,0.0,901,123,10,1,28,3,0,0,0,0,0,0,1,0,1,0,1,0,4,0,0,1,0,0.023809523809523808,0
1,117250.0,0.36013986013986016,1277,169,11,1,17,5,0,0,0,1,0,0,0,0,0,1,1,0,3,0,1,3,0,0.0,0
0,105000.0,0.0,817,112,6,1,14,4,0,0,0,0,1,0,0,0,0,1,1,0,4,0,5,16,1,0.09166666666666666,0
0,105000.0,0.0,702,90,6,1,31,3,0,0,0,0,0,0,1,0,0,1,1,0,3,0,2,17,0,0.06818181818181818,0
0,105000.0,0.0,889,121,10,1,17,5,0,0,0,1,0,0,0,1,0,1,1,0,4,0,0,13,0,0.06666666666666667,0
0,105000.0,0.0,1041,142,10,1,20,2,0,0,0,0,0,1,0,0,1,0,1,0,5,0,1,15,0,0.06666666666666667,0
1,174000.0,0.2153846153846154,901,125,10,1,25,3,1,0,0,0,0,0,0,1,0,1,1,0,7,1,6,11,1,0.09895833333333333,0
1,111750.0,0.24705882352941178,803,110,6,1,14,4,0,0,0,0,1,0,0,0,0,0,1,0,3,0,4,1,0,0.057692307692307696,0
1,101587.20000000001,0.3344133697135061,850,119,10,1,18,2,0,1,0,0,0,0,0,0,0,1,0,0,5,1,0,1,0,0.1476510067114094,1
0,105000.0,0.0,1269,166,11,1,33,4,1,0,0,0,0,0,0,1,0,1,1,0,5,0,5,7,1,0.07407407407407407,0
1,146500.0,0.24550898203592814,1274,169,11,1,20,4,0,0,0,0,0,1,0,0,0,1,1,0,3,1,2,20,0,0.06304728546409807,0
1,49750.0,0.3416666666666667,1108,146,11,1,22,4,0,0,0,0,0,1,0,0,0,0,1,0,3,0,1,17,0,0.1724137931034483,1
1,48750.0,0.375,1306,172,11,1,24,1,0,0,0,0,0,0,1,0,0,1,0,0,5,0,0,22,0,0.35294117647058826,1
1,161250.0,0.3246753246753247,1149,152,11,1,19,4,1,0,0,0,0,0,0,0,1,0,0,1,7,0,3,17,0,0.10256410256410256,0
1,51250.0,0.21739130434782608,1309,173,11,1,24,1,0,0,0,0,0,0,1,0,1,0,1,0,5,0,5,22,1,0.04411764705882353,0
1,102000.0,0.3745019920318725,895,125,10,1,17,3,0,1,0,0,0,0,0,0,0,1,1,0,7,0,3,22,0,0.057692307692307696,0
1,176250.0,0.28883495145631066,817,115,10,1,13,3,0,1,0,0,0,0,0,0,1,0,1,0,3,0,1,16,0,0.14,1
0,105000.0,0.0,1289,172,11,1,18,2,0,0,0,0,1,0,0,0,1,0,1,0,5,0,6,15,1,0.06451612903225806,0
1,55250.0,0.35074626865671643,753,98,6,1,22,4,0,0,0,0,0,1,0,0,0,1,1,0,6,1,5,13,1,0.16363636363636364,1
1,165692.8,0.2191796132781938,886,125,10,1,25,1,1,0,0,0,0,0,0,0,0,1,1,0,7,1,0,23,0,0.09090909090909091,0
1,117750.0,0.3979591836734694,1107,153,10,1,32,3,0,0,1,0,0,0,0,0,0,1,1,0,7,0,4,10,0,0.1643835616438356,1
1,101500.0,0.2796610169491525,1278,168,11,1,24,3,0,0,0,0,1,0,0,0,0,0,1,0,5,1,4,4,0,0.09210526315789473,0
1,133000.0,0.20875420875420875,888,124,10,1,16,2,0,0,1,0,0,0,0,1,1,0,1,0,5,1,1,17,0,0.1643835616438356,1
0,105000.0,0.0,1135,150,11,1,15,2,0,0,1,0,0,0,0,0,0,0,1,0,6,1,1,19,0,0.06285714285714286,0
1,208000.0,0.29508196721311475,695,93,6,1,25,1,1,0,0,0,0,0,0,0,1,0,1,0,4,1,5,20,1,0.08333333333333333,0
1,92750.0,0.3869565217391304,1131,150,11,1,13,2,0,0,0,1,0,0,0,0,1,0,1,0,6,0,1,5,0,0.10714285714285714,1
1,170250.0,0.23116883116883116,909,128,10,1,14,4,0,0,0,0,1,0,0,0,0,1,1,0,7,1,2,20,0,0.04,0
0,105000.0,0.0,741,96,6,1,18,1,0,0,1,0,0,0,0,0,0,1,1,0,6,1,2,19,0,0.041666666666666664,0
1,113000.0,0.31970260223048325,823,112,6,1,25,2,0,1,0,0,0,0,0,0,0,1,1,0,4,1,4,19,0,0.15348837209302327,1
0,105000.0,0.0,1111,146,11,1,22,1,0,0,0,0,0,1,0,1,0,0,1,0,3,1,6,15,1,0.1244343891402715,1
0,105000.0,0.0,1088,152,10,1,25,1,0,0,1,0,0,0,0,0,1,0,1,0,6,1,5,23,1,0.07482993197278912,0
0,105000.0,0.0,857,116,10,1,23,2,0,1,0,0,0,0,0,1,0,0,1,0,4,0,3,6,0,0.0,0
0,105000.0,0.0,1104,147,11,1,15,1,0,0,1,0,0,0,0,1,0,0,1,0,4,1,5,3,1,0.05357142857142857,0
1,129000.0,0.3875,670,92,6,1,17,3,0,1,0,0,0,0,0,1,0,1,1,0,4,1,4,13,0,0.1134020618556701,1
1,103250.0,0.1965065502183406,902,123,10,1,32,3,0,0,0,1,0,0,0,0,0,1,1,0,4,0,6,15,1,0.07692307692307693,0
1,94000.0,0.31390134529147984,1114,148,11,1,14,4,0,0,0,0,1,0,0,0,0,1,1,0,5,0,6,12,1,0.12222222222222222,1
1,75500.0,0.20238095238095238,727,94,6,1,22,1,0,0,0,0,0,1,0,1,1,0,1,0,5,0,3,17,0,0.23809523809523808,1
0,105000.0,0.0,1127,149,11,1,24,4,0,0,0,0,1,0,0,0,0,0,1,0,5,0,1,1,0,0.07142857142857142,0
0,105000.0,0.0,856,116,6,1,18,2,1,0,0,0,0,0,0,0,0,0,0,0,7,1,3,20,0,0.09523809523809523,0
0,105000.0,0.0,1140,148,11,1,22,5,0,0,0,0,0,1,0,0,0,1,1,0,5,0,0,21,0,0.038461538461538464,0
1,51500.0,0.390625,1120,148,11,1,24,1,0,0,0,0,0,0,1,0,0,1,1,0,4,1,5,9,1,0.14772727272727273,1
1,45000.0,0.3486238532110092,1106,146,11,1,24,0,0,0,0,0,0,0,1,0,1,0,0,0,3,0,2,5,0,0.22674418604651161,1
0,105000.0,0.0,1143,149,11,1,25,4,0,0,0,1,0,0,0,1,0,1,1,0,5,0,0,13,0,0.028169014084507043,0
0,105000.0,0.0,1123,148,11,1,16,3,0,0,1,0,0,0,0,0,1,0,1,0,5,0,3,20,0,0.08571428571428572,0
1,137750.0,0.2834890965732087,855,117,6,1,33,1,1,0,0,0,0,0,0,0,1,0,1,0,3,1,6,12,1,0.11643835616438356,1
0,105000.0,0.0,1116,148,11,1,13,3,0,0,0,1,0,0,0,0,0,1,1,0,5,0,3,10,0,0.07142857142857142,0
1,90729.59999999999,0.33046306926903934,865,114,6,1,18,3,0,0,1,0,0,0,0,0,0,1,0,0,5,1,0,22,0,0.13813813813813813,1
1,91500.0,0.3438914027149321,1057,147,10,1,13,3,0,0,0,1,0,0,0,0,0,0,0,0,6,0,2,1,0,0.0273972602739726,0
0,105000.0,0.0,1305,173,11,1,15,1,0,0,1,0,0,0,0,0,0,0,0,1,6,0,5,18,1,0.09523809523809523,0
1,83000.0,0.3883495145631068,711,94,6,1,17,5,0,0,0,1,0,0,0,0,0,0,1,0,4,0,2,3,0,0.1794871794871795,1
1,75250.0,0.3641304347826087,1268,166,11,1,28,2,0,0,0,0,0,0,1,1,1,0,0,0,4,0,2,10,0,0.13043478260869565,1
1,97760.0,0.32758007117437726,1241,164,11,1,22,4,0,0,0,0,0,1,0,0,0,1,1,0,3,1,5,15,1,0.109375,1
1,126547.20000000001,0.32304299889746424,1088,146,11,1,25,1,1,0,0,0,0,0,0,0,0,1,1,0,4,0,6,21,1,0.06666666666666667,0
0,105000.0,0.0,1139,149,11,1,29,1,0,0,1,0,0,0,0,0,1,0,1,0,5,0,2,17,0,0.02727272727272727,0
1,155000.0,0.3422459893048128,991,136,10,1,23,3,0,1,0,0,0,0,0,0,0,1,1,0,4,0,2,0,0,0.06666666666666667,0
1,93750.0,0.3905579399141631,1124,148,11,1,23,1,0,1,0,0,0,0,0,0,0,1,1,0,7,0,3,10,0,0.039603960396039604,0
1,120016.0,0.20264797507788168,1245,165,11,1,14,3,0,0,1,0,0,0,0,1,0,0,1,0,3,0,3,2,0,0.08,0
1,65936.0,0.3807456588355464,723,96,6,1,25,0,1,0,0,0,0,0,0,0,0,1,1,0,7,0,1,1,0,0.10204081632653061,0
1,63250.0,0.3464052287581699,1122,148,11,1,19,1,0,0,0,0,0,1,0,1,0,0,1,0,5,0,4,11,0,0.23076923076923078,1
0,105000.0,0.0,740,100,6,1,14,4,0,0,0,0,1,0,0,0,1,0,0,0,6,1,2,6,0,0.058823529411764705,0
0,105000.0,0.0,693,90,6,1,28,5,0,0,0,1,0,0,0,0,0,1,1,0,3,1,1,12,0,0.02857142857142857,0
1,73000.0,0.37777777777777777,1064,144,10,1,24,3,0,0,0,0,0,0,1,0,0,1,1,0,5,0,2,2,0,0.20454545454545456,1
0,105000.0,0.0,829,117,10,1,15,5,0,0,1,0,0,0,0,1,0,0,1,0,3,1,0,12,0,0.007633587786259542,0
1,78500.0,0.19540229885057472,670,92,6,1,14,1,0,1,0,0,0,0,0,0,0,0,1,0,4,0,4,13,0,0.16455696202531644,1
0,105000.0,0.0,876,120,6,1,17,1,1,0,0,0,0,0,0,0,0,1,1,0,7,0,5,0,1,0.038461538461538464,0
1,170000.0,0.3333333333333333,676,90,6,1,22,4,0,0,0,0,0,1,0,0,0,1,1,0,3,0,6,5,1,0.1,0
1,83500.0,0.3942307692307692,919,124,6,1,18,2,0,0,0,0,1,0,0,0,0,1,1,0,6,1,2,6,0,0.07046979865771812,0
1,135750.0,0.24271844660194175,1059,148,10,1,14,3,0,0,0,0,1,0,0,0,1,0,1,0,7,1,3,14,0,0.03211009174311927,0
1,90000.0,0.18181818181818182,684,92,6,1,33,1,1,0,0,0,0,0,0,1,0,0,1,0,3,0,5,9,1,0.171875,1
1,113250.0,0.23735408560311283,1037,147,10,1,18,2,1,0,0,0,0,0,0,0,0,1,1,0,7,0,1,22,0,0.2361111111111111,1
1,117000.0,0.26666666666666666,1263,168,11,1,24,3,0,0,0,0,1,0,0,0,1,0,0,1,4,0,0,9,0,0.0,0
1,193500.0,0.2913907284768212,1090,143,11,1,18,3,1,0,0,0,0,0,0,1,0,0,1,0,3,1,4,3,0,0.09282700421940929,0
1,146390.4,0.3002052892162782,839,119,10,1,17,3,1,0,0,0,0,0,0,1,0,0,1,0,5,0,5,20,1,0.15,1
1,67000.0,0.2251655629139073,1317,176,11,1,24,1,0,0,0,0,1,0,0,0,0,1,1,0,7,1,5,0,1,0.10638297872340426,0
1,204000.0,0.3312883435582822,832,119,10,1,21,3,0,1,0,0,0,0,0,1,1,0,1,0,4,0,6,4,1,0.09345794392523364,0
1,131500.0,0.33015873015873015,712,93,6,1,24,4,0,0,0,0,0,0,1,1,0,0,1,0,4,0,3,0,0,0.11267605633802817,1
1,100000.0,0.21428571428571427,1272,169,11,1,24,3,0,0,0,0,1,0,0,0,0,1,0,1,5,0,0,10,0,0.037037037037037035,0
1,138444.80000000002,0.21448692152917498,1029,143,10,1,17,1,1,0,0,0,0,0,0,0,1,0,1,0,5,0,2,8,0,0.16883116883116883,1
0,105000.0,0.0,928,128,10,1,16,2,0,0,1,0,0,0,0,0,1,0,0,0,7,1,1,4,0,0.07017543859649122,0
1,249250.0,0.2928082191780822,829,113,6,1,21,4,0,1,0,0,0,0,0,1,1,0,0,0,5,0,6,7,1,0.0,0
0,105000.0,0.0,1291,171,11,1,24,3,0,0,0,0,1,0,0,0,1,0,1,0,7,0,2,0,0,0.0625,0
1,232250.0,0.38153310104529614,1120,148,11,1,32,3,0,0,1,0,0,0,0,1,0,0,0,1,3,1,5,14,1,0.0334075723830735,0
1,54250.0,0.22131147540983606,1277,167,11,1,31,2,0,0,0,0,0,0,1,0,0,1,1,0,4,0,2,1,0,0.2345679012345679,1
1,120250.0,0.18490566037735848,904,125,10,1,25,1,1,0,0,0,0,0,0,1,0,1,1,0,7,0,5,1,1,0.0390625,0
0,105000.0,0.0,1098,149,10,1,28,3,0,0,0,1,0,0,0,1,0,1,1,0,6,0,5,21,1,0.06329113924050633,0
0,105000.0,0.0,654,92,6,1,14,4,0,0,0,0,1,0,0,0,0,1,1,0,3,0,3,3,0,0.08823529411764706,0
1,77250.0,0.2542372881355932,758,98,6,1,24,3,0,0,0,0,0,0,1,1,0,0,1,0,5,0,1,6,0,0.1694915254237288,1
1,128000.0,0.33766233766233766,876,121,10,1,18,2,0,1,0,0,0,0,0,1,1,0,0,0,6,1,5,3,1,0.12142857142857143,1
1,123000.0,0.2491103202846975,871,121,10,1,13,3,0,0,0,1,0,0,0,0,0,1,0,0,4,0,4,13,0,0.06578947368421052,0
1,174000.0,0.2153846153846154,1260,167,11,1,25,4,0,0,0,1,0,0,0,0,0,1,1,0,4,0,6,9,1,0.04,0
0,105000.0,0.0,681,91,6,1,25,0,0,1,0,0,0,0,0,0,1,0,1,0,3,0,3,11,0,0.10126582278481013,0
1,101462.40000000001,0.38155275381552756,748,101,6,1,17,5,0,0,0,1,0,0,0,0,1,0,1,0,6,1,3,21,0,0.10062893081761007,0
0,105000.0,0.0,832,117,10,1,14,1,0,0,1,0,0,0,0,1,0,1,1,0,3,0,1,12,0,0.1746031746031746,1
1,97926.4,0.2541713014460512,907,120,6,1,24,3,0,0,0,0,1,0,0,0,0,1,1,0,6,0,2,5,0,0.09782608695652174,0
0,105000.0,0.0,872,120,10,1,28,3,0,0,0,1,0,0,0,0,0,1,1,0,3,0,6,18,1,0.023255813953488372,0
1,80750.0,0.24456521739130435,1138,148,11,1,28,3,0,0,0,0,0,0,1,1,0,1,1,0,5,0,6,15,1,0.2564102564102564,1
1,134500.0,0.31347962382445144,858,119,10,1,16,2,0,0,1,0,0,0,0,0,1,0,0,1,4,1,5,0,1,0.08713692946058091,0
1,67250.0,0.3795180722891566,1019,140,10,1,28,1,0,0,0,1,0,0,0,0,0,0,1,0,3,0,0,4,0,0.04020100502512563,0
1,150000.0,0.18181818181818182,658,86,6,1,23,3,0,1,0,0,0,0,0,0,0,1,1,0,3,1,4,23,0,0.05217391304347826,0
1,87750.0,0.3824884792626728,1275,167,11,1,32,2,0,0,0,1,0,0,0,0,0,1,0,0,4,0,2,15,0,0.1111111111111111,1
0,105000.0,0.0,1066,146,10,1,35,5,0,0,0,1,0,0,0,0,0,0,1,0,4,1,3,23,0,0.08,0
1,53000.0,0.3939393939393939,696,94,6,1,22,4,0,0,0,0,0,1,0,1,0,0,1,0,4,0,0,17,0,0.15789473684210525,1
1,212500.0,0.3300589390962672,852,121,10,1,14,4,0,1,0,0,0,0,0,0,0,1,0,0,6,1,1,4,0,0.03333333333333333,0
1,55250.0,0.1885245901639344,1109,147,11,1,19,0,0,0,0,0,0,1,0,1,1,0,1,0,4,0,3,22,0,0.15625,1
0,105000.0,0.0,862,116,10,1,28,3,0,0,0,0,0,0,1,1,0,0,0,0,3,0,6,3,1,0.13432835820895522,1
0,105000.0,0.0,1271,169,11,1,14,3,0,0,0,0,1,0,0,1,0,1,1,0,6,0,6,1,1,0.0880503144654088,0
0,105000.0,0.0,1133,148,11,1,24,2,0,0,0,0,0,0,1,0,0,0,1,0,5,1,5,12,1,0.07614213197969544,0
0,105000.0,0.0,1121,147,11,1,29,2,0,0,1,0,0,0,0,0,0,1,1,0,4,0,6,1,1,0.057692307692307696,0
1,77313.6,0.28551660516605165,853,119,10,1,24,3,0,0,0,0,0,0,1,1,0,0,1,0,3,1,3,23,0,0.12745098039215685,1
1,183000.0,0.32494279176201374,913,123,6,1,14,3,0,0,1,0,0,0,0,1,1,0,0,0,7,0,0,23,0,0.1694915254237288,1
0,105000.0,0.0,947,124,6,1,32,4,0,0,0,1,0,0,0,0,1,0,1,0,6,1,1,20,0,0.018518518518518517,0
0,105000.0,0.0,825,117,10,1,19,4,1,0,0,0,0,0,0,1,0,0,1,0,3,1,6,22,1,0.027548209366391185,0
0,105000.0,0.0,838,117,10,1,14,2,0,1,0,0,0,0,0,1,0,1,0,0,4,0,1,16,0,0.07228915662650602,0
0,105000.0,0.0,1273,167,11,1,18,3,0,1,0,0,0,0,0,0,0,1,1,0,6,0,5,21,1,0.0,0
1,168250.0,0.19571045576407506,1100,145,11,1,24,3,1,0,0,0,0,0,0,1,0,0,0,1,3,0,6,8,1,0.08974358974358974,0
1,70500.0,0.31137724550898205,890,120,10,1,28,3,0,0,0,0,0,0,1,1,0,1,0,0,4,1,0,15,0,0.21511627906976744,1
0,105000.0,0.0,866,121,10,1,14,3,0,0,1,0,0,0,0,0,0,1,1,0,5,0,2,23,0,0.023809523809523808,0
1,211348.8,0.27516550670514334,829,118,10,1,13,4,0,1,0,0,0,0,0,0,0,1,1,0,5,1,1,12,0,0.06324110671936758,0
0,105000.0,0.0,892,123,10,1,28,3,0,0,0,1,0,0,0,1,0,0,1,0,4,0,3,0,0,0.03571428571428571,0
0,105000.0,0.0,734,100,6,1,24,3,0,0,0,0,1,0,0,1,0,1,1,0,6,1,1,18,0,0.021052631578947368,0
1,181500.0,0.37583892617449666,969,136,10,1,17,3,0,1,0,0,0,0,0,0,0,1,1,0,3,0,5,23,1,0.18571428571428572,1
1,92000.0,0.35714285714285715,1059,142,10,1,31,3,0,0,0,0,0,0,1,1,1,0,1,0,4,0,4,3,0,0.15625,1
0,105000.0,0.0,887,120,6,1,19,3,0,0,0,0,0,1,0,0,0,0,0,1,5,0,0,3,0,0.06451612903225806,0
1,93000.0,0.2535211267605634,1089,144,11,1,14,4,0,0,0,0,1,0,0,0,1,0,1,0,3,0,4,19,0,0.09154929577464789,0
0,105000.0,0.0,1102,146,11,1,19,3,0,0,0,0,0,1,0,0,1,0,1,0,3,1,0,18,0,0.08130081300813008,0
1,208250.0,0.19696969696969696,1251,168,11,1,15,3,1,0,0,0,0,0,0,0,1,0,1,0,3,0,0,6,0,0.05063291139240506,0
1,63500.0,0.33986928104575165,1038,142,10,1,28,1,0,0,0,0,0,0,1,0,1,0,1,0,4,0,0,2,0,0.21333333333333335,1
1,103250.0,0.3073770491803279,1008,140,10,1,14,2,0,1,0,0,0,0,0,1,0,1,1,0,4,0,5,18,1,0.2,1
1,172000.0,0.38875878220140514,1086,148,10,1,24,5,0,0,0,0,0,0,1,0,1,0,0,1,5,1,3,20,0,0.036885245901639344,0
1,79250.0,0.3826530612244898,896,122,10,1,17,5,0,0,0,1,0,0,0,0,1,0,0,0,5,0,2,9,0,0.13333333333333333,1
0,105000.0,0.0,1065,144,10,1,32,2,0,0,0,1,0,0,0,1,1,0,1,0,5,0,5,7,1,0.08196721311475409,0
1,84988.8,0.3774071868175501,1270,170,11,1,16,1,0,0,1,0,0,0,0,0,0,1,0,0,4,1,4,21,0,0.07777777777777778,0
0,105000.0,0.0,1105,147,11,1,16,1,0,0,1,0,0,0,0,0,0,1,1,0,4,1,1,20,0,0.07142857142857142,0
1,253500.0,0.25773195876288657,1119,147,11,1,25,4,1,0,0,0,0,0,0,0,1,0,0,0,6,0,0,0,0,0.05405405405405406,0
0,105000.0,0.0,858,112,6,1,18,4,0,0,1,0,0,0,0,0,0,0,1,0,4,1,1,13,0,0.013333333333333334,0
1,132500.0,0.22742474916387959,712,98,6,1,25,3,1,0,0,0,0,0,0,0,0,0,0,1,6,0,1,22,0,0.17307692307692307,1
1,97750.0,0.24663677130044842,1141,151,11,1,19,4,1,0,0,0,0,0,0,0,0,1,1,0,6,0,6,14,1,0.1388888888888889,1
1,119500.0,0.3460207612456747,1274,169,11,1,18,3,0,0,1,0,0,0,0,1,1,0,1,0,3,1,3,7,0,0.1610738255033557,1
1,169750.0,0.3234567901234568,1151,151,11,1,28,4,0,0,0,1,0,0,0,0,0,1,1,0,6,1,1,2,0,0.06653225806451613,0
1,128750.0,0.34935897435897434,1140,148,11,1,31,4,0,0,0,0,0,0,1,0,1,0,1,0,5,1,6,21,1,0.075,0
0,105000.0,0.0,1288,168,11,1,28,3,0,0,0,0,0,0,1,1,0,1,1,0,5,0,3,1,0,0.08139534883720931,0
0,105000.0,0.0,666,91,6,1,24,3,1,0,0,0,0,0,0,0,1,0,1,0,3,0,3,8,0,0.029411764705882353,0
0,105000.0,0.0,863,113,6,1,32,3,0,0,1,0,0,0,0,1,0,0,1,0,4,1,6,9,1,0.0962566844919786,0
1,68744.0,0.36142786316311354,944,124,6,1,35,5,0,0,0,1,0,0,0,0,0,1,1,0,6,0,4,17,0,0.09333333333333334,0
1,104478.4,0.25134899912967806,647,86,6,1,14,2,0,1,0,0,0,0,0,0,0,1,1,0,3,0,6,13,1,0.09210526315789473,0
1,64000.0,0.28187919463087246,887,119,6,1,24,1,0,0,0,0,1,0,0,1,0,0,1,0,6,0,6,21,1,0.1076923076923077,1
1,100000.0,0.37398373983739835,888,124,10,1,24,3,0,0,0,0,1,0,0,0,0,1,1,0,5,0,2,8,0,0.04411764705882353,0
0,105000.0,0.0,714,98,6,1,13,3,0,0,0,1,0,0,0,0,1,0,1,0,5,1,5,2,1,0.0456140350877193,0
0,105000.0,0.0,848,121,10,1,21,4,1,0,0,0,0,0,0,0,0,1,0,0,5,0,3,3,0,0.08823529411764706,0
0,105000.0,0.0,710,92,6,1,24,1,0,0,0,0,0,0,1,1,0,1,1,0,4,1,5,13,1,0.14705882352941177,1
0,105000.0,0.0,1277,168,11,1,29,3,0,0,1,0,0,0,0,0,0,1,1,0,5,1,0,22,0,0.03592814371257485,0
1,75250.0,0.3641304347826087,889,116,6,1,28,3,0,0,0,0,0,0,1,1,0,1,1,0,4,1,6,8,1,0.22857142857142856,1
1,77000.0,0.2696629213483146,878,120,10,1,25,1,0,1,0,0,0,0,0,1,0,0,1,0,5,0,1,12,0,0.1111111111111111,1
1,200500.0,0.18961625282167044,713,96,6,1,25,1,0,0,1,0,0,0,0,1,0,1,0,1,4,1,0,10,0,0.07586206896551724,0
1,124250.0,0.2920962199312715,1259,165,11,1,28,3,0,0,0,1,0,0,0,0,0,1,1,0,3,1,1,23,0,0.07142857142857142,0
0,105000.0,0.0,1285,168,11,1,20,3,0,0,0,0,0,1,0,1,0,0,0,0,6,1,6,20,1,0.085,0
0,105000.0,0.0,732,98,6,1,22,4,0,0,0,0,0,1,0,0,0,1,1,0,5,0,1,8,0,0.060810810810810814,0
0,105000.0,0.0,1137,150,11,1,19,1,0,0,0,0,0,1,0,0,0,1,1,0,6,1,1,17,0,0.1,0
0,105000.0,0.0,1053,144,10,1,32,3,0,0,1,0,0,0,0,0,1,0,1,0,4,1,0,19,0,0.041666666666666664,0
0,105000.0,0.0,852,116,6,1,28,1,0,0,0,1,0,0,0,0,1,0,0,0,4,0,3,9,0,0.037037037037037035,0
0,105000.0,0.0,868,121,10,1,26,4,0,0,0,0,1,0,0,1,0,1,1,0,4,0,6,11,1,0.0,0
1,76500.0,0.2905027932960894,920,124,10,1,20,3,0,0,0,0,0,1,0,1,0,0,1,0,6,0,2,1,0,0.18045112781954886,1
0,105000.0,0.0,1309,172,11,1,22,3,0,0,0,0,0,1,0,1,0,0,1,0,6,0,4,7,0,0.08287292817679558,0
1,132250.0,0.382262996941896,685,90,6,1,22,4,0,0,0,0,0,1,0,0,0,1,1,0,3,1,3,19,0,0.049019607843137254,0
1,65250.0,0.23648648648648649,925,127,10,1,32,1,0,0,0,1,0,0,0,0,0,1,1,0,5,1,2,15,0,0.06382978723404255,0
0,105000.0,0.0,839,111,6,1,25,3,0,1,0,0,0,0,0,1,0,0,1,0,5,0,1,18,0,0.07627118644067797,0
0,105000.0,0.0,1028,141,10,1,33,4,1,0,0,0,0,0,0,0,0,1,1,0,5,1,0,7,0,0.04854368932038835,0
1,111750.0,0.233201581027668,1276,167,11,1,32,3,0,0,0,1,0,0,0,1,0,1,1,0,3,0,5,14,1,0.06722689075630252,0
1,43500.0,0.3269230769230769,1287,170,11,1,14,4,0,0,0,0,1,0,0,0,0,0,1,0,7,0,0,2,0,0.028846153846153848,0
0,105000.0,0.0,744,94,6,1,31,2,0,0,0,0,0,0,1,1,0,1,1,0,4,0,0,13,0,0.16666666666666666,1
0,105000.0,0.0,1047,147,10,1,14,4,0,0,0,0,1,0,0,1,0,0,1,0,6,0,3,9,0,0.08974358974358974,0
1,203750.0,0.2622601279317697,755,96,6,1,23,3,0,1,0,0,0,0,0,1,1,0,1,0,7,0,1,0,0,0.1232876712328767,1
1,349000.0,0.18701298701298702,1026,141,10,1,25,5,0,1,0,0,0,0,0,1,0,0,0,1,5,0,5,12,1,0.025974025974025976,0
1,42250.0,0.2755102040816326,1296,169,11,1,31,1,0,0,0,0,0,0,1,0,0,1,1,0,5,0,3,15,0,0.11320754716981132,1
0,105000.0,0.0,645,86,6,1,15,3,1,0,0,0,0,0,0,0,0,1,0,0,3,1,1,21,0,0.06611570247933884,0
1,100250.0,0.20982142857142858,1248,165,11,1,12,1,0,1,0,0,0,0,0,0,0,1,1,0,5,1,6,14,1,0.045454545454545456,0
0,105000.0,0.0,1108,146,11,1,32,3,0,0,1,0,0,0,0,0,0,0,1,0,3,0,6,13,1,0.05,0
0,105000.0,0.0,1269,168,11,1,33,4,1,0,0,0,0,0,0,1,1,0,1,0,6,0,1,9,0,0.10909090909090909,1
1,132500.0,0.3333333333333333,1015,143,10,1,18,1,1,0,0,0,0,0,0,0,1,0,0,0,5,0,6,0,1,0.09009009009009009,0
1,49500.0,0.2631578947368421,721,94,6,1,24,0,0,0,0,0,1,0,0,0,0,1,0,0,5,0,5,1,1,0.08108108108108109,0
1,63835.200000000004,0.19817968291250743,880,123,10,1,19,2,0,0,0,0,0,1,0,0,0,0,1,0,4,1,4,18,0,0.17073170731707318,1
1,58250.0,0.3475177304964539,902,122,6,1,24,1,0,0,0,0,1,0,0,0,0,1,1,0,5,0,2,3,0,0.09876543209876543,0
0,105000.0,0.0,1112,146,11,1,25,1,0,0,1,0,0,0,0,0,0,1,0,1,3,0,2,19,0,0.046511627906976744,0
0,105000.0,0.0,650,88,6,1,18,3,1,0,0,0,0,0,0,0,1,0,1,0,3,0,4,6,0,0.1,0
1,184500.0,0.2386634844868735,1049,143,10,1,21,3,0,1,0,0,0,0,0,1,0,0,1,0,6,0,5,10,1,0.12987012987012986,1
0,105000.0,0.0,1249,165,11,1,18,2,0,1,0,0,0,0,0,1,0,1,1,0,4,1,1,20,0,0.07027027027027027,0
1,90250.0,0.3811659192825112,991,140,10,1,18,3,0,0,0,0,1,0,0,0,0,0,1,0,4,1,0,13,0,0.07971014492753623,0
1,117250.0,0.36585365853658536,1092,145,11,1,15,2,0,0,1,0,0,0,0,1,1,0,1,0,3,0,1,13,0,0.16,1
0,105000.0,0.0,897,121,10,1,28,3,0,0,0,0,0,0,1,0,1,0,1,0,4,0,0,0,0,0.13157894736842105,1
0,105000.0,0.0,1124,149,11,1,21,4,1,0,0,0,0,0,0,0,1,0,1,0,7,0,2,21,0,0.0625,0
0,105000.0,0.0,790,100,6,1,31,1,0,0,0,0,0,0,1,0,0,0,1,0,5,1,6,6,1,0.084,0
1,137500.0,0.3128834355828221,1120,149,11,1,35,5,0,0,0,1,0,0,0,1,1,0,0,1,4,0,6,13,1,0.04938271604938271,0
1,262500.0,0.30097087378640774,1274,168,11,1,14,4,0,1,0,0,0,0,0,0,1,0,0,0,7,1,1,11,0,0.08196721311475409,0
1,101500.0,0.3952569169960474,1036,143,10,1,31,3,0,0,0,0,0,0,1,0,1,0,1,0,3,0,1,13,0,0.168141592920354,1
0,105000.0,0.0,1011,137,10,1,31,2,0,0,0,0,0,0,1,0,0,1,1,0,3,0,1,4,0,0.10476190476190476,0
1,107750.0,0.3857677902621723,1140,150,11,1,14,1,0,0,1,0,0,0,0,0,1,0,1,0,7,0,4,6,0,0.06818181818181818,0
0,105000.0,0.0,901,124,10,1,25,4,0,0,0,1,0,0,0,0,0,0,1,0,5,0,5,4,1,0.0684931506849315,0
0,105000.0,0.0,1057,145,10,1,28,2,0,0,0,0,0,0,1,1,0,0,1,0,3,0,1,15,0,0.19101123595505617,1
1,47500.0,0.37606837606837606,938,126,10,1,29,1,0,0,1,0,0,0,0,1,0,0,1,0,6,1,2,19,0,0.19900497512437812,1
0,105000.0,0.0,738,96,6,1,28,2,0,0,0,0,0,0,1,0,0,1,1,0,4,0,3,17,0,0.13333333333333333,1
0,105000.0,0.0,1113,146,11,1,13,3,0,1,0,0,0,0,0,0,0,1,0,1,5,0,3,17,0,0.0196078431372549,0
1,174428.8,0.23879029717525999,687,94,6,1,33,3,1,0,0,0,0,0,0,0,0,1,1,0,4,0,0,1,0,0.08571428571428572,0
0,105000.0,0.0,1123,148,11,1,19,4,0,0,0,0,0,1,0,0,1,0,1,0,5,0,4,0,0,0.021164021164021163,0
1,114500.0,0.32234432234432236,693,94,6,1,14,4,0,0,0,0,1,0,0,1,0,1,1,0,4,0,1,10,0,0.13592233009708737,1
0,105000.0,0.0,1081,145,11,1,14,2,0,0,0,0,1,0,0,0,0,0,0,0,3,0,1,13,0,0.06363636363636363,0
1,87750.0,0.3674418604651163,914,125,10,1,20,2,0,0,0,0,0,1,0,0,1,0,1,0,6,0,0,18,0,0.10909090909090909,1
1,50000.0,0.34710743801652894,919,124,6,1,13,0,0,0,0,1,0,0,0,1,0,1,1,0,6,1,5,21,1,0.10344827586206896,0
0,105000.0,0.0,761,102,6,1,14,1,0,0,1,0,0,0,0,0,0,0,1,0,7,0,3,8,0,0.08450704225352113,0
0,105000.0,0.0,878,122,10,1,22,4,0,0,0,0,0,1,0,0,0,1,1,0,5,1,3,7,0,0.03194888178913738,0
1,110000.0,0.3076923076923077,1117,149,11,1,21,4,1,0,0,0,0,0,0,0,0,1,0,0,7,1,2,12,0,0.10121457489878542,0
1,132750.0,0.21212121212121213,952,129,10,1,32,4,0,0,0,1,0,0,0,0,0,0,0,0,6,0,4,10,0,0.028169014084507043,0
0,105000.0,0.0,1313,172,11,1,29,2,0,0,1,0,0,0,0,0,0,1,1,0,5,1,4,9,0,0.07220216606498195,0
1,70500.0,0.30120481927710846,1265,166,11,1,24,3,0,0,0,0,0,0,1,1,0,0,1,0,3,0,1,20,0,0.16494845360824742,1
1,283250.0,0.2296875,942,130,10,1,32,3,0,0,1,0,0,0,0,1,1,0,1,0,6,0,6,14,1,0.04918032786885246,0
0,105000.0,0.0,1047,144,10,1,18,3,0,0,1,0,0,0,0,0,0,1,1,0,5,1,0,15,0,0.03571428571428571,0
1,114750.0,0.3951048951048951,1039,147,10,1,24,3,0,0,0,0,1,0,0,1,0,1,1,0,4,0,3,21,0,0.0962962962962963,0
0,105000.0,0.0,1047,144,10,1,23,1,0,1,0,0,0,0,0,0,1,0,1,0,6,1,2,20,0,0.13,1
1,83250.0,0.19021739130434784,975,135,10,1,18,1,0,1,0,0,0,0,0,0,0,0,1,0,3,0,5,16,1,0.18691588785046728,1
0,105000.0,0.0,893,125,10,1,13,1,0,0,0,1,0,0,0,0,0,0,0,0,5,0,3,10,0,0.04395604395604396,0
1,113734.4,0.31805598277453084,938,128,10,1,28,2,0,0,0,1,0,0,0,1,1,0,1,0,6,1,0,6,0,0.07563025210084033,0
1,128250.0,0.21254355400696864,754,95,6,1,24,4,0,0,0,0,0,0,1,1,0,0,0,1,5,0,0,10,0,0.1276595744680851,1
0,105000.0,0.0,1256,165,11,1,17,5,0,0,0,1,0,0,0,1,0,0,1,0,3,0,1,18,0,0.061855670103092786,0
0,105000.0,0.0,1112,147,11,1,24,3,0,0,0,0,0,0,1,1,1,0,0,1,3,0,2,5,0,0.05,0
1,95000.0,0.25688073394495414,1107,146,11,1,24,4,0,0,0,0,0,0,1,0,0,0,1,0,3,0,3,12,0,0.03773584905660377,0
1,83750.0,0.29081632653061223,756,98,6,1,20,3,0,0,0,0,0,1,0,0,0,1,1,0,6,0,1,1,0,0.09933774834437085,0
0,105000.0,0.0,844,116,10,1,25,2,0,1,0,0,0,0,0,0,0,0,1,0,3,1,1,11,0,0.05019305019305019,0
1,49500.0,0.21621621621621623,1138,151,11,1,26,4,0,0,0,0,1,0,0,0,0,1,1,0,6,0,6,8,1,0.16981132075471697,1
1,112500.0,0.2283464566929134,1142,150,11,1,25,4,0,0,0,1,0,0,0,1,0,0,1,0,6,0,5,8,1,0.10975609756097561,1
1,91750.0,0.2930232558139535,880,121,10,1,17,5,0,0,0,1,0,0,0,0,0,1,1,0,4,0,6,20,1,0.08064516129032258,0
1,97750.0,0.19815668202764977,1329,176,11,1,32,3,0,0,1,0,0,0,0,0,0,1,1,0,7,1,2,21,0,0.04819277108433735,0
1,133250.0,0.3799392097264438,987,141,10,1,25,2,1,0,0,0,0,0,0,0,1,0,1,0,3,0,5,9,1,0.14705882352941177,1
1,54250.0,0.264,1138,149,11,1,20,0,0,0,0,0,0,1,0,1,1,0,1,0,6,1,5,0,1,0.19330855018587362,1
1,268000.0,0.2929936305732484,1108,148,11,1,24,3,1,0,0,0,0,0,0,0,1,0,1,0,6,0,0,15,0,0.02857142857142857,0
1,105000.0,0.32,1281,170,11,1,14,3,0,0,0,0,1,0,0,0,0,1,1,0,7,1,2,12,0,0.07936507936507936,0
1,156000.0,0.35789473684210527,632,86,6,1,13,3,0,1,0,0,0,0,0,0,0,1,1,0,3,1,3,5,0,0.175,1
1,95500.0,0.3881856540084388,846,119,10,1,24,2,0,0,0,0,1,0,0,0,1,0,1,0,3,0,1,15,0,0.08695652173913043,0
1,134000.0,0.36085626911314983,693,95,6,1,15,1,1,0,0,0,0,0,0,0,1,0,1,0,6,0,4,17,0,0.18333333333333332,1
1,131476.8,0.3447237496726892,667,92,6,1,17,3,0,1,0,0,0,0,0,0,0,1,1,0,4,1,6,2,1,0.04597701149425287,0
0,105000.0,0.0,888,125,10,1,19,2,0,0,0,0,0,1,0,0,0,1,0,0,5,0,6,13,1,0.1134020618556701,1
1,105750.0,0.3977272727272727,1092,145,11,1,14,1,0,0,1,0,0,0,0,0,1,0,1,0,3,0,6,11,1,0.1836734693877551,1
1,84177.59999999999,0.3872060581905141,903,126,10,1,19,4,1,0,0,0,0,0,0,1,0,0,1,0,5,1,2,12,0,0.13765182186234817,1
0,105000.0,0.0,732,98,6,1,24,2,0,0,0,0,1,0,0,0,0,0,1,0,5,0,2,7,0,0.0,0
1,91000.0,0.38222222222222224,886,118,6,1,14,2,0,0,1,0,0,0,0,1,0,1,0,1,6,0,5,22,1,0.14018691588785046,1
0,105000.0,0.0,894,120,6,1,18,2,0,0,0,0,1,0,0,1,0,1,1,0,6,0,0,17,0,0.1111111111111111,1
0,105000.0,0.0,688,92,6,1,14,1,0,1,0,0,0,0,0,1,0,1,1,0,6,0,1,1,0,0.07692307692307693,0
1,198000.0,0.26695842450765866,1069,144,10,1,22,5,0,0,0,0,0,1,0,0,1,0,0,1,6,0,5,14,1,0.02857142857142857,0
0,105000.0,0.0,1276,170,11,1,21,3,0,1,0,0,0,0,0,1,1,0,1,0,4,0,1,9,0,0.043478260869565216,0
1,70750.0,0.39204545454545453,1294,171,11,1,25,4,0,0,0,1,0,0,0,1,0,0,1,0,6,0,6,22,1,0.038461538461538464,0
0,105000.0,0.0,1247,165,11,1,25,1,1,0,0,0,0,0,0,1,0,1,0,0,4,0,3,23,0,0.15602836879432624,1
0,105000.0,0.0,1282,167,11,1,18,0,0,1,0,0,0,0,0,0,0,1,1,0,7,0,6,19,1,0.08823529411764706,0
0,105000.0,0.0,837,117,10,1,13,1,0,0,0,1,0,0,0,0,1,0,1,0,3,0,6,1,1,0.1282051282051282,1
0,105000.0,0.0,1033,145,10,1,33,4,1,0,0,0,0,0,0,0,1,0,1,0,5,1,5,13,1,0.03164556962025317,0
0,105000.0,0.0,1114,147,11,1,24,3,0,0,0,0,0,0,1,0,0,1,1,0,3,1,6,21,1,0.14444444444444443,1
1,95000.0,0.3111111111111111,944,129,10,1,28,2,0,0,0,1,0,0,0,1,0,0,0,1,6,0,1,18,0,0.07692307692307693,0
0,105000.0,0.0,1118,149,11,1,21,4,1,0,0,0,0,0,0,0,0,0,1,0,7,0,3,3,0,0.06779661016949153,0
1,158000.0,0.22969187675070027,936,131,10,1,24,4,0,0,0,0,1,0,0,0,0,1,1,0,7,0,1,1,0,0.0,0
0,105000.0,0.0,1116,148,11,1,19,3,0,0,0,0,0,1,0,0,1,0,1,0,5,0,5,15,1,0.1276595744680851,1
1,91250.0,0.37777777777777777,913,126,10,1,32,3,0,0,1,0,0,0,0,0,0,1,1,0,5,0,0,4,0,0.08333333333333333,0
0,105000.0,0.0,1109,147,11,1,25,4,0,0,0,1,0,0,0,0,0,1,1,0,3,0,5,3,1,0.029850746268656716,0
0,105000.0,0.0,1061,148,10,1,25,4,1,0,0,0,0,0,0,0,1,0,1,0,7,0,0,14,0,0.05128205128205128,0
0,105000.0,0.0,1117,148,11,1,16,1,0,0,1,0,0,0,0,1,1,0,1,0,5,0,0,15,0,0.13333333333333333,1
1,194250.0,0.2847682119205298,1292,171,11,1,25,4,0,0,0,1,0,0,0,1,0,0,0,0,6,0,0,20,0,0.08333333333333333,0
0,105000.0,0.0,1036,145,10,1,13,2,0,0,0,1,0,0,0,0,0,0,1,0,4,1,2,8,0,0.028037383177570093,0
0,105000.0,0.0,832,118,10,1,18,3,0,0,0,0,1,0,0,0,1,0,0,1,3,0,1,10,0,0.0,0
1,267250.0,0.3348909657320872,1049,143,10,1,23,4,0,1,0,0,0,0,0,1,0,0,1,0,5,0,2,17,0,0.044642857142857144,0
1,138500.0,0.25236593059936907,860,116,6,1,17,3,0,1,0,0,0,0,0,1,0,1,0,1,7,0,1,4,0,0.21495327102803738,1
1,44750.0,0.3425925925925926,763,98,6,1,28,1,0,0,0,0,0,0,1,1,0,1,1,0,5,1,2,22,0,0.1450980392156863,1
0,105000.0,0.0,986,137,10,1,24,3,1,0,0,0,0,0,0,0,0,0,1,0,3,1,1,5,0,0.0,0
1,96750.0,0.28,888,121,10,1,23,2,0,1,0,0,0,0,0,0,0,0,1,0,6,0,1,16,0,0.2777777777777778,1
1,119000.0,0.2939068100358423,642,88,6,1,17,2,1,0,0,0,0,0,0,1,0,1,0,0,3,1,5,14,1,0.13063063063063063,1
1,49500.0,0.3220338983050847,708,91,6,1,28,1,0,0,0,0,0,0,1,1,0,0,1,0,3,1,1,8,0,0.2079207920792079,1
1,141000.0,0.25925925925925924,922,124,6,1,15,3,0,0,1,0,0,0,0,0,0,0,1,0,7,0,6,23,1,0.1044776119402985,0
1,305000.0,0.3423913043478261,673,92,6,1,14,5,0,0,1,0,0,0,0,0,1,0,1,0,3,0,4,19,0,0.028846153846153848,0
0,105000.0,0.0,828,115,10,1,18,0,0,0,0,0,1,0,0,0,0,1,1,0,3,0,5,14,1,0.2857142857142857,1
1,74750.0,0.23076923076923078,726,96,6,1,16,1,0,0,1,0,0,0,0,1,0,1,0,1,6,0,5,1,1,0.21052631578947367,1
1,223250.0,0.2316831683168317,1107,146,11,1,18,3,1,0,0,0,0,0,0,1,1,0,1,0,5,1,6,12,1,0.1609907120743034,1
1,119750.0,0.3979933110367893,1128,148,11,1,19,4,0,0,0,0,0,1,0,0,0,1,1,0,5,1,1,2,0,0.06936416184971098,0
1,224250.0,0.23772102161100198,1096,145,11,1,15,4,0,0,1,0,0,0,0,0,1,0,1,0,3,0,6,19,1,0.08275862068965517,0
1,47798.4,0.3788359788359789,1280,169,11,1,18,1,0,0,1,0,0,0,0,0,0,0,1,0,3,0,5,10,1,0.23809523809523808,1
1,62750.0,0.34868421052631576,859,117,10,1,28,2,0,0,0,0,0,0,1,0,0,1,1,0,3,1,5,14,1,0.15625,1
0,105000.0,0.0,867,121,10,1,32,3,0,0,1,0,0,0,0,1,0,1,1,0,3,0,2,16,0,0.05357142857142857,0
1,74000.0,0.35555555555555557,820,110,6,1,18,2,0,0,1,0,0,0,0,0,1,0,0,1,4,1,3,16,0,0.05970149253731343,0
1,94889.59999999999,0.3939447280408379,1296,169,11,1,22,3,0,0,0,0,0,1,0,0,0,1,1,0,6,0,1,16,0,0.04878048780487805,0
1,39750.0,0.2903225806451613,860,118,10,1,28,1,0,0,0,0,0,0,1,1,0,0,1,0,3,0,5,11,1,0.18085106382978725,1
1,77500.0,0.19767441860465115,871,120,10,1,28,3,0,0,0,0,0,0,1,1,0,1,0,1,3,0,0,23,0,0.1896551724137931,1
1,41750.0,0.20430107526881722,1130,147,11,1,31,0,0,0,0,0,0,0,1,1,1,0,0,0,4,0,4,12,0,0.17567567567567569,1
0,105000.0,0.0,1098,145,11,1,13,5,0,1,0,0,0,0,0,0,0,1,1,0,4,0,1,13,0,0.016129032258064516,0
1,50000.0,0.3050847457627119,1017,138,10,1,29,1,0,0,1,0,0,0,0,0,0,1,0,0,3,1,2,5,0,0.13333333333333333,1
1,64459.2,0.31181917211328974,1108,146,11,1,24,2,0,0,0,0,0,0,1,0,0,1,1,0,3,0,1,20,0,0.08823529411764706,0
1,75500.0,0.20238095238095238,839,110,6,1,25,4,0,0,0,1,0,0,0,0,0,1,1,0,3,0,4,3,0,0.14883720930232558,1
0,105000.0,0.0,824,116,10,1,14,4,0,0,0,0,1,0,0,0,0,1,1,0,3,0,2,4,0,0.06535947712418301,0
1,205504.0,0.2548136371665783,881,123,10,1,17,3,0,1,0,0,0,0,0,0,0,1,1,0,6,1,1,9,0,0.06198347107438017,0
1,63750.0,0.36538461538461536,1294,171,11,1,24,3,0,0,0,0,0,0,1,0,0,0,0,0,4,0,5,13,1,0.13513513513513514,1
0,105000.0,0.0,1243,164,11,1,23,0,0,1,0,0,0,0,0,1,0,1,0,1,3,1,3,1,0,0.11298076923076923,1
0,105000.0,0.0,949,129,10,1,32,1,0,0,0,1,0,0,0,1,0,1,0,0,6,1,4,22,0,0.12142857142857143,1
0,105000.0,0.0,865,121,10,1,22,4,0,0,0,0,0,1,0,0,1,0,0,1,4,0,4,21,0,0.08205128205128205,0
1,180750.0,0.2907801418439716,875,123,10,1,15,3,0,0,1,0,0,0,0,0,1,0,1,0,4,0,6,8,1,0.06060606060606061,0
1,44116.8,0.246382802811079,930,125,10,1,28,1,0,0,0,0,0,0,1,1,0,1,1,0,5,0,3,14,0,0.4117647058823529,1
0,105000.0,0.0,818,112,6,1,14,1,0,1,0,0,0,0,0,0,0,1,1,0,3,0,0,11,0,0.07216494845360824,0
1,42000.0,0.25,1117,146,11,1,31,1,0,0,0,0,0,0,1,0,0,0,1,0,3,0,5,16,1,0.16,1
0,105000.0,0.0,862,119,10,1,24,3,0,0,0,0,0,0,1,0,0,1,0,0,3,0,3,3,0,0.08695652173913043,0
0,105000.0,0.0,932,131,10,1,19,4,1,0,0,0,0,0,0,0,1,0,1,0,7,0,0,11,0,0.08267716535433071,0
0,105000.0,0.0,1113,145,11,1,25,1,0,0,1,0,0,0,0,0,0,1,0,1,3,1,6,8,1,0.01639344262295082,0
1,164750.0,0.18956043956043955,1043,147,10,1,17,3,0,1,0,0,0,0,0,0,1,0,0,0,6,0,0,19,0,0.16129032258064516,1
1,68250.0,0.2830188679245283,884,124,10,1,19,0,1,0,0,0,0,0,0,0,0,1,1,0,7,0,3,14,0,0.15,1
1,118560.0,0.29886601014622494,860,116,6,1,13,3,0,0,0,1,0,0,0,1,0,1,1,0,5,1,6,11,1,0.06319702602230483,0
1,135750.0,0.3495440729483283,886,120,10,1,23,3,0,1,0,0,0,0,0,0,0,0,1,0,6,0,0,2,0,0.13725490196078433,1
1,66250.0,0.30128205128205127,875,118,6,1,18,1,0,0,0,0,1,0,0,0,0,0,0,0,5,1,2,6,0,0.017241379310344827,0
1,64250.0,0.25170068027210885,1103,146,11,1,24,3,0,0,0,0,0,0,1,1,0,0,1,0,3,0,6,9,1,0.12162162162162163,1
1,135750.0,0.38392857142857145,1071,150,10,1,18,3,0,0,0,0,1,0,0,0,1,0,1,0,6,0,3,19,0,0.046153846153846156,0
1,239000.0,0.35456110154905335,1162,153,11,1,32,3,0,0,1,0,0,0,0,0,1,0,1,0,7,0,4,11,0,0.014285714285714285,0
0,105000.0,0.0,1138,149,11,1,15,4,0,0,1,0,0,0,0,0,0,1,1,0,6,0,4,18,0,0.043478260869565216,0
1,131996.8,0.37996171027440967,1294,171,11,1,19,4,1,0,0,0,0,0,0,0,0,1,0,0,7,0,0,13,0,0.14285714285714285,1
1,84500.0,0.23036649214659685,738,94,6,1,22,3,0,0,0,0,0,1,0,1,0,0,1,0,5,0,0,11,0,0.060126582278481014,0
0,105000.0,0.0,914,120,6,1,25,1,0,0,1,0,0,0,0,0,0,1,1,0,5,0,4,11,0,0.08695652173913043,0
1,123510.40000000001,0.35966850828729285,1046,141,10,1,31,4,0,0,0,0,0,0,1,0,1,0,1,0,3,0,2,21,0,0.1111111111111111,1
0,105000.0,0.0,1007,141,10,1,19,4,1,0,0,0,0,0,0,0,1,0,0,0,3,0,6,13,1,0.07216494845360824,0
0,105000.0,0.0,896,115,6,1,28,4,0,0,0,0,0,0,1,1,1,0,0,0,4,1,3,20,0,0.05235602094240838,0
1,123750.0,0.34448160535117056,1087,151,10,1,19,4,1,0,0,0,0,0,0,0,0,0,1,0,7,0,2,23,0,0.1388888888888889,1
1,55723.2,0.19108710330857528,678,88,6,1,24,2,0,0,0,0,0,0,1,0,0,1,0,0,3,0,1,11,0,0.2857142857142857,1
1,109250.0,0.35714285714285715,813,109,6,1,21,1,0,1,0,0,0,0,0,1,0,0,1,0,4,1,1,6,0,0.07692307692307693,0
0,105000.0,0.0,722,96,6,1,33,4,1,0,0,0,0,0,0,0,0,0,1,0,5,1,0,17,0,0.08064516129032258,0
0,105000.0,0.0,691,90,6,1,18,3,0,1,0,0,0,0,0,0,0,1,1,0,5,0,2,4,0,0.09090909090909091,0
1,120250.0,0.3181818181818182,1128,149,11,1,14,3,0,0,1,0,0,0,0,0,0,0,1,0,5,0,2,2,0,0.06557377049180328,0
1,144976.0,0.30413625304136255,907,123,6,1,24,3,1,0,0,0,0,0,0,0,1,0,0,1,7,0,1,0,0,0.16417910447761194,1
0,105000.0,0.0,739,95,6,1,29,0,0,0,1,0,0,0,0,0,1,0,0,1,5,0,1,20,0,0.07142857142857142,0
0,105000.0,0.0,1142,151,11,1,26,4,0,0,0,0,1,0,0,0,0,0,1,0,7,0,6,11,1,0.0,0
1,85750.0,0.30198019801980197,1117,146,11,1,14,1,0,1,0,0,0,0,0,0,0,0,1,0,6,0,2,6,0,0.08928571428571429,0
0,105000.0,0.0,1107,147,11,1,14,2,0,0,1,0,0,0,0,0,0,1,1,0,4,0,0,6,0,0.06666666666666667,0
1,49000.0,0.2956521739130435,1144,151,11,1,26,4,0,0,0,0,1,0,0,1,0,0,1,0,7,0,2,12,0,0.15577889447236182,1
1,44750.0,0.29523809523809524,760,98,6,1,28,1,0,0,0,0,0,0,1,0,0,1,1,0,5,0,5,8,1,0.1328125,1
0,105000.0,0.0,1133,149,11,1,32,3,0,0,1,0,0,0,0,0,0,1,1,0,5,0,4,9,0,0.019230769230769232,0
1,163966.4,0.19031221303948573,1123,147,11,1,25,4,0,0,0,1,0,0,0,1,0,0,1,0,4,0,5,0,1,0.03260869565217391,0
0,105000.0,0.0,1241,164,11,1,23,1,0,1,0,0,0,0,0,0,1,0,1,0,3,1,0,2,0,0.03636363636363636,0
0,105000.0,0.0,666,88,6,1,20,1,0,0,0,0,0,1,0,0,0,1,1,0,3,1,2,23,0,0.05660377358490566,0
1,59250.0,0.34265734265734266,881,114,6,1,28,2,0,0,0,0,0,0,1,0,0,1,1,0,4,0,3,15,0,0.1935483870967742,1
1,97500.0,0.28193832599118945,713,96,6,1,21,2,0,1,0,0,0,0,0,0,0,1,0,0,6,0,6,20,1,0.1,0
0,105000.0,0.0,1317,174,11,1,35,5,0,0,0,1,0,0,0,0,0,1,0,0,5,0,6,5,1,0.017857142857142856,0
0,105000.0,0.0,1251,167,11,1,24,2,0,0,0,0,1,0,0,0,0,1,1,0,3,0,5,7,1,0.10810810810810811,1
1,126250.0,0.22807017543859648,1132,149,11,1,28,3,0,0,0,1,0,0,0,0,0,1,1,0,4,0,2,11,0,0.0743801652892562,0
0,105000.0,0.0,912,126,10,1,19,4,0,0,0,0,0,1,0,0,0,1,0,0,6,1,6,23,1,0.036231884057971016,0
1,74250.0,0.3858695652173913,1128,149,11,1,26,4,0,0,0,0,1,0,0,0,1,0,1,0,5,0,5,9,1,0.041666666666666664,0
1,66500.0,0.3057324840764331,898,121,10,1,28,3,0,0,0,0,0,0,1,0,0,1,1,0,4,0,1,2,0,0.14285714285714285,1
1,72500.0,0.3333333333333333,1096,146,11,1,14,1,0,0,0,0,1,0,0,0,0,1,1,0,4,0,0,15,0,0.11940298507462686,1
1,101250.0,0.3469387755102041,1286,168,11,1,24,4,0,0,0,0,0,0,1,0,0,0,0,0,5,0,1,20,0,0.058823529411764705,0
0,105000.0,0.0,922,128,10,1,14,4,0,0,1,0,0,0,0,0,0,0,0,0,7,0,2,23,0,0.018018018018018018,0
0,105000.0,0.0,892,127,10,1,14,4,0,0,0,0,1,0,0,0,1,0,1,0,6,0,3,1,0,0.0410958904109589,0
0,105000.0,0.0,1043,140,10,1,28,1,0,0,0,0,0,0,1,1,0,1,1,0,4,0,6,2,1,0.14285714285714285,1
1,81000.0,0.37185929648241206,782,98,6,1,31,3,0,0,0,0,0,0,1,0,0,1,1,0,5,0,4,19,0,0.14960629921259844,1
0,105000.0,0.0,846,118,10,1,24,3,0,0,0,0,0,0,1,0,1,0,1,0,3,0,0,6,0,0.11904761904761904,1
1,69250.0,0.3212121212121212,1128,149,11,1,28,1,0,0,0,1,0,0,0,1,0,0,0,0,4,1,1,20,0,0.14285714285714285,1
0,105000.0,0.0,723,92,6,1,31,2,0,0,0,0,0,0,1,0,1,0,0,0,4,1,3,11,0,0.07142857142857142,0
1,85862.40000000001,0.33380423814328963,835,113,6,1,17,5,0,0,0,1,0,0,0,0,1,0,1,0,4,0,1,2,0,0.11650485436893204,1
1,94500.0,0.2972972972972973,1081,149,10,1,16,1,0,0,1,0,0,0,0,0,1,0,0,0,7,0,2,9,0,0.16,1
1,58500.0,0.32857142857142857,872,119,10,1,28,2,0,0,0,0,0,0,1,0,1,0,0,0,3,1,4,13,0,0.1323529411764706,1
1,85000.0,0.30845771144278605,1120,146,11,1,28,3,0,0,0,0,0,0,1,0,1,0,0,1,3,0,5,3,1,0.11688311688311688,1
1,103250.0,0.22746781115879827,1097,146,11,1,13,3,0,0,0,1,0,0,0,0,0,1,0,0,3,0,0,7,0,0.08928571428571429,0
1,105000.0,0.24267782426778242,960,137,10,1,15,2,1,0,0,0,0,0,0,0,0,1,0,0,4,0,5,7,1,0.09574468085106383,0
1,107750.0,0.19665271966527198,683,90,6,1,16,2,0,0,1,0,0,0,0,0,0,1,1,0,3,0,3,8,0,0.11363636363636363,1
0,105000.0,0.0,1100,145,11,1,19,1,1,0,0,0,0,0,0,0,0,0,1,0,4,0,6,8,1,0.12549019607843137,1
1,184500.0,0.3672566371681416,1145,151,11,1,19,4,1,0,0,0,0,0,0,0,1,0,1,0,7,0,4,4,0,0.02040816326530612,0
0,105000.0,0.0,935,131,10,1,19,4,1,0,0,0,0,0,0,0,0,0,1,0,7,0,1,7,0,0.058823529411764705,0
1,238750.0,0.24448529411764705,930,128,10,1,32,3,0,0,1,0,0,0,0,0,1,0,1,0,6,0,6,21,1,0.03333333333333333,0
0,105000.0,0.0,975,138,10,1,15,2,0,0,1,0,0,0,0,1,0,0,1,0,3,1,0,11,0,0.0665083135391924,0
1,78250.0,0.25139664804469275,1111,145,11,1,29,3,0,0,1,0,0,0,0,0,0,0,1,0,3,0,1,2,0,0.05154639175257732,0
1,68750.0,0.28125,913,122,6,1,22,4,0,0,0,0,0,1,0,0,0,1,1,0,5,1,6,11,1,0.11428571428571428,1
0,105000.0,0.0,883,118,6,1,24,5,0,0,0,0,0,0,1,0,0,1,0,1,4,1,0,22,0,0.03333333333333333,0
1,109250.0,0.2727272727272727,1273,170,11,1,14,3,0,0,0,0,1,0,0,1,0,0,1,0,6,0,3,16,0,0.06818181818181818,0
1,145750.0,0.23867069486404835,1089,144,11,1,21,3,0,1,0,0,0,0,0,0,0,0,1,0,3,1,2,6,0,0.11347517730496454,1
0,105000.0,0.0,1064,149,10,1,19,3,0,0,0,0,0,1,0,0,1,0,1,0,5,0,1,14,0,0.09433962264150944,0
1,64916.8,0.1922965537214017,1288,168,11,1,32,1,0,0,0,1,0,0,0,1,0,1,1,0,4,1,5,8,1,0.16417910447761194,1
1,287250.0,0.3816901408450704,933,130,10,1,26,4,0,0,0,0,1,0,0,0,1,0,0,0,7,0,6,1,1,0.03333333333333333,0
0,105000.0,0.0,866,112,6,1,28,2,0,0,0,0,0,0,1,0,0,1,1,0,3,0,1,21,0,0.08108108108108109,0
0,105000.0,0.0,1255,165,11,1,21,2,0,1,0,0,0,0,0,1,1,0,1,0,4,0,0,21,0,0.07203389830508475,0
1,96250.0,0.22580645161290322,879,117,6,1,25,4,0,0,0,1,0,0,0,1,1,0,1,0,4,0,1,0,0,0.11764705882352941,1
1,73250.0,0.21341463414634146,1245,164,11,1,18,2,0,0,0,0,1,0,0,0,0,1,1,0,3,1,4,2,0,0.10891089108910891,1
1,178500.0,0.21052631578947367,1108,147,11,1,14,3,0,0,1,0,0,0,0,0,1,0,0,0,4,0,6,8,1,0.08064516129032258,0
1,69500.0,0.3930635838150289,856,114,6,1,24,2,0,0,0,0,1,0,0,0,0,1,0,0,4,1,3,23,0,0.05504587155963303,0
1,115003.2,0.33739287325214257,902,117,6,1,18,1,0,1,0,0,0,0,0,0,1,0,1,0,7,0,6,7,1,0.10256410256410256,0
0,105000.0,0.0,710,97,6,1,24,3,1,0,0,0,0,0,0,1,0,0,1,0,7,0,3,7,0,0.02564102564102564,0
1,43750.0,0.37962962962962965,831,112,6,1,18,0,0,0,0,0,1,0,0,1,0,1,1,0,3,1,2,5,0,0.13793103448275862,1
1,115000.0,0.35125448028673834,859,116,6,1,26,4,0,0,0,0,1,0,0,0,0,1,0,1,5,1,3,5,0,0.06578947368421052,0
1,79000.0,0.19428571428571428,666,94,6,1,19,0,1,0,0,0,0,0,0,0,1,0,1,0,5,0,5,0,1,0.175,1
1,121000.0,0.36486486486486486,856,121,10,1,21,1,0,1,0,0,0,0,0,0,1,0,1,0,5,1,5,10,1,0.14285714285714285,1
1,178672.0,0.2469387755102041,722,97,6,1,21,3,0,1,0,0,0,0,0,0,1,0,0,0,6,1,4,16,0,0.13013698630136986,1
0,105000.0,0.0,1109,146,11,1,12,3,0,1,0,0,0,0,0,1,0,0,1,0,5,0,1,0,0,0.15,1
0,105000.0,0.0,1021,143,10,1,18,1,0,0,1,0,0,0,0,1,0,0,1,0,4,0,6,9,1,0.11940298507462686,1
0,105000.0,0.0,896,122,10,1,28,2,0,0,0,0,0,0,1,1,0,0,1,0,4,0,1,7,0,0.0875,0
1,50000.0,0.1981981981981982,1299,170,11,1,31,2,0,0,0,0,0,0,1,0,0,1,1,0,4,0,4,4,0,0.1527777777777778,1
1,81500.0,0.2087912087912088,1070,145,10,1,24,3,0,0,0,0,0,0,1,1,0,1,1,0,5,1,1,12,0,0.19877675840978593,1
0,105000.0,0.0,706,94,6,1,21,3,0,1,0,0,0,0,0,0,0,1,1,0,5,0,0,21,0,0.08163265306122448,0
1,111250.0,0.3143939393939394,863,117,6,1,19,3,0,0,0,0,0,1,0,0,1,0,0,0,3,0,1,23,0,0.1724137931034483,1
1,116000.0,0.3776223776223776,628,85,6,1,13,2,0,1,0,0,0,0,0,1,0,0,1,0,3,0,1,2,0,0.08333333333333333,0
1,64000.0,0.2222222222222222,1060,147,10,1,22,4,0,0,0,0,0,1,0,0,0,1,1,0,4,0,0,3,0,0.11071428571428571,1
0,105000.0,0.0,1117,147,11,1,12,1,0,1,0,0,0,0,0,0,0,1,1,0,7,0,3,19,0,0.13636363636363635,1
0,105000.0,0.0,942,130,10,1,25,1,0,0,1,0,0,0,0,0,1,0,0,0,7,0,5,9,1,0.043478260869565216,0
1,102500.0,0.18584070796460178,1123,148,11,1,18,3,0,0,1,0,0,0,0,1,0,1,1,0,5,0,6,4,1,0.16666666666666666,1
0,105000.0,0.0,1274,167,11,1,12,3,0,1,0,0,0,0,0,0,0,1,0,1,7,0,0,8,0,0.0,0
1,119475.2,0.33434826736262147,923,127,10,1,32,3,0,0,0,1,0,0,0,0,0,1,1,0,5,0,2,19,0,0.07692307692307693,0
0,105000.0,0.0,748,99,6,1,24,3,0,0,0,0,0,0,1,0,1,0,1,0,5,0,6,2,1,0.08405797101449275,0
1,160000.0,0.3631713554987212,1097,148,10,1,32,4,0,0,0,1,0,0,0,0,0,0,0,0,6,0,3,19,0,0.061224489795918366,0
1,77064.0,0.19732360097323598,1025,142,10,1,13,1,0,0,0,1,0,0,0,0,0,1,1,0,5,0,3,1,0,0.11363636363636363,1
1,76250.0,0.21637426900584794,840,112,6,1,23,0,0,1,0,0,0,0,0,0,1,0,1,0,5,0,0,23,0,0.19626168224299065,1
0,105000.0,0.0,921,125,10,1,24,0,0,0,0,0,0,0,1,1,0,1,1,0,5,1,2,16,0,0.19305019305019305,1
0,105000.0,0.0,995,139,10,1,25,4,1,0,0,0,0,0,0,0,0,0,1,0,4,1,4,2,0,0.02631578947368421,0
0,105000.0,0.0,715,96,6,1,19,4,1,0,0,0,0,0,0,0,1,0,1,0,5,1,0,13,0,0.022727272727272728,0
1,113750.0,0.30223880597014924,753,101,6,1,17,5,0,0,0,1,0,0,0,0,1,0,1,0,6,1,6,16,1,0.08928571428571429,0
0,105000.0,0.0,841,115,10,1,23,1,0,1,0,0,0,0,0,0,0,1,1,0,3,1,0,13,0,0.08823529411764706,0
1,90750.0,0.19402985074626866,1131,149,11,1,16,1,0,0,1,0,0,0,0,0,1,0,1,0,6,1,5,9,1,0.07537688442211055,0
1,108000.0,0.272,1258,166,11,1,23,1,0,1,0,0,0,0,0,0,1,0,1,0,5,1,0,21,0,0.10497237569060773,0
1,115250.0,0.33574007220216606,1116,147,11,1,20,4,0,0,0,0,0,1,0,0,0,1,0,0,4,1,0,0,0,0.07692307692307693,0
1,59841.6,0.39166899636566954,881,121,10,1,28,2,0,0,0,0,0,0,1,0,0,1,1,0,3,0,2,6,0,0.25,1
1,84000.0,0.20320855614973263,1291,171,11,1,24,2,0,0,0,0,1,0,0,0,0,1,0,1,7,0,5,12,1,0.13157894736842105,1
0,105000.0,0.0,932,124,6,1,25,1,0,0,1,0,0,0,0,1,0,1,1,0,6,1,2,13,0,0.025,0
1,73500.0,0.3389830508474576,818,108,6,1,20,2,0,0,0,0,0,1,0,1,0,1,1,0,3,0,0,3,0,0.20512820512820512,1
0,105000.0,0.0,836,118,10,1,17,5,0,0,0,1,0,0,0,1,0,0,1,0,3,0,2,10,0,0.09090909090909091,0
1,158750.0,0.2884097035040431,1031,142,10,1,33,2,1,0,0,0,0,0,0,1,1,0,0,0,5,0,0,3,0,0.16666666666666666,1
1,84250.0,0.3399014778325123,1114,146,11,1,15,1,0,0,1,0,0,0,0,0,0,0,1,0,4,0,5,6,1,0.13333333333333333,1
1,90750.0,0.3574660633484163,1287,170,11,1,25,1,0,0,1,0,0,0,0,0,1,0,1,0,6,1,4,8,0,0.13872832369942195,1
0,105000.0,0.0,848,120,10,1,18,4,0,0,0,0,1,0,0,0,1,0,0,0,4,0,4,14,0,0.0,0
1,101500.0,0.2796610169491525,717,94,6,1,18,3,0,0,1,0,0,0,0,1,1,0,1,0,5,0,0,17,0,0.13533834586466165,1
1,168000.0,0.25906735751295334,900,119,6,1,22,4,0,0,0,0,0,1,0,0,1,0,1,0,4,0,5,4,1,0.06818181818181818,0
1,93000.0,0.21153846153846154,844,119,10,1,14,2,0,0,1,0,0,0,0,0,0,0,0,0,3,1,3,2,0,0.10638297872340426,0
1,245750.0,0.18968692449355432,1276,169,11,1,16,5,0,0,1,0,0,0,0,0,0,0,1,0,6,0,3,4,0,0.010638297872340425,0
1,324500.0,0.26238286479250333,1041,142,10,1,18,5,0,1,0,0,0,0,0,0,1,0,0,1,7,0,3,15,0,0.04819277108433735,0
1,198000.0,0.2,913,121,6,1,25,1,0,0,1,0,0,0,0,1,0,0,1,0,6,0,0,1,0,0.09375,0
1,314000.0,0.34081902245706736,885,114,6,1,23,5,0,1,0,0,0,0,0,0,1,0,1,0,6,0,4,8,0,0.07462686567164178,0
1,74000.0,0.28901734104046245,1121,153,10,1,32,1,0,0,0,1,0,0,0,0,0,1,1,0,6,0,4,1,0,0.08163265306122448,0
0,105000.0,0.0,808,115,10,1,15,3,1,0,0,0,0,0,0,1,0,0,1,0,3,0,1,13,0,0.18181818181818182,1
1,69000.0,0.3067484662576687,1112,146,11,1,33,4,1,0,0,0,0,0,0,0,0,0,1,0,4,1,0,3,0,0.15976331360946747,1
1,204838.4,0.2871554048178102,904,125,10,1,18,4,0,0,0,0,1,0,0,1,1,0,1,0,6,1,6,18,1,0.05319148936170213,0
1,139750.0,0.3558823529411765,880,120,6,1,16,3,0,0,1,0,0,0,0,1,0,1,0,0,5,0,4,4,0,0.10476190476190476,0
1,89500.0,0.38009049773755654,1278,167,11,1,31,3,0,0,0,0,0,0,1,0,1,0,1,0,4,0,5,13,1,0.09859154929577464,0
1,170060.80000000002,0.18219208537127615,1115,147,11,1,18,3,1,0,0,0,0,0,0,0,0,1,1,0,6,0,2,16,0,0.10204081632653061,0
0,105000.0,0.0,1004,139,10,1,28,2,0,0,0,1,0,0,0,1,0,1,0,1,3,0,6,1,1,0.08771929824561403,0
1,90250.0,0.3665158371040724,683,88,6,1,23,1,0,1,0,0,0,0,0,1,0,1,1,0,4,0,0,0,0,0.14666666666666667,1
1,69750.0,0.21153846153846154,660,89,6,1,22,4,0,0,0,0,0,1,0,1,0,0,0,0,3,0,0,7,0,0.13043478260869565,1
1,109000.0,0.296875,701,91,6,1,23,1,0,1,0,0,0,0,0,0,1,0,1,0,4,0,0,5,0,0.08196721311475409,0
0,105000.0,0.0,770,104,6,1,16,1,0,0,1,0,0,0,0,1,0,0,1,0,7,0,6,13,1,0.13043478260869565,1
1,184600.0,0.20887991927346106,1136,149,11,1,28,4,0,0,0,1,0,0,0,1,0,1,1,0,5,0,1,12,0,0.022222222222222223,0
1,130291.2,0.2534504391468006,842,118,10,1,26,4,0,0,0,0,1,0,0,1,0,0,0,0,3,1,4,20,0,0.1320754716981132,1
1,144250.0,0.3972222222222222,1143,151,11,1,35,5,0,0,0,1,0,0,0,0,0,1,1,0,5,0,0,4,0,0.034482758620689655,0
1,64250.0,0.3092105263157895,1293,172,11,1,14,4,0,0,0,0,1,0,0,0,0,1,1,0,6,0,5,17,1,0.12,1
1,144000.0,0.36827195467422097,812,115,10,1,17,3,1,0,0,0,0,0,0,1,0,1,1,0,3,1,6,16,1,0.0915032679738562,0
1,214750.0,0.2540650406504065,832,115,6,1,25,3,1,0,0,0,0,0,0,0,1,0,1,0,4,1,6,9,1,0.07471264367816093,0
0,105000.0,0.0,1115,146,11,1,31,4,0,0,0,0,0,0,1,0,0,1,1,0,3,0,3,22,0,0.09090909090909091,0
1,156000.0,0.2618384401114206,1261,169,11,1,12,3,0,1,0,0,0,0,0,0,0,1,1,0,4,1,2,11,0,0.036585365853658534,0
0,105000.0,0.0,1136,149,11,1,33,3,1,0,0,0,0,0,0,0,0,0,1,0,6,0,3,4,0,0.06382978723404255,0
1,102750.0,0.3155737704918033,818,108,6,1,33,4,1,0,0,0,0,0,0,0,0,0,1,0,3,0,4,14,0,0.1678832116788321,1
1,80750.0,0.3435897435897436,1085,145,10,1,31,3,0,0,0,0,0,0,1,1,0,1,1,0,5,0,1,20,0,0.1643835616438356,1
1,79250.0,0.35751295336787564,757,101,6,1,35,5,0,0,0,1,0,0,0,0,1,0,1,0,5,0,6,9,1,0.13636363636363635,1
0,105000.0,0.0,840,119,10,1,16,2,0,0,1,0,0,0,0,0,1,0,1,0,4,0,4,1,0,0.10714285714285714,1
1,78000.0,0.24719101123595505,1043,143,10,1,13,0,0,1,0,0,0,0,0,0,1,0,1,0,7,0,6,22,1,0.08695652173913043,0
1,67500.0,0.24675324675324675,845,116,6,1,14,2,0,0,0,0,1,0,0,0,0,0,1,0,4,0,3,3,0,0.14,1
1,140500.0,0.3072289156626506,1108,147,11,1,25,4,0,0,0,1,0,0,0,0,0,0,0,0,4,0,2,20,0,0.08695652173913043,0
1,156478.4,0.2822239981733075,1060,147,10,1,16,3,0,0,1,0,0,0,0,1,0,1,1,0,6,1,3,3,0,0.07049608355091384,0
0,105000.0,0.0,682,92,6,1,24,3,0,0,0,0,1,0,0,1,0,1,1,0,3,0,2,19,0,0.03333333333333333,0
1,116750.0,0.3498233215547703,1117,147,11,1,19,2,1,0,0,0,0,0,0,1,0,0,1,0,6,0,2,4,0,0.15384615384615385,1
1,106500.0,0.3359375,1128,150,11,1,14,4,0,0,0,0,1,0,0,1,0,1,1,0,6,0,2,6,0,0.1724137931034483,1
1,92913.6,0.34842883548983367,1133,150,11,1,13,2,0,0,0,1,0,0,0,0,1,0,1,0,6,0,1,15,0,0.13636363636363635,1
1,127000.0,0.32894736842105265,914,128,10,1,24,3,0,0,0,0,1,0,0,0,0,1,1,0,6,0,6,8,1,0.17142857142857143,1
0,105000.0,0.0,873,118,6,1,19,4,1,0,0,0,0,0,0,1,0,1,1,0,5,0,3,2,0,0.07865168539325842,0
1,81500.0,0.336734693877551,1244,166,11,1,16,0,0,0,1,0,0,0,0,1,1,0,1,0,3,1,6,14,1,0.16883116883116883,1
0,105000.0,0.0,860,121,10,1,25,1,1,0,0,0,0,0,0,1,0,1,0,1,5,1,5,13,1,0.13387978142076504,1
1,111250.0,0.36996336996337,1077,148,10,1,22,4,0,0,0,0,0,1,0,0,1,0,1,0,5,0,0,10,0,0.07894736842105263,0
1,133250.0,0.24671052631578946,696,92,6,1,32,3,0,0,0,1,0,0,0,1,1,0,1,0,3,1,3,19,0,0.10508474576271186,0
0,105000.0,0.0,1007,138,10,1,22,4,0,0,0,0,0,1,0,0,1,0,1,0,3,1,4,6,0,0.030303030303030304,0
1,157500.0,0.25,1104,145,11,1,16,3,0,0,1,0,0,0,0,0,1,0,0,0,4,1,0,3,0,0.05517241379310345,0
0,105000.0,0.0,1263,169,11,1,21,3,0,1,0,0,0,0,0,1,1,0,1,0,3,0,5,2,1,0.07142857142857142,0
1,56250.0,0.3082706766917293,1097,146,11,1,18,1,0,0,0,0,1,0,0,0,0,0,0,1,3,0,4,16,0,0.21739130434782608,1
1,97250.0,0.31601731601731603,1293,170,11,1,16,2,0,0,1,0,0,0,0,1,0,1,1,0,6,0,5,14,1,0.08064516129032258,0
1,119250.0,0.3263157894736842,806,110,6,1,14,3,0,0,1,0,0,0,0,1,0,1,1,0,3,1,0,18,0,0.17391304347826086,1
1,114750.0,0.3723404255319149,1274,170,11,1,33,1,1,0,0,0,0,0,0,0,1,0,0,1,4,0,3,3,0,0.08333333333333333,0
0,105000.0,0.0,1143,152,11,1,19,4,1,0,0,0,0,0,0,1,0,0,1,0,7,1,4,13,0,0.056338028169014086,0
0,105000.0,0.0,860,118,10,1,29,1,0,0,1,0,0,0,0,1,0,1,1,0,3,0,4,11,0,0.16326530612244897,1
0,105000.0,0.0,692,94,6,1,15,2,0,0,1,0,0,0,0,0,1,0,0,0,4,0,1,19,0,0.02631578947368421,0
0,105000.0,0.0,1143,150,11,1,32,3,0,0,1,0,0,0,0,0,1,0,1,0,6,1,1,1,0,0.0391304347826087,0
1,73750.0,0.3791208791208791,1294,171,11,1,26,4,0,0,0,0,1,0,0,0,0,1,1,0,6,0,0,23,0,0.0,0
1,98750.0,0.30472103004291845,1233,164,11,1,12,1,0,1,0,0,0,0,0,0,0,1,0,1,3,0,5,1,1,0.14925373134328357,1
0,105000.0,0.0,742,99,6,1,35,5,0,0,0,1,0,0,0,0,1,0,1,0,4,0,0,2,0,0.030303030303030304,0
1,197750.0,0.18577981651376146,1094,143,11,1,12,4,0,1,0,0,0,0,0,1,0,0,0,0,3,1,5,6,1,0.10038610038610038,0
0,105000.0,0.0,916,125,10,1,28,2,0,0,0,1,0,0,0,1,0,1,0,0,5,0,6,22,1,0.07608695652173914,0
1,82784.0,0.3393825615352523,887,118,6,1,13,2,0,0,0,1,0,0,0,1,0,1,1,0,6,1,2,11,0,0.03333333333333333,0
0,105000.0,0.0,1091,145,11,1,22,4,0,0,0,0,0,1,0,0,1,0,1,0,3,0,4,18,0,0.024390243902439025,0
0,105000.0,0.0,910,123,10,1,28,1,0,0,0,0,0,0,1,0,0,1,1,0,4,0,4,2,0,0.19047619047619047,1
0,105000.0,0.0,684,92,6,1,18,0,0,1,0,0,0,0,0,0,0,1,1,0,5,1,5,16,1,0.08333333333333333,0
0,105000.0,0.0,1257,166,11,1,19,1,0,0,0,0,0,1,0,0,0,1,0,1,4,0,5,5,1,0.14285714285714285,1
0,105000.0,0.0,1131,150,11,1,24,0,0,0,0,0,1,0,0,0,0,1,1,0,6,1,1,10,0,0.06349206349206349,0
0,105000.0,0.0,1281,169,11,1,25,4,0,0,0,1,0,0,0,0,1,0,0,0,4,0,6,1,1,0.030303030303030304,0
0,105000.0,0.0,718,96,6,1,19,4,1,0,0,0,0,0,0,1,0,1,1,0,5,0,2,10,0,0.0,0
0,105000.0,0.0,897,125,10,1,25,3,1,0,0,0,0,0,0,0,0,1,1,0,7,0,2,5,0,0.04225352112676056,0
0,105000.0,0.0,1268,168,11,1,16,1,0,0,1,0,0,0,0,0,1,0,0,0,4,0,6,5,1,0.05555555555555555,0
1,140649.6,0.3953488372093023,721,96,6,1,13,3,0,1,0,0,0,0,0,0,0,1,1,0,7,0,3,23,0,0.057692307692307696,0
0,105000.0,0.0,1057,147,10,1,33,4,1,0,0,0,0,0,0,0,0,1,1,0,7,0,6,9,1,0.07407407407407407,0
1,72250.0,0.25903614457831325,1129,149,11,1,17,5,0,0,0,1,0,0,0,1,0,1,1,0,5,1,1,3,0,0.1242603550295858,1
0,105000.0,0.0,1144,151,11,1,15,2,0,0,1,0,0,0,0,1,0,0,1,0,7,1,1,7,0,0.03508771929824561,0
0,105000.0,0.0,1116,149,11,1,18,3,0,0,0,0,1,0,0,0,1,0,0,0,5,0,3,4,0,0.1015625,0
0,105000.0,0.0,864,120,10,1,13,2,0,1,0,0,0,0,0,0,1,0,1,0,6,0,3,11,0,0.059782608695652176,0
1,101000.0,0.3305785123966942,1274,170,11,1,18,3,0,0,0,0,1,0,0,0,0,0,0,1,6,0,3,22,0,0.0392156862745098,0
0,105000.0,0.0,866,117,6,1,14,3,0,1,0,0,0,0,0,1,1,0,1,0,7,1,0,2,0,0.07425742574257425,0
1,107000.0,0.20168067226890757,1140,150,11,1,17,5,0,0,0,1,0,0,0,0,0,0,0,0,6,0,3,17,0,0.09375,0
1,90750.0,0.36486486486486486,870,120,6,1,35,5,0,0,0,1,0,0,0,1,1,0,0,1,3,1,6,0,1,0.11242603550295859,1
1,120993.6,0.2916299559471365,1295,172,11,1,20,3,0,0,0,0,0,1,0,1,1,0,1,0,5,0,0,0,0,0.14,1
0,105000.0,0.0,1297,171,11,1,28,4,0,0,0,0,0,0,1,0,0,1,1,0,4,0,2,0,0,0.08333333333333333,0
1,196000.0,0.22624434389140272,694,98,6,1,14,4,0,0,1,0,0,0,0,1,0,0,1,0,4,1,6,22,1,0.015151515151515152,0
1,118248.0,0.22648572765559188,1086,144,11,1,17,2,1,0,0,0,0,0,0,1,0,1,1,0,3,1,3,15,0,0.06779661016949153,0
1,110750.0,0.2627450980392157,1054,149,10,1,25,1,1,0,0,0,0,0,0,1,0,0,1,0,7,1,5,7,1,0.16176470588235295,1
0,105000.0,0.0,1037,142,10,1,17,5,0,0,0,1,0,0,0,0,1,0,1,0,5,0,6,8,1,0.017857142857142856,0
0,105000.0,0.0,905,120,6,1,18,3,0,0,1,0,0,0,0,0,0,1,0,0,5,0,1,1,0,0.10909090909090909,1
1,84000.0,0.24083769633507854,1123,147,11,1,24,3,0,0,0,0,0,0,1,1,0,0,1,0,4,0,5,21,1,0.2,1
1,129500.0,0.3710691823899371,1068,151,10,1,14,3,0,0,0,0,1,0,0,0,1,0,0,0,6,1,4,8,0,0.05952380952380952,0
1,128250.0,0.2727272727272727,1292,172,11,1,17,3,0,1,0,0,0,0,0,0,1,0,1,0,7,0,1,3,0,0.10526315789473684,0
0,105000.0,0.0,758,96,6,1,24,4,0,0,0,0,0,0,1,0,0,1,1,0,5,0,3,6,0,0.0821917808219178,0
0,105000.0,0.0,1047,144,10,1,35,5,0,0,0,1,0,0,0,0,0,1,1,0,4,0,3,2,0,0.023809523809523808,0
1,156000.0,0.22727272727272727,1280,170,11,1,21,3,0,1,0,0,0,0,0,0,0,1,1,0,5,0,1,5,0,0.08433734939759036,0
0,105000.0,0.0,891,121,10,1,28,0,0,0,0,0,0,0,1,0,0,1,1,0,3,0,6,10,1,0.09333333333333334,0
1,166000.0,0.21983914209115282,1004,141,10,1,17,5,0,0,0,1,0,0,0,0,0,0,0,1,4,0,4,11,0,0.07777777777777778,0
1,192750.0,0.2980132450331126,850,119,10,1,21,3,0,1,0,0,0,0,0,0,1,0,1,0,4,0,2,23,0,0.02631578947368421,0
1,130790.40000000001,0.21768707482993196,728,97,6,1,25,2,0,1,0,0,0,0,0,0,1,0,0,0,7,1,6,9,1,0.05128205128205128,0
1,206250.0,0.319755600814664,1275,168,11,1,25,3,0,1,0,0,0,0,0,0,1,0,1,0,6,1,1,2,0,0.043478260869565216,0
1,102000.0,0.32786885245901637,880,123,10,1,13,1,0,1,0,0,0,0,0,0,1,0,1,0,7,1,4,18,0,0.1111111111111111,1
1,142500.0,0.25153374233128833,717,95,6,1,33,2,1,0,0,0,0,0,0,0,1,0,1,0,5,0,3,6,0,0.12857142857142856,1
1,154750.0,0.24147727272727273,1112,147,11,1,18,2,1,0,0,0,0,0,0,0,1,0,1,0,6,0,5,3,1,0.09090909090909091,0
1,102000.0,0.3745019920318725,832,121,10,1,14,4,0,0,0,0,1,0,0,0,0,0,1,0,4,1,1,16,0,0.10299003322259136,0
0,105000.0,0.0,750,103,6,1,14,3,0,0,0,0,1,0,0,0,1,0,1,0,7,0,2,10,0,0.031578947368421054,0
0,105000.0,0.0,1149,150,11,1,29,2,0,0,1,0,0,0,0,0,0,1,1,0,6,0,0,20,0,0.041666666666666664,0
1,69750.0,0.34911242603550297,730,99,6,1,24,1,0,0,0,0,1,0,0,1,0,0,1,0,5,0,5,21,1,0.07476635514018691,0
1,104250.0,0.2697095435684647,898,122,10,1,18,3,0,0,1,0,0,0,0,1,0,0,1,0,5,0,6,20,1,0.13333333333333333,1
1,59750.0,0.1893939393939394,1110,146,11,1,18,1,0,0,0,0,1,0,0,0,0,1,1,0,4,0,4,2,0,0.1,0
0,105000.0,0.0,1122,147,11,1,24,0,0,0,0,0,0,0,1,1,0,0,1,0,4,1,2,18,0,0.16444444444444445,1
1,76750.0,0.38421052631578945,1017,139,10,1,29,2,0,0,1,0,0,0,0,0,0,1,1,0,3,0,4,11,0,0.061224489795918366,0
1,176750.0,0.21914357682619648,867,114,6,1,22,4,0,0,0,0,0,1,0,0,1,0,1,0,4,1,4,14,0,0.024096385542168676,0
1,175000.0,0.3944954128440367,834,119,10,1,25,1,1,0,0,0,0,0,0,0,0,1,1,0,4,1,6,0,1,0.07801418439716312,0
1,54750.0,0.2890625,902,123,10,1,18,1,0,0,1,0,0,0,0,0,0,1,1,0,5,0,5,6,1,0.09090909090909091,0
1,125250.0,0.29591836734693877,902,123,10,1,25,2,0,1,0,0,0,0,0,0,0,1,0,1,6,0,1,5,0,0.10144927536231885,0
1,63250.0,0.3987341772151899,768,98,6,1,31,2,0,0,0,0,0,0,1,0,1,0,1,0,5,0,2,12,0,0.06451612903225806,0
0,105000.0,0.0,1123,148,11,1,25,1,0,0,1,0,0,0,0,1,0,0,1,0,5,0,1,0,0,0.10526315789473684,0
0,105000.0,0.0,823,111,6,1,33,3,1,0,0,0,0,0,0,1,0,0,1,0,4,0,0,0,0,0.12962962962962962,1
0,105000.0,0.0,1106,146,11,1,24,1,0,0,0,0,1,0,0,0,0,0,0,1,4,1,2,21,0,0.042704626334519574,0
1,108000.0,0.36981132075471695,829,116,10,1,13,1,0,1,0,0,0,0,0,0,1,0,1,0,4,1,3,20,0,0.17218543046357615,1
1,71500.0,0.25609756097560976,729,97,6,1,19,1,0,0,0,0,0,1,0,0,1,0,1,0,5,1,2,16,0,0.16759776536312848,1
1,114250.0,0.326007326007326,856,119,10,1,17,5,0,0,0,1,0,0,0,0,0,1,1,0,3,0,0,0,0,0.015151515151515152,0
1,142376.0,0.35278546504632413,1128,148,11,1,14,2,0,1,0,0,0,0,0,0,1,0,1,0,7,0,4,13,0,0.1264705882352941,1
1,38750.0,0.3684210526315789,677,92,6,1,24,1,0,0,0,0,0,0,1,1,0,0,0,0,3,0,3,2,0,0.2857142857142857,1
1,244250.0,0.25846702317290554,842,118,10,1,25,4,0,1,0,0,0,0,0,1,0,1,1,0,4,0,3,15,0,0.08163265306122448,0
0,105000.0,0.0,1101,145,11,1,25,1,0,0,1,0,0,0,0,1,0,0,1,0,3,0,0,13,0,0.09302325581395349,0
0,105000.0,0.0,971,136,10,1,18,2,1,0,0,0,0,0,0,1,1,0,1,0,4,1,4,8,0,0.1411764705882353,1
0,105000.0,0.0,854,118,10,1,20,2,0,0,0,0,0,1,0,1,0,0,1,0,4,0,3,9,0,0.17142857142857143,1
1,50500.0,0.27350427350427353,892,122,10,1,29,0,0,0,1,0,0,0,0,0,1,0,1,0,5,0,2,2,0,0.1875,1
1,64250.0,0.19014084507042253,683,90,6,1,20,1,0,0,0,0,0,1,0,1,0,1,1,0,3,1,0,4,0,0.20353982300884957,1
1,65500.0,0.33121019108280253,1125,147,11,1,22,2,0,0,0,0,0,1,0,0,0,0,1,0,5,0,1,10,0,0.14705882352941177,1
0,105000.0,0.0,696,92,6,1,24,3,0,0,0,0,1,0,0,0,0,1,1,0,4,1,3,15,0,0.03088803088803089,0
1,181000.0,0.25120772946859904,1257,167,11,1,26,4,0,0,0,0,1,0,0,0,1,0,0,0,3,1,5,0,1,0.04,0
1,67750.0,0.3674698795180723,834,114,6,1,14,4,0,0,0,0,1,0,0,0,0,1,0,1,3,0,0,7,0,0.12087912087912088,1
0,105000.0,0.0,741,96,6,1,25,5,1,0,0,0,0,0,0,0,0,1,1,0,7,0,1,3,0,0.0,0
1,125000.0,0.3818770226537217,1254,167,11,1,17,5,0,0,0,1,0,0,0,0,0,1,1,0,3,0,1,6,0,0.13432835820895522,1
0,105000.0,0.0,1083,152,10,1,14,4,0,0,0,0,1,0,0,0,0,1,1,0,7,0,6,19,1,0.07692307692307693,0
1,121000.0,0.38127090301003347,989,136,10,1,18,4,0,0,1,0,0,0,0,0,0,1,1,0,4,0,5,22,1,0.08620689655172414,0
1,165500.0,0.3853658536585366,838,116,10,1,23,3,0,1,0,0,0,0,0,0,0,1,0,0,4,1,0,16,0,0.11009174311926606,1
1,110000.0,0.33962264150943394,1013,143,10,1,21,4,1,0,0,0,0,0,0,0,0,0,1,0,6,0,5,21,1,0.11538461538461539,1
1,74750.0,0.3837837837837838,856,120,10,1,24,3,1,0,0,0,0,0,0,0,0,1,0,1,5,0,6,0,1,0.13513513513513514,1
1,184500.0,0.33031674208144796,710,93,6,1,25,1,0,0,1,0,0,0,0,0,1,0,1,0,3,1,3,22,0,0.061224489795918366,0
0,105000.0,0.0,646,87,6,1,14,4,0,0,0,0,1,0,0,0,1,0,1,0,3,1,5,5,1,0.08227848101265822,0
0,105000.0,0.0,932,131,10,1,24,3,0,0,0,0,1,0,0,1,1,0,0,0,7,0,5,7,1,0.06790123456790123,0
1,120250.0,0.39666666666666667,887,118,6,1,16,2,0,0,1,0,0,0,0,1,0,1,0,0,5,1,2,3,0,0.1746031746031746,1
1,68500.0,0.30864197530864196,1061,146,10,1,18,1,0,0,1,0,0,0,0,0,1,0,1,0,5,1,3,7,0,0.14661654135338345,1
1,194250.0,0.19721577726218098,816,114,10,1,23,4,0,1,0,0,0,0,0,0,0,0,1,0,3,0,1,14,0,0.07407407407407407,0
1,87000.0,0.3888888888888889,1088,144,11,1,14,1,0,1,0,0,0,0,0,0,0,1,1,0,3,0,6,1,1,0.0847457627118644,0
0,105000.0,0.0,1143,151,11,1,14,4,0,0,1,0,0,0,0,0,1,0,1,0,7,0,2,6,0,0.04065040650406504,0
1,83250.0,0.265625,750,96,6,1,24,3,0,0,0,0,0,0,1,1,0,1,0,0,5,0,2,3,0,0.35555555555555557,1
1,111250.0,0.3759124087591241,866,119,10,1,28,3,0,0,0,1,0,0,0,0,0,1,1,0,3,0,3,19,0,0.044444444444444446,0
0,105000.0,0.0,690,88,6,1,28,3,0,0,0,0,0,0,1,0,1,0,1,0,3,1,4,4,0,0.08974358974358974,0
1,50250.0,0.36585365853658536,1282,170,11,1,19,0,0,0,0,0,0,1,0,0,1,0,1,0,6,0,5,11,1,0.06,0
1,220250.0,0.238,740,100,6,1,14,5,0,0,0,0,1,0,0,0,0,1,0,0,6,0,6,17,1,0.10204081632653061,0
1,170000.0,0.3614457831325301,1042,141,10,1,32,4,0,0,0,1,0,0,0,1,0,1,0,1,3,0,6,15,1,0.022388059701492536,0
1,66601.6,0.1824631101021567,838,118,10,1,19,1,0,0,0,0,0,1,0,1,1,0,1,0,3,0,6,19,1,0.189873417721519,1
1,93250.0,0.30454545454545456,920,124,10,1,22,3,0,0,0,0,0,1,0,1,0,0,1,0,6,1,3,10,0,0.13043478260869565,1
1,124000.0,0.3411371237458194,1086,144,11,1,13,2,0,1,0,0,0,0,0,1,0,0,1,0,4,1,3,13,0,0.0970873786407767,0
1,159750.0,0.31398416886543534,879,123,10,1,17,3,0,1,0,0,0,0,0,0,0,0,1,0,6,0,2,11,0,0.0851063829787234,0
1,85750.0,0.285,984,135,10,1,23,1,0,1,0,0,0,0,0,1,0,1,1,0,3,0,4,2,0,0.2619047619047619,1
0,105000.0,0.0,1247,166,11,1,22,4,0,0,0,0,0,1,0,1,1,0,0,0,3,1,5,16,1,0.11857707509881422,1
1,62129.6,0.33435582822085885,734,100,6,1,19,2,0,0,0,0,0,1,0,0,0,0,1,0,5,0,4,3,0,0.15625,1
1,137280.0,0.2754115495165927,1124,148,11,1,26,4,0,0,0,0,1,0,0,0,1,0,1,0,4,0,3,18,0,0.15,1
1,65500.0,0.33121019108280253,1147,150,11,1,29,2,0,0,1,0,0,0,0,1,0,1,1,0,6,0,1,1,0,0.21621621621621623,1
1,80000.0,0.25136612021857924,1007,143,10,1,13,1,0,1,0,0,0,0,0,0,0,0,1,0,5,0,2,10,0,0.08974358974358974,0
1,104000.0,0.3225806451612903,1242,165,11,1,17,3,0,1,0,0,0,0,0,0,1,0,1,0,3,0,6,8,1,0.14084507042253522,1
1,99250.0,0.23555555555555555,886,123,10,1,18,1,0,1,0,0,0,0,0,0,0,1,1,0,7,0,4,1,0,0.11428571428571428,1
1,103500.0,0.3953488372093023,902,126,10,1,18,3,0,0,0,0,1,0,0,0,0,1,0,0,6,0,6,6,1,0.08771929824561403,0
1,149000.0,0.21021021021021022,876,121,10,1,18,3,0,1,0,0,0,0,0,0,0,1,1,0,6,0,1,23,0,0.08333333333333333,0
1,151250.0,0.19940476190476192,1134,150,11,1,33,2,1,0,0,0,0,0,0,0,1,0,1,0,7,1,4,19,0,0.09448818897637795,0
1,75750.0,0.3259668508287293,893,121,10,1,28,3,0,0,0,0,0,0,1,0,0,1,1,0,4,0,3,19,0,0.12295081967213115,1
0,105000.0,0.0,1124,147,11,1,28,2,0,0,0,0,0,0,1,1,0,1,1,0,4,0,5,15,1,0.17567567567567569,1
0,105000.0,0.0,890,123,10,1,28,1,0,0,0,0,0,0,1,0,0,1,0,0,4,0,5,15,1,0.09333333333333334,0
1,94750.0,0.2694063926940639,1060,147,10,1,24,3,0,0,0,0,1,0,0,0,0,1,1,0,6,0,1,9,0,0.041666666666666664,0
1,90105.6,0.27375971309025693,1140,150,11,1,14,2,0,0,1,0,0,0,0,0,0,1,0,0,7,1,4,23,0,0.053763440860215055,0
1,97500.0,0.2191780821917808,921,123,6,1,18,2,0,0,1,0,0,0,0,0,1,0,1,0,6,1,4,8,0,0.1323529411764706,1
0,105000.0,0.0,1109,145,11,1,33,4,1,0,0,0,0,0,0,1,0,1,1,0,4,1,6,19,1,0.025974025974025976,0
1,137500.0,0.3076923076923077,1133,149,11,1,21,2,0,1,0,0,0,0,0,1,0,0,0,0,7,0,1,1,0,0.1518987341772152,1
0,105000.0,0.0,862,123,10,1,21,4,1,0,0,0,0,0,0,0,0,1,0,1,6,0,5,18,1,0.10256410256410256,0
1,264250.0,0.22651006711409397,906,125,10,1,16,4,0,0,1,0,0,0,0,0,1,0,0,1,6,0,6,13,1,0.02857142857142857,0
0,105000.0,0.0,859,121,10,1,19,3,0,0,0,0,0,1,0,0,0,0,0,1,4,0,6,17,1,0.08130081300813008,0
1,164000.0,0.259946949602122,718,99,6,1,21,4,1,0,0,0,0,0,0,0,1,0,1,0,7,0,1,2,0,0.09090909090909091,0
0,105000.0,0.0,936,131,10,1,26,4,0,0,0,0,1,0,0,1,0,1,1,0,7,0,1,7,0,0.1320754716981132,1
1,59750.0,0.3741496598639456,758,100,6,1,17,5,0,0,0,1,0,0,0,0,0,0,1,0,6,0,5,8,1,0.10588235294117647,0
1,89000.0,0.3891402714932127,1027,143,10,1,25,1,0,0,1,0,0,0,0,1,0,0,1,0,4,0,6,21,1,0.24444444444444444,1
1,178000.0,0.25061425061425063,1139,149,11,1,20,4,0,0,0,0,0,1,0,0,1,0,0,0,6,0,1,5,0,0.14666666666666667,1
1,181250.0,0.29009433962264153,868,121,10,1,18,3,0,1,0,0,0,0,0,1,0,0,1,0,6,0,6,19,1,0.13793103448275862,1
1,113500.0,0.1984126984126984,760,101,6,1,17,5,0,0,0,1,0,0,0,0,1,0,1,0,6,0,4,16,0,0.10666666666666667,0
1,140250.0,0.28440366972477066,719,94,6,1,32,3,0,0,1,0,0,0,0,0,0,0,1,0,4,0,0,17,0,0.08108108108108109,0
1,61000.0,0.35135135135135137,692,95,6,1,16,0,0,0,1,0,0,0,0,1,0,0,1,0,4,1,0,19,0,0.15354330708661418,1
1,100250.0,0.2863247863247863,846,119,10,1,33,1,1,0,0,0,0,0,0,0,0,1,1,0,3,0,6,2,1,0.12264150943396226,1
1,139500.0,0.2507836990595611,854,119,10,1,25,1,1,0,0,0,0,0,0,1,0,1,1,0,4,0,4,20,0,0.08791208791208792,0
0,105000.0,0.0,738,99,6,1,19,4,0,0,0,0,0,1,0,1,0,0,0,0,6,0,5,19,1,0.0547945205479452,0
1,82500.0,0.28125,769,99,6,1,29,2,0,0,1,0,0,0,0,1,1,0,1,0,6,0,6,16,1,0.1891891891891892,1
1,89752.0,0.2985015772870663,892,124,10,1,19,2,0,0,0,0,0,1,0,1,1,0,1,0,5,0,4,5,0,0.20930232558139536,1
0,105000.0,0.0,693,92,6,1,24,0,0,0,0,0,1,0,0,0,0,0,1,0,4,0,5,3,1,0.10888252148997135,1
1,145000.0,0.3333333333333333,1066,147,10,1,25,1,0,0,1,0,0,0,0,0,0,1,1,0,6,0,5,18,1,0.125,1
1,135000.0,0.2857142857142857,760,103,6,1,24,3,0,0,0,0,1,0,0,0,1,0,0,0,7,0,4,10,0,0.08333333333333333,0
0,105000.0,0.0,1135,147,11,1,23,3,0,1,0,0,0,0,0,1,0,1,0,0,7,0,6,11,1,0.08333333333333333,0
1,101000.0,0.24347826086956523,1294,172,11,1,32,3,0,0,1,0,0,0,0,0,0,1,1,0,6,0,6,21,1,0.09289617486338798,0
1,85750.0,0.20418848167539266,1258,166,11,1,24,3,0,0,0,0,0,0,1,1,0,0,1,0,3,0,0,7,0,0.12903225806451613,1
1,111250.0,0.2751937984496124,864,121,10,1,19,2,1,0,0,0,0,0,0,0,0,0,0,0,5,0,4,21,0,0.125,1
1,106250.0,0.3590733590733591,1131,150,11,1,15,1,0,0,1,0,0,0,0,0,1,0,0,1,6,0,0,14,0,0.09876543209876543,0
1,149500.0,0.22551928783382788,1308,173,11,1,13,3,0,0,0,1,0,0,0,0,1,0,1,0,5,0,1,9,0,0.05194805194805195,0
1,116750.0,0.250936329588015,973,135,10,1,13,1,0,1,0,0,0,0,0,0,1,0,0,1,3,1,3,11,0,0.08333333333333333,0
1,190250.0,0.27045454545454545,856,115,6,1,25,3,1,0,0,0,0,0,0,1,1,0,1,0,5,0,3,7,0,0.10714285714285714,1
1,80500.0,0.22099447513812154,1286,169,11,1,24,3,0,0,0,0,0,0,1,0,0,1,1,0,5,0,2,1,0,0.0970873786407767,0
0,105000.0,0.0,816,111,6,1,17,3,0,1,0,0,0,0,0,1,1,0,1,0,3,0,3,18,0,0.09917355371900827,0
0,105000.0,0.0,1094,144,11,1,18,3,0,1,0,0,0,0,0,1,0,1,1,0,4,0,1,17,0,0.08108108108108109,0
1,98500.0,0.20909090909090908,1133,150,11,1,25,1,0,0,1,0,0,0,0,1,0,0,1,0,5,0,5,13,1,0.15447154471544716,1
1,100250.0,0.20179372197309417,711,94,6,1,12,2,0,1,0,0,0,0,0,1,0,0,1,0,6,0,0,3,0,0.10185185185185185,0
0,105000.0,0.0,714,95,6,1,35,5,0,0,0,1,0,0,0,0,1,0,1,0,3,0,5,7,1,0.029411764705882353,0
0,105000.0,0.0,981,137,10,1,25,3,0,1,0,0,0,0,0,0,1,0,1,0,3,0,3,5,0,0.053763440860215055,0
1,115500.0,0.25,975,137,10,1,25,1,1,0,0,0,0,0,0,1,0,0,0,0,3,0,2,3,0,0.13043478260869565,1
1,120750.0,0.18421052631578946,895,123,10,1,33,4,1,0,0,0,0,0,0,1,0,0,1,0,6,0,0,14,0,0.13548387096774195,1
1,125500.0,0.2508710801393728,824,118,10,1,17,3,0,1,0,0,0,0,0,0,1,0,1,0,4,1,0,18,0,0.17647058823529413,1
1,159500.0,0.289544235924933,1098,149,10,1,28,3,0,0,0,1,0,0,0,0,1,0,1,0,6,1,0,6,0,0.10714285714285714,1
1,114250.0,0.23552123552123552,1065,147,10,1,17,5,0,0,0,1,0,0,0,0,1,0,1,0,6,1,5,7,1,0.07317073170731707,0
1,100500.0,0.31092436974789917,1027,143,10,1,15,1,1,0,0,0,0,0,0,0,0,1,1,0,7,1,0,23,0,0.13,1
1,129000.0,0.1958041958041958,882,124,10,1,25,2,1,0,0,0,0,0,0,0,0,1,1,0,7,1,5,2,1,0.09956709956709957,0
1,114000.0,0.3597122302158273,679,96,6,1,14,4,0,0,0,0,1,0,0,1,0,1,1,0,4,1,0,16,0,0.15789473684210525,1
0,105000.0,0.0,858,115,6,1,24,2,0,0,0,0,1,0,0,0,1,0,1,0,4,1,6,15,1,0.10982658959537572,1
1,60750.0,0.3125,697,96,6,1,19,4,1,0,0,0,0,0,0,0,0,1,0,0,4,0,0,11,0,0.2283464566929134,1
1,79539.2,0.18982248520710066,1123,147,11,1,29,2,0,0,1,0,0,0,0,1,1,0,1,0,5,0,3,16,0,0.18421052631578946,1
0,105000.0,0.0,1116,149,11,1,16,2,0,0,1,0,0,0,0,0,0,1,1,0,5,0,4,3,0,0.018518518518518517,0
0,105000.0,0.0,893,120,6,1,17,5,0,0,0,1,0,0,0,0,0,1,1,0,4,0,5,2,1,0.06896551724137931,0
1,152250.0,0.25,836,112,6,1,12,3,0,1,0,0,0,0,0,0,0,1,0,0,6,0,1,3,0,0.09782608695652174,0
1,72000.0,0.2958579881656805,747,98,6,1,24,3,0,0,0,0,0,0,1,0,0,0,1,0,5,0,6,5,1,0.21568627450980393,1
0,105000.0,0.0,890,122,10,1,14,0,0,1,0,0,0,0,0,1,0,0,1,0,7,0,6,1,1,0.1,0
0,105000.0,0.0,1278,170,11,1,24,1,0,0,0,0,0,0,1,0,0,1,0,0,3,0,2,16,0,0.21052631578947367,1
1,89000.0,0.34418604651162793,1136,149,11,1,18,3,0,0,1,0,0,0,0,0,0,1,1,0,6,1,4,11,0,0.061224489795918366,0
1,242500.0,0.19029850746268656,877,125,10,1,21,4,1,0,0,0,0,0,0,0,0,1,1,0,7,0,3,22,0,0.015873015873015872,0
1,157000.0,0.35602094240837695,847,112,6,1,19,4,0,0,0,0,0,1,0,1,1,0,1,0,4,0,1,13,0,0.1326530612244898,1
1,116250.0,0.35106382978723405,1071,149,10,1,32,3,0,0,1,0,0,0,0,0,0,0,1,0,5,0,4,10,0,0.08602150537634409,0
0,105000.0,0.0,917,127,10,1,25,4,0,0,0,1,0,0,0,1,1,0,1,0,5,0,2,15,0,0.1016949152542373,0
0,105000.0,0.0,877,118,6,1,17,3,0,1,0,0,0,0,0,0,0,1,1,0,6,0,0,19,0,0.04819277108433735,0
1,142750.0,0.25914634146341464,859,123,10,1,21,4,1,0,0,0,0,0,0,0,0,1,1,0,6,0,3,10,0,0.0970873786407767,0
1,60548.799999999996,0.3758370535714286,744,97,6,1,28,1,0,0,0,0,0,0,1,0,1,0,1,0,4,0,2,4,0,0.16666666666666666,1
1,34000.0,0.3614457831325301,1030,141,10,1,28,0,0,0,0,0,0,0,1,0,0,0,1,0,3,1,6,9,1,0.1728395061728395,1
1,67500.0,0.24675324675324675,747,98,6,1,24,3,0,0,0,0,0,0,1,1,0,1,0,1,5,0,5,8,1,0.16541353383458646,1
1,156500.0,0.22662889518413598,1125,150,11,1,19,4,1,0,0,0,0,0,0,1,1,0,1,0,5,0,6,3,1,0.15481171548117154,1
0,105000.0,0.0,1107,146,11,1,29,2,0,0,1,0,0,0,0,0,1,0,1,0,3,1,3,23,0,0.05763688760806916,0
1,96750.0,0.3739495798319328,698,92,6,1,20,3,0,0,0,0,0,1,0,0,0,1,1,0,4,0,6,11,1,0.05454545454545454,0
1,291500.0,0.2033898305084746,860,121,10,1,24,3,1,0,0,0,0,0,0,1,1,0,1,0,5,0,2,5,0,0.1111111111111111,1
1,82250.0,0.25,1266,166,11,1,28,3,0,0,0,0,0,0,1,0,1,0,1,0,3,0,5,13,1,0.18518518518518517,1
0,105000.0,0.0,674,90,6,1,12,2,0,1,0,0,0,0,0,1,1,0,1,0,4,1,4,21,0,0.0784313725490196,0
1,105250.0,0.2816326530612245,1253,168,11,1,14,4,0,0,0,0,1,0,0,0,0,1,1,0,5,1,4,13,0,0.047619047619047616,0
1,103750.0,0.27800829875518673,731,98,6,1,26,4,0,0,0,0,1,0,0,1,1,0,1,0,6,0,6,7,1,0.08755760368663594,0
1,144000.0,0.3008849557522124,1092,144,11,1,33,4,1,0,0,0,0,0,0,1,1,0,1,0,3,1,4,12,0,0.04411764705882353,0
1,102148.8,0.2940767760986625,842,118,10,1,18,2,1,0,0,0,0,0,0,1,0,0,0,1,5,1,4,9,0,0.06306306306306306,0
0,105000.0,0.0,836,120,10,1,18,4,0,0,0,0,1,0,0,0,0,1,1,0,4,1,6,6,1,0.04310344827586207,0
0,105000.0,0.0,903,127,10,1,32,3,0,0,1,0,0,0,0,1,1,0,1,0,4,0,5,23,1,0.15151515151515152,1
1,80250.0,0.28342245989304815,1103,146,11,1,13,1,0,0,0,1,0,0,0,1,0,0,1,0,4,0,1,15,0,0.10714285714285714,1
0,105000.0,0.0,1284,171,11,1,14,2,0,0,0,0,1,0,0,0,0,1,1,0,7,0,1,8,0,0.035398230088495575,0
1,97500.0,0.18604651162790697,829,112,6,1,24,3,0,0,0,0,1,0,0,0,0,1,1,0,3,0,0,11,0,0.10526315789473684,0
0,105000.0,0.0,726,98,6,1,24,2,0,0,0,0,1,0,0,0,1,0,1,0,5,0,4,5,0,0.024390243902439025,0
1,170500.0,0.2907268170426065,856,112,6,1,33,4,1,0,0,0,0,0,0,0,0,1,1,0,3,0,3,9,0,0.0990990990990991,0
1,174500.0,0.3691588785046729,1073,148,10,1,18,4,0,0,0,0,1,0,0,0,0,1,0,1,7,0,3,11,0,0.0,0
0,105000.0,0.0,644,87,6,1,17,3,1,0,0,0,0,0,0,1,0,0,1,0,3,0,3,3,0,0.1111111111111111,1
1,168250.0,0.2519480519480519,887,119,6,1,16,3,0,0,1,0,0,0,0,0,1,0,1,0,6,1,5,23,1,0.04081632653061224,0
1,134500.0,0.3547400611620795,894,120,6,1,21,3,0,1,0,0,0,0,0,1,0,0,0,0,7,1,4,20,0,0.1566265060240964,1
0,105000.0,0.0,897,116,6,1,24,0,0,0,0,0,0,0,1,1,1,0,1,0,4,0,1,4,0,0.12437810945273632,1
1,220000.0,0.24,1084,144,11,1,21,4,1,0,0,0,0,0,0,1,0,1,0,1,3,1,5,1,1,0.0896551724137931,0
0,105000.0,0.0,867,119,10,1,32,0,0,0,0,1,0,0,0,0,0,0,1,0,3,1,4,3,0,0.08620689655172414,0
1,53830.4,0.21147201105736008,1256,166,11,1,24,2,0,0,0,0,0,0,1,0,0,1,1,0,3,0,4,22,0,0.16891891891891891,1
0,105000.0,0.0,866,113,6,1,22,3,0,0,0,0,0,1,0,0,1,0,0,0,4,0,2,15,0,0.14666666666666667,1
0,105000.0,0.0,1132,150,11,1,14,4,0,0,0,0,1,0,0,0,1,0,1,0,7,0,1,12,0,0.034482758620689655,0
0,105000.0,0.0,1105,147,11,1,17,3,0,1,0,0,0,0,0,0,1,0,1,0,6,0,2,7,0,0.022727272727272728,0
0,105000.0,0.0,766,100,6,1,24,2,0,0,0,0,0,0,1,1,0,0,1,0,5,0,0,3,0,0.0847457627118644,0
1,142750.0,0.31563421828908556,1300,172,11,1,14,2,0,0,1,0,0,0,0,0,1,0,1,0,6,1,4,5,0,0.08620689655172414,0
0,105000.0,0.0,864,118,6,1,19,4,1,0,0,0,0,0,0,0,0,1,1,0,5,1,2,7,0,0.028169014084507043,0
1,213250.0,0.333984375,1256,165,11,1,24,3,1,0,0,0,0,0,0,1,0,1,1,0,4,0,2,1,0,0.0392156862745098,0
1,100500.0,0.21333333333333335,1237,164,11,1,13,2,0,1,0,0,0,0,0,0,0,1,1,0,3,0,6,20,1,0.045454545454545456,0
0,105000.0,0.0,1129,149,11,1,22,4,0,0,0,0,0,1,0,0,1,0,1,0,5,1,0,13,0,0.15,1
1,47000.0,0.3652173913043478,1109,146,11,1,24,1,0,0,0,0,0,0,1,1,0,1,1,0,3,0,1,21,0,0.3103448275862069,1
0,105000.0,0.0,1008,139,10,1,29,1,0,0,1,0,0,0,0,0,0,1,1,0,3,0,3,5,0,0.15384615384615385,1
1,224250.0,0.2783109404990403,1116,148,11,1,25,1,1,0,0,0,0,0,0,0,1,0,1,0,6,0,1,10,0,0.06666666666666667,0
1,159250.0,0.26902173913043476,819,115,6,1,19,2,1,0,0,0,0,0,0,1,1,0,0,1,3,1,0,17,0,0.11214953271028037,1
0,105000.0,0.0,1330,176,11,1,35,5,0,0,0,1,0,0,0,0,0,0,0,0,6,0,0,9,0,0.038461538461538464,0
0,105000.0,0.0,1045,146,10,1,18,3,1,0,0,0,0,0,0,0,1,0,1,0,7,0,0,23,0,0.06349206349206349,0
0,105000.0,0.0,856,119,10,1,16,3,0,0,1,0,0,0,0,0,0,1,1,0,4,0,5,21,1,0.034782608695652174,0
1,43500.0,0.26,1111,146,11,1,17,5,0,0,0,1,0,0,0,0,0,0,1,0,3,1,0,19,0,0.09649122807017543,0
0,105000.0,0.0,1287,170,11,1,17,5,0,0,0,1,0,0,0,1,0,1,1,0,6,0,4,14,0,0.03867403314917127,0
1,96250.0,0.2579185520361991,682,92,6,1,25,1,1,0,0,0,0,0,0,0,0,1,1,0,5,0,6,12,1,0.1111111111111111,1
1,101750.0,0.22270742358078602,868,120,6,1,14,4,0,0,0,0,1,0,0,1,1,0,1,0,6,0,5,21,1,0.08762886597938144,0
1,31000.0,0.22857142857142856,1272,166,11,1,28,0,0,0,0,0,0,0,1,0,0,1,1,0,4,1,0,23,0,0.1694915254237288,1
1,91000.0,0.29906542056074764,721,98,6,1,17,3,0,1,0,0,0,0,0,1,0,0,1,0,7,0,5,10,1,0.1092436974789916,1
1,88961.6,0.33954571927781,1051,147,10,1,22,4,0,0,0,0,0,1,0,1,0,0,1,0,4,0,5,17,1,0.05714285714285714,0
0,105000.0,0.0,878,123,10,1,32,3,0,0,1,0,0,0,0,0,1,0,0,0,3,0,1,10,0,0.05714285714285714,0
0,105000.0,0.0,1025,143,10,1,24,4,0,0,0,0,1,0,0,0,0,1,1,0,4,1,3,23,0,0.010869565217391304,0
1,54250.0,0.33076923076923076,760,102,6,1,26,4,0,0,0,0,1,0,0,0,0,0,1,0,6,1,5,14,1,0.09049773755656108,0
0,105000.0,0.0,926,124,10,1,28,0,0,0,0,0,0,0,1,1,0,1,0,0,5,0,0,18,0,0.125,1
1,120000.0,0.23529411764705882,1151,151,11,1,35,5,0,0,0,1,0,0,0,1,1,0,1,0,6,1,4,16,0,0.0625,0
1,104500.0,0.3008130081300813,1127,149,11,1,14,2,0,0,1,0,0,0,0,0,0,1,1,0,6,0,4,5,0,0.06521739130434782,0
0,105000.0,0.0,707,93,6,1,18,1,0,0,1,0,0,0,0,0,1,0,1,0,4,1,1,17,0,0.06321839080459771,0
1,174250.0,0.37906976744186044,1015,141,10,1,14,3,0,1,0,0,0,0,0,0,0,1,1,0,6,0,1,9,0,0.13636363636363635,1
1,67000.0,0.2251655629139073,744,93,6,1,28,2,0,0,0,0,0,0,1,1,0,0,0,0,4,1,6,22,1,0.18328840970350405,1
1,130873.6,0.263216011042098,1236,165,11,1,17,3,0,1,0,0,0,0,0,0,1,0,0,0,3,0,5,16,1,0.13432835820895522,1
1,47500.0,0.25688073394495414,896,123,10,1,28,2,0,0,0,0,0,0,1,0,0,0,1,0,4,0,0,16,0,0.15789473684210525,1
1,243692.8,0.35206413953161264,670,88,6,1,17,4,1,0,0,0,0,0,0,1,0,1,1,0,3,0,5,8,1,0.14893617021276595,1
1,206750.0,0.368836291913215,679,90,6,1,25,1,0,0,1,0,0,0,0,0,0,1,1,0,3,0,3,16,0,0.056818181818181816,0
1,115500.0,0.2230769230769231,850,121,10,1,17,3,0,1,0,0,0,0,0,0,0,0,1,0,5,0,6,7,1,0.09401709401709402,0
0,105000.0,0.0,1039,143,10,1,24,3,0,0,0,0,0,0,1,0,0,0,1,0,3,0,2,3,0,0.22666666666666666,1
1,100250.0,0.27155172413793105,1055,143,10,1,29,3,0,0,1,0,0,0,0,0,0,1,1,0,5,0,6,23,1,0.14705882352941177,1
1,167250.0,0.25326370757180156,676,89,6,1,16,3,0,0,1,0,0,0,0,1,0,0,1,0,3,0,1,5,0,0.13114754098360656,1
1,48880.0,0.32142857142857145,1293,170,11,1,28,1,0,0,0,0,0,0,1,1,0,0,1,0,3,1,3,2,0,0.3076923076923077,1
1,67750.0,0.2848101265822785,854,116,6,1,17,3,0,1,0,0,0,0,0,1,0,0,1,0,6,0,5,16,1,0.14285714285714285,1
1,35250.0,0.2804878048780488,1117,148,11,1,19,0,0,0,0,0,0,1,0,0,0,1,1,0,5,0,5,19,1,0.17307692307692307,1
1,91500.0,0.4017467248908297,891,122,6,1,33,1,1,0,0,0,0,0,0,0,0,1,1,0,6,1,2,20,0,0.1423611111111111,1
0,105000.0,0.0,1079,146,10,1,28,1,0,0,0,0,0,0,1,0,1,0,0,1,4,0,4,18,0,0.1,0
1,68500.0,0.3393939393939394,1267,168,11,1,25,1,1,0,0,0,0,0,0,0,0,0,0,1,6,0,1,7,0,0.16981132075471697,1
0,105000.0,0.0,868,114,6,1,29,4,0,0,1,0,0,0,0,1,1,0,1,0,3,1,1,20,0,0.04899777282850779,0
1,74250.0,0.18902439024390244,1140,151,11,1,16,1,0,0,1,0,0,0,0,0,0,1,1,0,7,0,6,7,1,0.11764705882352941,1
1,60250.0,0.36054421768707484,843,118,10,1,15,0,0,0,1,0,0,0,0,0,0,0,1,0,3,0,1,23,0,0.2361111111111111,1
1,143000.0,0.3372093023255814,848,112,6,1,28,5,0,0,0,0,0,0,1,0,0,1,1,0,3,0,0,13,0,0.023255813953488372,0
1,77500.0,0.3769633507853403,1306,175,11,1,24,2,0,0,0,0,1,0,0,1,0,0,1,0,6,0,3,17,0,0.13333333333333333,1
0,105000.0,0.0,1289,169,11,1,32,3,0,0,0,1,0,0,0,0,0,1,1,0,5,1,3,23,0,0.05362776025236593,0
1,102500.0,0.23275862068965517,1118,146,11,1,28,4,0,0,0,0,0,0,1,0,0,1,0,0,3,0,5,7,1,0.12698412698412698,1
0,105000.0,0.0,1131,150,11,1,14,4,0,0,0,0,1,0,0,0,1,0,1,0,7,1,3,2,0,0.058823529411764705,0
0,105000.0,0.0,890,120,10,1,28,1,0,0,0,0,0,0,1,0,0,1,0,1,4,0,4,18,0,0.10344827586206896,0
1,127441.6,0.3312908496732026,1081,151,10,1,19,4,1,0,0,0,0,0,0,0,0,1,1,0,7,0,6,0,1,0.1,0
0,105000.0,0.0,1265,168,11,1,14,3,0,0,1,0,0,0,0,1,0,1,1,0,5,0,0,14,0,0.06756756756756757,0
0,105000.0,0.0,1262,168,11,1,33,1,1,0,0,0,0,0,0,1,0,0,0,1,6,1,6,23,1,0.08571428571428572,0
1,131250.0,0.39939024390243905,662,89,6,1,25,2,0,1,0,0,0,0,0,1,1,0,1,0,3,0,5,15,1,0.13333333333333333,1
0,105000.0,0.0,675,88,6,1,23,2,0,1,0,0,0,0,0,0,0,1,0,0,3,1,2,10,0,0.0945945945945946,0
1,60500.0,0.3310344827586207,1264,167,11,1,24,1,0,0,0,0,1,0,0,0,0,1,1,0,4,0,5,12,1,0.14754098360655737,1
1,52750.0,0.19658119658119658,1094,146,11,1,19,1,0,0,0,0,0,1,0,1,0,0,0,0,3,1,1,21,0,0.20930232558139536,1
1,83250.0,0.391304347826087,1120,148,11,1,35,5,0,0,0,1,0,0,0,1,0,0,1,0,3,0,3,11,0,0.175,1
0,105000.0,0.0,1019,142,10,1,14,4,0,0,0,0,1,0,0,1,1,0,1,0,4,0,3,2,0,0.02857142857142857,0
1,118250.0,0.29856115107913667,1105,146,11,1,14,3,0,0,0,0,1,0,0,0,1,0,1,0,4,0,1,15,0,0.0967741935483871,0
1,71250.0,0.3136094674556213,1084,145,11,1,14,2,0,0,0,0,1,0,0,0,0,1,0,1,3,0,6,2,1,0.18181818181818182,1
1,53500.0,0.34108527131782945,892,121,10,1,28,2,0,0,0,0,0,0,1,0,0,0,1,0,4,1,1,14,0,0.2558139534883721,1
1,138750.0,0.37719298245614036,822,119,10,1,14,3,0,0,0,0,1,0,0,0,1,0,1,0,3,0,2,6,0,0.03225806451612903,0
1,80750.0,0.1853932584269663,1114,149,11,1,24,2,0,0,0,0,1,0,0,1,0,0,1,0,4,0,6,6,1,0.15294117647058825,1
1,193250.0,0.3304535637149028,880,124,10,1,25,1,1,0,0,0,0,0,0,1,1,0,0,0,7,0,5,21,1,0.1450381679389313,1
0,105000.0,0.0,908,126,10,1,35,5,0,0,0,1,0,0,0,0,0,0,1,0,4,1,2,5,0,0.02631578947368421,0
0,105000.0,0.0,1291,171,11,1,14,3,0,1,0,0,0,0,0,0,1,0,1,0,7,0,5,2,1,0.0392156862745098,0
0,105000.0,0.0,1138,150,11,1,33,3,1,0,0,0,0,0,0,0,0,1,0,0,7,0,1,5,0,0.07547169811320754,0
1,117750.0,0.3924914675767918,1113,146,11,1,23,2,0,1,0,0,0,0,0,1,0,1,1,0,5,1,3,3,0,0.21875,1
1,64500.0,0.2206896551724138,1116,148,11,1,18,1,0,0,0,0,1,0,0,0,0,1,1,0,5,0,0,22,0,0.09740259740259741,0
1,186500.0,0.22802850356294538,887,124,10,1,32,3,0,0,1,0,0,0,0,1,0,0,1,0,4,1,5,8,1,0.10434782608695652,0
1,267500.0,0.21368948247078465,667,91,6,1,23,4,0,1,0,0,0,0,0,0,1,0,1,0,4,1,6,11,1,0.1,0
1,199000.0,0.3135593220338983,643,88,6,1,14,3,0,1,0,0,0,0,0,1,1,0,1,0,3,1,5,0,1,0.1286549707602339,1
1,144000.0,0.205607476635514,1124,146,11,1,32,3,0,0,0,1,0,0,0,0,1,0,1,0,3,0,1,3,0,0.056074766355140186,0
1,90438.4,0.2932286555446517,738,98,6,1,25,1,0,0,1,0,0,0,0,0,0,1,0,0,5,0,1,21,0,0.11764705882352941,1
0,105000.0,0.0,875,121,10,1,14,3,0,0,1,0,0,0,0,1,1,0,1,0,4,0,4,22,0,0.07017543859649122,0
0,105000.0,0.0,1021,143,10,1,18,0,0,0,0,0,1,0,0,1,0,1,1,0,3,0,1,15,0,0.08333333333333333,0
1,132750.0,0.23,1136,149,11,1,33,2,1,0,0,0,0,0,0,1,0,0,1,0,6,1,2,0,0,0.1791907514450867,1
0,105000.0,0.0,664,91,6,1,18,2,0,0,0,0,1,0,0,1,0,0,1,0,3,0,3,1,0,0.1111111111111111,1
1,125500.0,0.22614840989399293,927,127,10,1,25,4,0,0,0,1,0,0,0,0,1,0,0,0,5,0,2,5,0,0.06818181818181818,0
1,82000.0,0.3434343434343434,1310,173,11,1,25,4,0,0,0,1,0,0,0,0,0,1,1,0,5,1,2,10,0,0.05128205128205128,0
0,105000.0,0.0,890,126,10,1,14,3,0,0,0,0,1,0,0,0,0,0,1,0,6,0,1,5,0,0.09302325581395349,0
1,241500.0,0.27807486631016043,922,124,6,1,26,4,0,0,0,0,1,0,0,1,1,0,0,1,7,1,1,21,0,0.010101010101010102,0
1,227000.0,0.2964352720450281,1027,141,10,1,33,4,1,0,0,0,0,0,0,1,1,0,1,0,5,0,1,14,0,0.1037037037037037,0
1,126000.0,0.22535211267605634,807,111,6,1,17,5,0,0,0,1,0,0,0,0,1,0,1,0,3,0,4,0,0,0.08695652173913043,0
1,78250.0,0.3172043010752688,1115,148,11,1,21,4,1,0,0,0,0,0,0,0,1,0,1,0,6,0,5,21,1,0.22429906542056074,1
1,179750.0,0.2799043062200957,922,126,10,1,17,5,0,0,0,1,0,0,0,1,0,1,1,0,6,0,4,14,0,0.0743801652892562,0
0,105000.0,0.0,996,141,10,1,21,3,0,1,0,0,0,0,0,0,1,0,1,0,3,1,3,9,0,0.047619047619047616,0
1,62750.0,0.33774834437086093,1091,151,10,1,17,5,0,0,0,1,0,0,0,0,0,0,1,0,6,1,6,21,1,0.05454545454545454,0
1,114000.0,0.3418181818181818,816,110,6,1,17,2,1,0,0,0,0,0,0,1,0,1,0,0,5,1,4,5,0,0.16013071895424835,1
1,80750.0,0.26344086021505375,930,125,10,1,31,3,0,0,0,0,0,0,1,0,1,0,1,0,5,1,6,3,1,0.0967741935483871,0
1,152750.0,0.3793103448275862,830,110,6,1,33,4,1,0,0,0,0,0,0,0,1,0,1,0,3,1,0,0,0,0.08670520231213873,0
1,91750.0,0.2523809523809524,1100,145,11,1,14,1,0,0,1,0,0,0,0,1,0,0,0,0,3,0,3,12,0,0.0975609756097561,0
1,80500.0,0.2594594594594595,1299,169,11,1,28,3,0,0,0,0,0,0,1,0,0,1,1,0,5,1,4,5,0,0.13368983957219252,1
0,105000.0,0.0,729,95,6,1,12,3,0,1,0,0,0,0,0,0,1,0,1,0,7,0,2,20,0,0.07792207792207792,0
1,94000.0,0.27522935779816515,1102,146,11,1,29,3,0,0,1,0,0,0,0,1,0,0,1,0,3,0,6,10,1,0.16666666666666666,1
1,107000.0,0.20920502092050208,853,116,6,1,17,3,0,1,0,0,0,0,0,0,0,0,1,0,5,0,2,23,0,0.11151079136690648,1
1,176750.0,0.20558375634517767,1089,144,11,1,15,4,0,0,1,0,0,0,0,0,0,0,0,1,3,1,6,9,1,0.05555555555555555,0
1,233750.0,0.34513274336283184,1026,143,10,1,25,1,0,0,1,0,0,0,0,0,0,1,0,0,4,0,3,2,0,0.06666666666666667,0
1,203250.0,0.26652452025586354,733,98,6,1,25,3,0,1,0,0,0,0,0,0,1,0,1,0,7,1,3,15,0,0.05113636363636364,0
1,92250.0,0.19117647058823528,880,116,6,1,32,3,0,0,1,0,0,0,0,0,0,0,0,0,4,1,1,21,0,0.09565217391304348,0
1,93000.0,0.23696682464454977,1140,151,11,1,14,1,0,0,1,0,0,0,0,0,0,1,1,0,7,0,4,6,0,0.11067193675889328,1
0,105000.0,0.0,709,98,6,1,14,2,0,0,0,0,1,0,0,0,0,1,1,0,5,0,1,21,0,0.047619047619047616,0
1,131000.0,0.2706270627062706,1120,148,11,1,16,2,0,0,1,0,0,0,0,0,1,0,1,0,5,0,0,9,0,0.13636363636363635,1
1,110750.0,0.26953125,878,123,10,1,25,4,0,0,0,1,0,0,0,0,0,1,1,0,4,0,1,19,0,0.09090909090909091,0
0,105000.0,0.0,667,88,6,1,17,1,1,0,0,0,0,0,0,0,0,1,1,0,3,1,6,16,1,0.02631578947368421,0
0,105000.0,0.0,1091,143,11,1,13,3,0,1,0,0,0,0,0,1,0,0,0,1,3,0,5,14,1,0.058823529411764705,0
1,214500.0,0.22727272727272727,1030,145,10,1,19,4,1,0,0,0,0,0,0,1,0,1,1,0,5,0,2,21,0,0.02127659574468085,0
1,145250.0,0.2861356932153392,1104,144,11,1,18,4,0,0,0,0,1,0,0,0,0,1,1,0,3,0,1,23,0,0.05084745762711865,0
1,103750.0,0.21120689655172414,742,98,6,1,25,4,0,0,0,1,0,0,0,0,0,1,1,0,5,1,2,14,0,0.06926406926406926,0
1,89000.0,0.28846153846153844,729,98,6,1,35,5,0,0,0,1,0,0,0,1,0,1,1,0,4,1,2,22,0,0.14201183431952663,1
1,75250.0,0.27011494252873564,1299,170,11,1,32,1,0,0,0,1,0,0,0,1,0,1,0,1,6,0,0,13,0,0.13274336283185842,1
1,143500.0,0.3785310734463277,1091,145,11,1,16,3,0,0,1,0,0,0,0,1,0,0,1,0,3,1,5,8,1,0.08029197080291971,0
0,105000.0,0.0,855,120,10,1,15,1,1,0,0,0,0,0,0,0,0,0,1,0,6,0,0,1,0,0.03409090909090909,0
0,105000.0,0.0,1100,145,11,1,18,2,0,1,0,0,0,0,0,1,0,0,1,0,4,0,6,2,1,0.0891089108910891,0
1,134000.0,0.30914826498422715,1115,148,11,1,19,2,1,0,0,0,0,0,0,1,1,0,1,0,6,0,1,7,0,0.18421052631578946,1
0,105000.0,0.0,1127,148,11,1,32,3,0,0,0,1,0,0,0,1,1,0,1,0,5,1,1,8,0,0.05459770114942529,0
0,105000.0,0.0,847,119,10,1,14,2,0,1,0,0,0,0,0,1,0,0,1,0,5,0,3,16,0,0.2,1
0,105000.0,0.0,742,100,6,1,19,4,0,0,0,0,0,1,0,0,0,1,1,0,6,0,5,8,1,0.08108108108108109,0
0,105000.0,0.0,900,127,10,1,16,3,0,0,1,0,0,0,0,0,0,1,1,0,6,0,3,0,0,0.075,0
1,129750.0,0.19791666666666666,1102,146,11,1,25,2,1,0,0,0,0,0,0,0,0,1,1,0,4,1,1,21,0,0.10909090909090909,1
0,105000.0,0.0,1128,148,11,1,28,1,0,0,0,0,0,0,1,0,0,0,1,0,4,0,3,5,0,0.12698412698412698,1
1,73000.0,0.3595505617977528,941,131,10,1,24,1,0,0,0,0,1,0,0,1,0,0,1,0,7,1,6,11,1,0.10869565217391304,1
1,102000.0,0.3548387096774194,1135,148,11,1,18,1,0,1,0,0,0,0,0,1,0,1,1,0,7,0,4,18,0,0.21875,1
1,107250.0,0.3110236220472441,1113,147,11,1,18,2,0,1,0,0,0,0,0,0,0,1,1,0,6,0,3,21,0,0.043478260869565216,0
1,101500.0,0.30833333333333335,884,123,10,1,19,3,0,0,0,0,0,1,0,0,0,1,0,1,5,0,1,10,0,0.14084507042253522,1
1,90750.0,0.3194444444444444,905,126,10,1,24,3,0,0,0,0,1,0,0,0,0,0,1,0,6,1,1,23,0,0.10218978102189781,0
1,56250.0,0.34558823529411764,1289,170,11,1,28,2,0,0,0,0,0,0,1,0,0,1,1,0,3,0,4,6,0,0.17894736842105263,1
1,197500.0,0.326271186440678,700,94,6,1,14,5,0,0,0,0,1,0,0,1,0,1,0,1,4,0,5,13,1,0.04891304347826087,0
1,51500.0,0.23931623931623933,733,96,6,1,24,2,0,0,0,0,0,0,1,0,0,1,1,0,4,0,1,21,0,0.14935064935064934,1
1,93500.0,0.18446601941747573,895,126,10,1,14,2,0,0,1,0,0,0,0,1,0,1,1,0,6,1,2,21,0,0.13,1
0,105000.0,0.0,962,133,10,1,32,3,0,0,1,0,0,0,0,0,0,1,1,0,7,1,1,12,0,0.058823529411764705,0
1,92250.0,0.3150684931506849,733,95,6,1,20,2,0,0,0,0,0,1,0,0,1,0,1,0,5,0,0,14,0,0.09665427509293681,0
1,145500.0,0.3878116343490305,841,121,10,1,24,4,0,0,0,0,1,0,0,0,0,0,1,0,3,1,6,21,1,0.09230769230769231,0
1,56750.0,0.2932330827067669,1107,146,11,1,20,1,0,0,0,0,0,1,0,0,0,1,1,0,4,1,1,5,0,0.15,1
0,105000.0,0.0,1132,148,11,1,17,5,0,0,0,1,0,0,0,0,1,0,1,0,5,1,3,2,0,0.046153846153846156,0
0,105000.0,0.0,1269,167,11,1,32,2,0,0,0,1,0,0,0,1,0,0,1,0,3,0,1,14,0,0.07333333333333333,0
1,152984.0,0.3098931402964495,1138,148,11,1,31,5,0,0,0,0,0,0,1,0,0,1,1,0,4,0,3,4,0,0.03614457831325301,0
1,109750.0,0.2918287937743191,1113,147,11,1,25,1,1,0,0,0,0,0,0,0,1,0,1,0,5,0,6,4,1,0.09803921568627451,0
1,102750.0,0.3155737704918033,1269,169,11,1,18,3,0,0,0,0,1,0,0,0,0,1,1,0,5,1,5,0,1,0.05,0
0,105000.0,0.0,940,123,6,1,28,0,0,0,0,0,0,0,1,0,1,0,1,0,5,1,5,5,1,0.08641975308641975,0
0,105000.0,0.0,1318,175,11,1,18,1,0,0,0,0,1,0,0,0,1,0,0,0,7,1,0,1,0,0.05442176870748299,0
1,104750.0,0.23949579831932774,851,114,6,1,24,4,0,0,0,0,0,0,1,0,0,1,1,0,3,0,6,7,1,0.13953488372093023,1
1,135750.0,0.3644578313253012,894,116,6,1,31,4,0,0,0,0,0,0,1,0,1,0,1,0,3,1,3,15,0,0.07037037037037037,0
0,105000.0,0.0,1106,145,11,1,24,2,0,0,0,0,0,0,1,0,0,0,1,0,3,0,2,9,0,0.1,0
1,182250.0,0.308584686774942,913,122,10,1,32,4,0,0,0,1,0,0,0,0,0,1,1,0,4,0,6,23,1,0.0,0
1,92000.0,0.319634703196347,879,118,6,1,19,4,1,0,0,0,0,0,0,0,0,1,1,0,6,0,6,2,1,0.10989010989010989,1
1,33250.0,0.2727272727272727,685,88,6,1,28,0,0,0,0,0,0,0,1,1,0,0,1,0,3,1,5,17,1,0.1693121693121693,1
1,79250.0,0.2864864864864865,1065,144,10,1,18,2,0,0,1,0,0,0,0,0,1,0,1,0,6,0,3,20,0,0.08333333333333333,0
1,72250.0,0.3672316384180791,1103,146,11,1,14,4,0,0,0,0,1,0,0,1,0,0,1,0,4,0,3,15,0,0.17034700315457413,1
0,105000.0,0.0,832,118,10,1,21,4,1,0,0,0,0,0,0,1,0,0,1,0,4,0,2,21,0,0.04411764705882353,0
1,126500.0,0.33003300330033003,675,90,6,1,21,3,0,1,0,0,0,0,0,1,0,0,0,0,4,0,3,22,0,0.1276595744680851,1
1,133250.0,0.1870748299319728,1117,149,11,1,32,3,0,0,1,0,0,0,0,0,1,0,1,0,4,0,2,6,0,0.10465116279069768,0
1,79500.0,0.3939393939393939,737,98,6,1,18,2,0,0,0,0,1,0,0,0,0,1,0,1,6,0,4,1,0,0.14457831325301204,1
1,94500.0,0.3983050847457627,853,120,10,1,15,1,1,0,0,0,0,0,0,0,0,0,1,0,6,0,3,3,0,0.1,0
0,105000.0,0.0,899,124,10,1,22,4,0,0,0,0,0,1,0,0,0,1,0,0,5,1,6,17,1,0.09090909090909091,0
1,69000.0,0.18421052631578946,920,127,10,1,17,5,0,0,0,1,0,0,0,0,0,1,0,0,6,0,3,23,0,0.15178571428571427,1
1,189250.0,0.27954545454545454,1118,149,11,1,19,3,1,0,0,0,0,0,0,0,1,0,0,0,7,1,4,15,0,0.08421052631578947,0
1,70750.0,0.3352941176470588,1280,167,11,1,31,3,0,0,0,0,0,0,1,1,0,1,0,0,4,0,4,8,0,0.3076923076923077,1
1,58500.0,0.291970802919708,832,118,10,1,14,1,0,0,0,0,1,0,0,0,0,0,1,0,4,1,0,12,0,0.13402061855670103,1
0,105000.0,0.0,717,98,6,1,18,2,0,0,0,0,1,0,0,1,0,0,0,0,5,0,5,23,1,0.07317073170731707,0
1,126443.2,0.3313203403788087,696,92,6,1,18,3,0,0,0,0,1,0,0,0,1,0,1,0,4,1,1,16,0,0.11594202898550725,1
1,47750.0,0.30973451327433627,902,116,6,1,28,1,0,0,0,0,0,0,1,0,0,0,1,0,4,0,4,11,0,0.25,1
0,105000.0,0.0,764,104,6,1,18,1,0,0,0,0,1,0,0,0,0,0,0,1,7,0,2,5,0,0.09322033898305085,0
1,75750.0,0.26857142857142857,893,121,10,1,28,3,0,0,0,0,0,0,1,0,0,1,0,0,4,0,3,11,0,0.047619047619047616,0
1,112500.0,0.39285714285714285,834,117,10,1,18,1,0,1,0,0,0,0,0,0,1,0,0,1,4,0,3,19,0,0.1111111111111111,1
1,45250.0,0.2079207920792079,1150,149,11,1,28,1,0,0,0,0,0,0,1,0,0,0,1,0,5,0,4,11,0,0.20833333333333334,1
1,135000.0,0.24104234527687296,983,135,10,1,20,3,0,0,0,0,0,1,0,1,1,0,0,1,3,0,2,12,0,0.3125,1
0,105000.0,0.0,701,94,6,1,25,1,1,0,0,0,0,0,0,0,1,0,0,1,5,0,0,7,0,0.10227272727272728,0
0,105000.0,0.0,888,125,10,1,16,1,0,0,1,0,0,0,0,0,0,1,0,0,5,0,2,3,0,0.11764705882352941,1
0,105000.0,0.0,857,119,10,1,17,5,0,0,0,1,0,0,0,0,0,1,1,0,3,0,3,22,0,0.08823529411764706,0
1,65000.0,0.3950617283950617,722,93,6,1,24,2,0,0,0,0,0,0,1,1,0,0,1,0,4,0,1,18,0,0.2013888888888889,1
1,61235.200000000004,0.2192982456140352,1129,150,11,1,18,1,0,0,0,0,1,0,0,0,0,0,1,0,6,0,1,5,0,0.0945945945945946,0
1,83012.79999999999,0.3876767676767677,977,138,10,1,14,1,0,0,1,0,0,0,0,0,0,1,1,0,3,1,5,1,1,0.0913978494623656,0
1,100250.0,0.34297520661157027,733,98,6,1,32,3,0,0,1,0,0,0,0,0,0,1,0,0,5,1,0,0,0,0.09558823529411764,0
1,153750.0,0.2276657060518732,869,120,6,1,24,4,0,0,0,0,1,0,0,0,0,0,0,0,5,1,5,12,1,0.0425531914893617,0
0,105000.0,0.0,963,137,10,1,21,3,0,1,0,0,0,0,0,0,1,0,1,0,3,0,0,23,0,0.022727272727272728,0
0,105000.0,0.0,1042,145,10,1,24,3,0,0,0,0,1,0,0,0,1,0,1,0,5,0,1,4,0,0.0449438202247191,0
1,101000.0,0.22026431718061673,984,139,10,1,25,1,1,0,0,0,0,0,0,1,0,1,1,0,4,1,0,9,0,0.10227272727272728,0
1,98500.0,0.2009132420091324,892,124,10,1,17,3,0,1,0,0,0,0,0,0,0,1,0,0,7,0,6,10,1,0.08024691358024691,0
1,100250.0,0.21777777777777776,942,128,10,1,35,5,0,0,0,1,0,0,0,0,1,0,1,0,5,1,5,8,1,0.06557377049180328,0
0,105000.0,0.0,1106,151,10,1,35,5,0,0,0,1,0,0,0,0,0,1,1,0,6,1,2,19,0,0.0,0
0,105000.0,0.0,875,119,10,1,18,1,0,1,0,0,0,0,0,1,1,0,1,0,5,0,4,2,0,0.15789473684210525,1
1,51000.0,0.2413793103448276,748,98,6,1,22,4,0,0,0,0,0,1,0,0,0,1,1,0,6,1,3,8,0,0.18900343642611683,1
1,154500.0,0.3252032520325203,780,104,6,1,25,4,0,0,0,1,0,0,0,0,0,0,1,0,6,0,4,4,0,0.078125,0
0,105000.0,0.0,774,103,6,1,24,1,0,0,0,0,1,0,0,0,1,0,1,0,7,0,5,2,1,0.11392405063291139,1
1,211000.0,0.27755102040816326,892,125,10,1,32,3,0,0,1,0,0,0,0,1,0,0,1,0,4,0,5,11,1,0.1,0
0,105000.0,0.0,685,92,6,1,18,5,0,0,0,0,1,0,0,0,0,1,1,0,4,0,4,4,0,0.0,0
1,66000.0,0.20408163265306123,1129,149,11,1,35,5,0,0,0,1,0,0,0,0,0,1,1,0,4,0,5,15,1,0.028985507246376812,0
1,141000.0,0.336283185840708,1124,148,11,1,13,3,0,1,0,0,0,0,0,0,0,1,1,0,7,1,0,20,0,0.11926605504587157,1
0,105000.0,0.0,1140,150,11,1,17,5,0,0,0,1,0,0,0,0,1,0,1,0,6,0,6,12,1,0.07692307692307693,0
1,180500.0,0.3325635103926097,656,88,6,1,25,3,1,0,0,0,0,0,0,1,0,1,1,0,3,0,4,21,0,0.09523809523809523,0
1,77230.40000000001,0.3716290287217715,1049,144,10,1,18,1,0,0,0,0,1,0,0,1,0,0,1,0,6,1,2,17,0,0.19863013698630136,1
1,64250.0,0.2751677852348993,1112,146,11,1,26,4,0,0,0,0,1,0,0,1,0,0,1,0,3,0,4,15,0,0.11428571428571428,1
1,89500.0,0.38009049773755654,874,122,10,1,28,1,0,0,0,1,0,0,0,1,1,0,1,0,4,0,0,0,0,0.12953367875647667,1
1,172750.0,0.34688995215311,823,111,6,1,21,3,0,1,0,0,0,0,0,1,0,0,1,0,4,1,3,21,0,0.041176470588235294,0
1,131750.0,0.34796238244514105,1133,149,11,1,17,5,0,0,0,1,0,0,0,0,0,1,1,0,6,1,2,16,0,0.07272727272727272,0
1,85750.0,0.27638190954773867,733,98,6,1,26,4,0,0,0,0,1,0,0,1,1,0,1,0,5,0,3,17,0,0.0963855421686747,0
0,105000.0,0.0,636,88,6,1,15,2,1,0,0,0,0,0,0,0,1,0,1,0,4,0,1,16,0,0.1346153846153846,1
0,105000.0,0.0,1125,149,11,1,14,4,0,0,0,0,1,0,0,0,0,0,1,0,6,0,0,19,0,0.011111111111111112,0
0,105000.0,0.0,1007,138,10,1,20,1,0,0,0,0,0,1,0,0,0,0,1,0,3,1,6,7,1,0.10294117647058823,0
1,120250.0,0.3859060402684564,1040,145,10,1,15,3,0,0,1,0,0,0,0,0,0,1,1,0,4,0,1,10,0,0.10256410256410256,0
0,105000.0,0.0,1118,147,11,1,15,2,0,0,1,0,0,0,0,0,1,0,0,1,5,0,3,18,0,0.08870967741935484,0
1,122000.0,0.39473684210526316,817,114,6,1,19,4,1,0,0,0,0,0,0,1,0,0,1,0,3,1,5,4,1,0.09405940594059406,0
1,79250.0,0.3826530612244898,807,112,6,1,17,3,0,1,0,0,0,0,0,1,0,0,1,0,3,1,2,6,0,0.14814814814814814,1
1,111500.0,0.39568345323741005,716,92,6,1,28,4,0,0,0,0,0,0,1,1,0,0,1,0,3,1,5,8,1,0.14689265536723164,1
1,120000.0,0.208955223880597,658,90,6,1,16,3,0,0,1,0,0,0,0,1,0,1,1,0,3,0,2,21,0,0.08602150537634409,0
0,105000.0,0.0,1023,141,10,1,14,1,0,1,0,0,0,0,0,0,0,1,1,0,6,0,2,1,0,0.10256410256410256,0
1,54000.0,0.22950819672131148,1290,172,11,1,19,1,0,0,0,0,0,1,0,0,0,1,1,0,4,1,1,16,0,0.12121212121212122,1
1,172161.6,0.3935364906832298,861,123,10,1,33,3,1,0,0,0,0,0,0,0,1,0,0,0,5,0,4,22,0,0.1048951048951049,0
1,91686.4,0.3345296562145826,872,115,6,1,26,4,0,0,0,0,1,0,0,0,1,0,0,0,3,1,6,19,1,0.08275862068965517,0
0,105000.0,0.0,924,122,6,1,25,4,0,0,0,1,0,0,0,0,1,0,1,0,6,0,1,23,0,0.06976744186046512,0
1,145500.0,0.2831858407079646,704,94,6,1,22,4,0,0,0,0,0,1,0,1,0,1,1,0,5,0,4,21,0,0.05660377358490566,0
0,105000.0,0.0,998,139,10,1,17,5,0,0,0,1,0,0,0,0,0,1,0,0,3,0,0,1,0,0.024390243902439025,0
1,155500.0,0.3674540682414698,665,90,6,1,14,4,0,0,0,0,1,0,0,1,0,1,1,0,4,0,0,11,0,0.06060606060606061,0
0,105000.0,0.0,811,107,6,1,23,2,0,1,0,0,0,0,0,1,0,0,1,0,4,1,3,14,0,0.054945054945054944,0
1,103750.0,0.2489451476793249,873,116,6,1,16,1,0,0,1,0,0,0,0,1,1,0,1,0,5,0,4,7,0,0.12385321100917432,1
1,117250.0,0.3993174061433447,769,104,6,1,24,3,0,0,0,0,1,0,0,1,0,1,1,0,7,0,6,3,1,0.12280701754385964,1
1,132750.0,0.3249211356466877,839,113,6,1,25,1,1,0,0,0,0,0,0,0,1,0,1,0,4,0,3,8,0,0.10714285714285714,1
1,143500.0,0.20625,1045,143,10,1,21,3,0,1,0,0,0,0,0,0,0,0,1,0,6,1,5,1,1,0.043478260869565216,0
1,68250.0,0.35542168674698793,1138,149,11,1,22,4,0,0,0,0,0,1,0,0,0,0,1,0,6,0,1,0,0,0.08029197080291971,0
1,78000.0,0.22727272727272727,670,90,6,1,25,0,0,1,0,0,0,0,0,0,0,1,1,0,3,0,6,15,1,0.19101123595505617,1
1,165500.0,0.23466666666666666,739,98,6,1,17,3,0,1,0,0,0,0,0,0,0,1,1,0,7,0,5,7,1,0.0625,0
0,105000.0,0.0,665,88,6,1,15,2,1,0,0,0,0,0,0,0,0,1,0,1,3,0,1,5,0,0.04054054054054054,0
0,105000.0,0.0,682,90,6,1,33,4,1,0,0,0,0,0,0,1,1,0,1,0,4,1,4,0,0,0.0847457627118644,0
0,105000.0,0.0,851,121,10,1,24,3,0,0,0,0,1,0,0,0,1,0,1,0,3,0,6,11,1,0.0872093023255814,0
1,116750.0,0.32014388489208634,712,93,6,1,26,4,0,0,0,0,1,0,0,1,0,0,0,1,5,0,0,1,0,0.09210526315789473,0
0,105000.0,0.0,765,100,6,1,32,3,0,0,0,1,0,0,0,0,0,1,1,0,5,0,1,9,0,0.04285714285714286,0
0,105000.0,0.0,941,125,6,1,17,5,0,0,0,1,0,0,0,1,1,0,0,0,6,0,1,5,0,0.09615384615384616,0
0,105000.0,0.0,1120,148,11,1,22,4,0,0,0,0,0,1,0,0,1,0,0,0,4,0,3,6,0,0.06422018348623854,0
0,105000.0,0.0,840,116,6,1,24,3,1,0,0,0,0,0,0,0,0,0,0,1,6,0,2,2,0,0.0125,0
0,105000.0,0.0,929,125,10,1,28,3,0,0,0,0,0,0,1,0,0,0,1,0,5,0,3,12,0,0.0,0
1,68500.0,0.27672955974842767,1294,171,11,1,24,3,0,0,0,0,0,0,1,0,0,0,1,0,4,0,4,16,0,0.06976744186046512,0
0,105000.0,0.0,1240,165,11,1,15,5,1,0,0,0,0,0,0,1,0,1,0,0,4,0,3,18,0,0.0,0
0,105000.0,0.0,1103,146,11,1,17,5,0,0,0,1,0,0,0,1,1,0,1,0,3,1,1,10,0,0.10075839653304441,0
1,150966.4,0.3504545454545455,1233,164,11,1,25,1,1,0,0,0,0,0,0,1,0,1,0,0,3,0,2,15,0,0.05263157894736842,0
0,105000.0,0.0,670,92,6,1,19,4,1,0,0,0,0,0,0,1,0,1,1,0,3,0,6,11,1,0.047619047619047616,0
1,50750.0,0.2796610169491525,1071,147,10,1,22,4,0,0,0,0,0,1,0,0,1,0,1,0,6,0,6,8,1,0.15217391304347827,1
0,105000.0,0.0,716,96,6,1,24,3,0,0,0,0,1,0,0,0,0,1,0,0,4,0,4,17,0,0.04225352112676056,0
1,108250.0,0.26104417670682734,791,104,6,1,35,5,0,0,0,1,0,0,0,1,0,0,1,0,6,0,1,12,0,0.07142857142857142,0
1,49000.0,0.2956521739130435,771,100,6,1,29,1,0,0,1,0,0,0,0,0,0,0,1,0,6,0,2,5,0,0.21019108280254778,1
0,105000.0,0.0,704,94,6,1,13,3,0,1,0,0,0,0,0,0,0,1,1,0,6,1,4,16,0,0.07719298245614035,0
1,60000.0,0.3333333333333333,1115,146,11,1,32,1,0,0,0,1,0,0,0,0,0,0,1,0,3,0,4,21,0,0.13513513513513514,1
0,105000.0,0.0,870,113,6,1,23,1,0,1,0,0,0,0,0,0,1,0,1,0,5,1,0,18,0,0.05241935483870968,0
0,105000.0,0.0,914,127,10,1,13,2,0,0,0,1,0,0,0,1,0,0,0,1,6,0,4,3,0,0.03333333333333333,0
1,140000.0,0.37681159420289856,773,104,6,1,26,4,0,0,0,0,1,0,0,0,0,0,1,0,7,0,1,3,0,0.07142857142857142,0
1,80000.0,0.2222222222222222,816,117,10,1,18,2,0,0,0,0,1,0,0,0,0,0,1,0,3,0,6,0,1,0.14285714285714285,1
1,175500.0,0.33649289099526064,1101,146,11,1,24,4,0,0,0,0,1,0,0,1,1,0,1,0,3,0,0,5,0,0.125,1
1,104000.0,0.23728813559322035,1234,165,11,1,15,2,0,0,1,0,0,0,0,0,0,1,1,0,3,0,1,5,0,0.2545454545454545,1
0,105000.0,0.0,811,108,6,1,20,1,0,0,0,0,0,1,0,1,0,0,1,0,3,1,4,2,0,0.0967741935483871,0
1,72250.0,0.20496894409937888,830,112,6,1,12,0,0,1,0,0,0,0,0,1,0,1,1,0,5,0,6,5,1,0.12,1
0,105000.0,0.0,1142,150,11,1,16,2,0,0,1,0,0,0,0,0,0,1,1,0,7,0,4,7,0,0.07462686567164178,0
0,105000.0,0.0,867,114,6,1,28,4,0,0,0,0,0,0,1,0,0,1,0,1,4,1,2,8,0,0.04929577464788732,0
0,105000.0,0.0,705,90,6,1,23,3,0,1,0,0,0,0,0,0,0,1,1,0,5,0,6,6,1,0.014084507042253521,0
1,153566.4,0.31630558722919044,1290,171,11,1,24,3,0,0,0,0,1,0,0,1,1,0,1,0,7,0,2,10,0,0.20454545454545456,1
1,54000.0,0.2857142857142857,746,96,6,1,20,1,0,0,0,0,0,1,0,0,0,1,0,0,5,0,1,11,0,0.175,1
1,40500.0,0.21978021978021978,898,121,10,1,31,0,0,0,0,0,0,0,1,0,1,0,1,0,4,0,2,13,0,0.15151515151515152,1
1,128500.0,0.2576271186440678,758,102,6,1,14,2,0,0,1,0,0,0,0,0,1,0,0,1,7,0,2,14,0,0.09375,0
1,146972.8,0.2578895463510848,914,126,10,1,13,4,0,0,0,1,0,0,0,0,0,1,1,0,6,0,3,4,0,0.07894736842105263,0
1,157750.0,0.28532608695652173,724,96,6,1,28,4,0,0,0,1,0,0,0,0,0,1,1,0,5,1,5,22,1,0.00980392156862745,0
1,102250.0,0.25957446808510637,702,96,6,1,24,3,0,0,0,0,1,0,0,0,0,1,1,0,5,1,4,8,0,0.09900990099009901,0
1,68750.0,0.25949367088607594,1129,148,11,1,31,3,0,0,0,0,0,0,1,0,0,1,0,1,4,0,2,1,0,0.15139442231075698,1
0,105000.0,0.0,877,115,6,1,33,4,1,0,0,0,0,0,0,0,1,0,0,1,6,1,1,1,0,0.13815789473684212,1
0,105000.0,0.0,745,96,6,1,28,1,0,0,0,1,0,0,0,1,0,1,1,0,5,0,4,11,0,0.13872832369942195,1
1,132000.0,0.3238095238095238,1145,151,11,1,16,3,0,0,1,0,0,0,0,0,0,0,1,0,7,0,3,2,0,0.06557377049180328,0
1,60000.0,0.2608695652173913,1143,149,11,1,28,2,0,0,0,0,0,0,1,1,0,1,1,0,5,1,2,7,0,0.1111111111111111,1
1,120500.0,0.22794117647058823,1144,151,11,1,16,3,0,0,1,0,0,0,0,0,0,1,1,0,7,0,6,3,1,0.05217391304347826,0
1,402126.4,0.18285633723389255,685,93,6,1,25,1,1,0,0,0,0,0,0,0,1,0,1,0,5,0,5,20,1,0.02766798418972332,0
0,105000.0,0.0,1021,140,10,1,28,5,0,0,0,0,0,0,1,0,1,0,1,0,3,1,5,21,1,0.02040816326530612,0
1,70750.0,0.19745222929936307,1120,146,11,1,31,3,0,0,0,0,0,0,1,1,0,0,1,0,3,0,3,5,0,0.1346153846153846,1
1,161750.0,0.260752688172043,679,90,6,1,23,3,0,1,0,0,0,0,0,0,0,1,1,0,4,0,6,1,1,0.041666666666666664,0
0,105000.0,0.0,743,100,6,1,25,1,0,0,1,0,0,0,0,0,0,1,1,0,5,1,0,18,0,0.04,0
1,167500.0,0.3894230769230769,822,112,6,1,25,3,1,0,0,0,0,0,0,1,0,1,0,0,5,1,3,4,0,0.11695906432748537,1
1,66250.0,0.3333333333333333,924,123,6,1,24,2,0,0,0,0,0,0,1,0,1,0,1,0,5,0,6,23,1,0.18,1
0,105000.0,0.0,747,98,6,1,25,1,0,0,1,0,0,0,0,0,0,1,1,0,5,0,1,20,0,0.0,0
1,132750.0,0.335423197492163,822,117,10,1,25,1,1,0,0,0,0,0,0,0,1,0,0,1,3,0,2,0,0,0.14457831325301204,1
1,163750.0,0.239247311827957,1291,172,11,1,25,4,0,0,0,1,0,0,0,1,0,0,0,1,4,1,5,9,1,0.028037383177570093,0
1,59000.0,0.34965034965034963,751,96,6,1,31,2,0,0,0,0,0,0,1,0,0,1,0,0,4,0,1,11,0,0.09090909090909091,0
1,123240.0,0.26093337246844733,929,129,10,1,18,3,0,0,0,0,1,0,0,0,0,1,1,0,7,0,5,20,1,0.10126582278481013,0
1,108035.2,0.1973273169038528,1039,143,10,1,25,1,0,0,1,0,0,0,0,1,0,1,1,0,4,1,4,11,0,0.09016393442622951,0
0,105000.0,0.0,734,96,6,1,18,1,0,1,0,0,0,0,0,0,0,0,1,0,6,0,5,8,1,0.13636363636363635,1
0,105000.0,0.0,828,117,10,1,24,3,1,0,0,0,0,0,0,0,1,0,1,0,3,0,1,20,0,0.04285714285714286,0
1,93500.0,0.2922374429223744,1083,147,10,1,31,3,0,0,0,0,0,0,1,1,1,0,0,0,4,0,4,8,0,0.21153846153846154,1
0,105000.0,0.0,874,120,10,1,25,1,0,0,1,0,0,0,0,1,0,1,1,0,4,0,2,17,0,0.11290322580645161,1
0,105000.0,0.0,894,120,6,1,24,3,0,0,0,0,1,0,0,0,1,0,0,0,6,1,4,8,0,0.07368421052631578,0
1,77500.0,0.2967032967032967,698,94,6,1,24,2,0,0,0,0,1,0,0,0,0,1,1,0,4,0,6,9,1,0.10256410256410256,0
0,105000.0,0.0,803,108,6,1,14,1,0,1,0,0,0,0,0,0,0,1,0,1,3,0,1,7,0,0.14814814814814814,1
0,105000.0,0.0,1274,170,11,1,13,4,0,0,0,1,0,0,0,1,1,0,1,0,3,0,5,21,1,0.02857142857142857,0
1,79500.0,0.35233160621761656,1083,145,10,1,31,3,0,0,0,0,0,0,1,0,0,1,1,0,5,0,1,22,0,0.13043478260869565,1
1,111750.0,0.3920863309352518,1295,171,11,1,25,2,1,0,0,0,0,0,0,0,0,1,1,0,6,0,3,1,0,0.09271523178807947,0
0,105000.0,0.0,723,95,6,1,25,1,1,0,0,0,0,0,0,1,1,0,1,0,5,0,5,21,1,0.09523809523809523,0
1,116750.0,0.36713286713286714,902,125,10,1,35,5,0,0,0,1,0,0,0,0,0,1,1,0,4,1,3,6,0,0.0847457627118644,0
1,120500.0,0.24087591240875914,1119,147,11,1,15,1,0,0,1,0,0,0,0,0,1,0,0,1,5,0,4,23,0,0.18840579710144928,1
1,62750.0,0.34868421052631576,766,102,6,1,15,0,0,0,1,0,0,0,0,0,0,1,1,0,7,1,3,12,0,0.10526315789473684,0
1,65000.0,0.3225806451612903,761,98,6,1,35,5,0,0,0,1,0,0,0,0,0,0,1,0,4,0,2,20,0,0.15,1
1,111250.0,0.28846153846153844,853,114,6,1,23,2,0,1,0,0,0,0,0,0,0,1,0,1,4,0,1,14,0,0.09090909090909091,0
1,103250.0,0.3545816733067729,1314,175,11,1,14,1,0,0,1,0,0,0,0,1,0,0,1,0,7,1,5,16,1,0.11188811188811189,1
1,178500.0,0.183206106870229,824,117,10,1,19,3,1,0,0,0,0,0,0,0,1,0,1,0,3,1,1,13,0,0.12941176470588237,1
1,284750.0,0.24228395061728394,985,141,10,1,19,4,1,0,0,0,0,0,0,0,1,0,1,0,3,0,3,19,0,0.01951219512195122,0
1,95222.40000000001,0.3267543859649122,693,92,6,1,25,1,0,0,1,0,0,0,0,0,0,1,1,0,4,1,4,11,0,0.13333333333333333,1
0,105000.0,0.0,1075,146,10,1,22,2,0,0,0,0,0,1,0,0,0,1,1,0,5,0,6,19,1,0.09090909090909091,0
1,160000.0,0.2122905027932961,1114,148,11,1,21,4,1,0,0,0,0,0,0,1,1,0,1,0,6,0,5,0,1,0.20930232558139536,1
1,89500.0,0.25365853658536586,828,118,10,1,19,3,0,0,0,0,0,1,0,0,0,0,1,0,3,0,0,22,0,0.16666666666666666,1
0,105000.0,0.0,1239,165,11,1,13,2,0,1,0,0,0,0,0,0,0,1,0,0,4,0,0,0,0,0.08823529411764706,0
1,133000.0,0.3322884012539185,705,91,6,1,20,3,0,0,0,0,0,1,0,0,1,0,1,0,3,0,6,5,1,0.03225806451612903,0
1,127000.0,0.33986928104575165,734,98,6,1,32,3,0,0,0,1,0,0,0,1,0,1,1,0,5,0,2,17,0,0.1111111111111111,1
1,93000.0,0.3826086956521739,1291,169,11,1,22,3,0,0,0,0,0,1,0,1,0,0,1,0,6,0,4,11,0,0.27722772277227725,1
0,105000.0,0.0,1142,149,11,1,22,1,0,0,0,0,0,1,0,0,0,1,1,0,6,0,3,8,0,0.14285714285714285,1
1,106750.0,0.26422764227642276,714,98,6,1,24,3,1,0,0,0,0,0,0,0,1,0,0,1,7,0,0,21,0,0.16129032258064516,1
1,204250.0,0.37250996015936255,922,128,10,1,15,3,0,0,1,0,0,0,0,0,1,0,1,0,7,0,1,21,0,0.09090909090909091,0
1,131750.0,0.3684210526315789,734,99,6,1,14,3,0,0,0,0,1,0,0,1,0,0,1,0,7,0,6,14,1,0.1232876712328767,1
1,58500.0,0.3404255319148936,1086,144,11,1,18,0,1,0,0,0,0,0,0,0,0,0,1,0,3,0,3,17,0,0.14516129032258066,1
1,81250.0,0.38308457711442784,1117,147,11,1,32,1,0,0,0,1,0,0,0,0,1,0,1,0,4,0,3,0,0,0.07894736842105263,0
1,65270.4,0.22281993204983014,1135,149,11,1,22,4,0,0,0,0,0,1,0,0,0,1,1,0,6,0,2,15,0,0.047619047619047616,0
0,105000.0,0.0,1098,145,11,1,33,0,1,0,0,0,0,0,0,0,0,1,1,0,3,0,6,3,1,0.0625,0
0,105000.0,0.0,910,127,10,1,13,5,0,0,0,1,0,0,0,1,0,1,1,0,6,0,1,7,0,0.0392156862745098,0
1,83750.0,0.36585365853658536,696,93,6,1,29,2,0,0,1,0,0,0,0,0,1,0,1,0,3,0,4,13,0,0.24242424242424243,1
1,89500.0,0.3577981651376147,1107,153,10,1,32,3,0,0,1,0,0,0,0,0,0,1,1,0,7,0,3,8,0,0.08641975308641975,0
0,105000.0,0.0,1270,169,11,1,17,3,0,1,0,0,0,0,0,0,0,0,1,0,7,0,4,17,0,0.0,0
0,105000.0,0.0,836,120,10,1,17,3,0,1,0,0,0,0,0,0,1,0,0,0,5,0,4,10,0,0.14814814814814814,1
0,105000.0,0.0,1134,148,11,1,24,1,0,0,0,0,0,0,1,0,0,1,0,1,5,0,6,4,1,0.03125,0
0,105000.0,0.0,949,131,10,1,32,3,0,0,1,0,0,0,0,0,0,1,1,0,6,0,2,10,0,0.027210884353741496,0
1,52707.2,0.21835443037974686,714,92,6,1,28,1,0,0,0,0,0,0,1,1,0,1,1,0,3,1,4,15,0,0.18604651162790697,1
0,105000.0,0.0,1119,148,11,1,32,2,0,0,0,1,0,0,0,0,1,0,1,0,4,1,5,14,1,0.0851063829787234,0
1,66250.0,0.2565789473684211,689,95,6,1,14,0,0,0,0,0,1,0,0,1,1,0,0,1,5,0,4,21,0,0.0975609756097561,0
1,85030.40000000001,0.39225324419976404,1137,148,11,1,24,3,0,0,0,0,0,0,1,0,1,0,0,1,4,1,4,12,0,0.14227642276422764,1
0,105000.0,0.0,767,102,6,1,19,4,1,0,0,0,0,0,0,0,0,1,1,0,7,0,5,12,1,0.044642857142857144,0
1,88750.0,0.3640552995391705,878,118,10,1,28,4,0,0,0,0,0,0,1,1,0,0,1,0,3,1,4,9,0,0.0990990990990991,0
0,105000.0,0.0,824,117,10,1,17,5,0,0,0,1,0,0,0,1,1,0,1,0,3,0,2,23,0,0.05555555555555555,0
0,105000.0,0.0,695,92,6,1,24,0,0,0,0,0,0,0,1,0,0,0,1,0,3,0,6,11,1,0.11627906976744186,1
1,72250.0,0.2694610778443114,935,125,10,1,31,2,0,0,0,0,0,0,1,1,1,0,1,0,5,0,3,18,0,0.23529411764705882,1
1,151750.0,0.34153005464480873,1080,143,11,1,13,3,0,1,0,0,0,0,0,0,0,0,1,0,3,0,5,12,1,0.21212121212121213,1
1,94500.0,0.20853080568720378,882,114,6,1,28,3,0,0,0,0,0,0,1,0,1,0,1,0,4,0,4,20,0,0.13445378151260504,1
1,154500.0,0.34759358288770054,858,119,10,1,33,4,1,0,0,0,0,0,0,0,1,0,0,1,4,0,5,15,1,0.09523809523809523,0
1,207750.0,0.31781376518218624,1053,147,10,1,25,3,1,0,0,0,0,0,0,1,1,0,0,1,6,1,5,17,1,0.08360128617363344,0
1,84250.0,0.3316831683168317,883,121,6,1,25,4,0,0,0,1,0,0,0,1,0,0,1,0,4,0,0,20,0,0.12871287128712872,1
1,53000.0,0.3939393939393939,879,116,6,1,28,2,0,0,0,0,0,0,1,0,0,1,1,0,4,0,0,4,0,0.20930232558139536,1
0,105000.0,0.0,698,94,6,1,16,3,0,0,1,0,0,0,0,1,0,1,1,0,4,1,5,15,1,0.04424778761061947,0
1,93250.0,0.33482142857142855,999,138,10,1,17,3,0,1,0,0,0,0,0,0,0,0,1,0,4,1,5,1,1,0.13953488372093023,1
0,105000.0,0.0,890,122,10,1,20,2,0,0,0,0,0,1,0,0,0,1,0,0,5,0,3,16,0,0.03571428571428571,0
1,115250.0,0.2988929889298893,884,121,10,1,25,2,0,1,0,0,0,0,0,1,0,1,1,0,5,1,0,11,0,0.20512820512820512,1
1,89250.0,0.3317757009345794,907,116,6,1,24,3,0,0,0,0,0,0,1,0,1,0,1,0,5,0,3,9,0,0.08653846153846154,0
1,190750.0,0.33406113537117904,652,89,6,1,15,3,1,0,0,0,0,0,0,1,1,0,1,0,3,0,6,5,1,0.2222222222222222,1
1,143750.0,0.3757062146892655,711,97,6,1,19,4,1,0,0,0,0,0,0,0,1,0,1,0,5,0,3,21,0,0.01818181818181818,0
1,94500.0,0.2336448598130841,715,96,6,1,15,2,0,0,1,0,0,0,0,0,0,1,1,0,5,0,3,19,0,0.09090909090909091,0
1,90250.0,0.28095238095238095,884,115,6,1,31,3,0,0,0,0,0,0,1,1,1,0,1,0,3,0,5,20,1,0.125,1
1,146250.0,0.3380681818181818,782,103,6,1,32,3,0,0,0,1,0,0,0,0,1,0,1,0,6,1,1,22,0,0.07971014492753623,0
1,97750.0,0.384297520661157,1272,167,11,1,22,2,0,0,0,0,0,1,0,0,1,0,0,0,5,0,6,17,1,0.14634146341463414,1
0,105000.0,0.0,683,91,6,1,21,3,0,1,0,0,0,0,0,0,1,0,1,0,3,0,1,20,0,0.011627906976744186,0
1,130250.0,0.38198757763975155,1118,148,11,1,14,1,0,1,0,0,0,0,0,0,1,0,0,1,7,0,4,17,0,0.02564102564102564,0
1,65998.4,0.26116744313510554,710,90,6,1,29,1,0,0,1,0,0,0,0,1,1,0,1,0,3,1,6,18,1,0.25396825396825395,1
0,105000.0,0.0,991,138,10,1,16,2,0,0,1,0,0,0,0,0,0,0,1,0,3,1,1,3,0,0.0410958904109589,0
1,60000.0,0.2608695652173913,646,91,6,1,13,0,0,0,0,1,0,0,0,1,1,0,1,0,3,0,6,22,1,0.11538461538461539,1
0,105000.0,0.0,1143,151,11,1,25,4,0,0,0,1,0,0,0,0,0,1,1,0,6,1,4,5,0,0.040892193308550186,0
1,88750.0,0.3789954337899543,728,96,6,1,18,2,0,0,0,0,1,0,0,0,1,0,1,0,6,0,5,23,1,0.15555555555555556,1
1,205000.0,0.2916666666666667,1278,169,11,1,26,4,0,0,0,0,1,0,0,0,1,0,0,1,6,1,6,21,1,0.022598870056497175,0
0,105000.0,0.0,1126,149,11,1,19,3,0,0,0,0,0,1,0,0,0,1,1,0,5,0,1,22,0,0.08888888888888889,0
0,105000.0,0.0,1025,139,10,1,28,3,0,0,0,0,0,0,1,0,1,0,1,0,3,0,3,2,0,0.08270676691729323,0
1,108825.6,0.24782317481580707,1132,148,11,1,17,5,0,0,0,1,0,0,0,1,0,0,1,0,5,0,2,14,0,0.16304347826086957,1
1,113500.0,0.2737642585551331,734,93,6,1,25,1,0,1,0,0,0,0,0,1,0,0,1,0,6,1,0,18,0,0.16393442622950818,1
0,105000.0,0.0,962,133,10,1,32,3,0,0,1,0,0,0,0,0,0,0,1,0,7,1,0,7,0,0.09375,0
1,73000.0,0.23030303030303031,670,90,6,1,14,1,0,0,1,0,0,0,0,1,0,0,1,0,3,1,4,9,0,0.14814814814814814,1
0,105000.0,0.0,860,120,10,1,13,3,0,0,0,1,0,0,0,0,0,0,1,0,4,1,0,12,0,0.03571428571428571,0
1,101250.0,0.38645418326693226,919,119,6,1,24,3,0,0,0,0,0,0,1,1,1,0,0,0,5,1,2,19,0,0.1391304347826087,1
1,206000.0,0.38747553816046965,705,97,6,1,17,3,0,1,0,0,0,0,0,0,1,0,1,0,6,0,4,22,0,0.13333333333333333,1
1,184000.0,0.28438228438228436,688,93,6,1,25,3,0,1,0,0,0,0,0,1,0,0,1,0,5,0,2,2,0,0.10317460317460317,0
1,88750.0,0.2766990291262136,1050,148,10,1,19,4,1,0,0,0,0,0,0,1,0,1,1,0,5,0,2,4,0,0.09027777777777778,0
1,46000.0,0.34234234234234234,860,118,10,1,28,1,0,0,0,0,0,0,1,0,0,0,0,1,3,0,4,17,0,0.08333333333333333,0
1,166000.0,0.34,1122,148,11,1,24,3,1,0,0,0,0,0,0,1,0,0,1,0,6,0,0,16,0,0.14432989690721648,1
1,108750.0,0.26,855,111,6,1,22,3,0,0,0,0,0,1,0,1,0,0,1,0,4,0,1,12,0,0.15748031496062992,1
1,72696.0,0.32293666026871404,886,124,10,1,35,5,0,0,0,1,0,0,0,1,0,1,1,0,4,0,5,2,1,0.14814814814814814,1
0,105000.0,0.0,858,118,10,1,28,3,0,0,0,1,0,0,0,1,0,1,1,0,3,1,1,6,0,0.04145077720207254,0
0,105000.0,0.0,672,92,6,1,33,3,1,0,0,0,0,0,0,0,1,0,1,0,3,1,4,3,0,0.05217391304347826,0
1,167000.0,0.19946091644204852,677,90,6,1,33,3,1,0,0,0,0,0,0,0,0,1,0,1,3,1,5,17,1,0.05625,0
1,199500.0,0.340956340956341,1084,145,11,1,17,3,0,1,0,0,0,0,0,0,1,0,1,0,3,0,5,18,1,0.14285714285714285,1
1,142000.0,0.3954802259887006,1121,149,11,1,25,1,0,0,1,0,0,0,0,1,0,1,1,0,5,1,0,3,0,0.11855670103092783,1
1,106250.0,0.39015151515151514,666,92,6,1,21,1,0,1,0,0,0,0,0,1,0,1,1,0,4,1,0,1,0,0.24161073825503357,1
1,53750.0,0.19327731092436976,1280,169,11,1,19,1,0,0,0,0,0,1,0,0,0,1,0,1,5,1,4,8,0,0.20952380952380953,1
1,153500.0,0.4010416666666667,844,119,10,1,25,2,1,0,0,0,0,0,0,0,1,0,1,0,4,1,4,11,0,0.08108108108108109,0
0,105000.0,0.0,1084,145,11,1,21,4,1,0,0,0,0,0,0,1,0,1,1,0,3,0,0,7,0,0.03571428571428571,0
1,211750.0,0.3392156862745098,892,122,6,1,19,4,1,0,0,0,0,0,0,1,0,1,1,0,7,0,1,6,0,0.09523809523809523,0
1,55500.0,0.34328358208955223,1025,140,10,1,20,1,0,0,0,0,0,1,0,1,0,1,0,1,4,0,1,3,0,0.1693548387096774,1
1,50000.0,0.18181818181818182,1280,169,11,1,22,1,0,0,0,0,0,1,0,0,0,0,1,0,4,0,2,17,0,0.18666666666666668,1
1,60250.0,0.18796992481203006,681,90,6,1,33,4,1,0,0,0,0,0,0,0,0,0,1,0,3,0,4,0,0,0.1,0
0,105000.0,0.0,1102,145,11,1,20,4,0,0,0,0,0,1,0,1,0,1,1,0,3,0,5,18,1,0.07920792079207921,0
0,105000.0,0.0,1269,166,11,1,33,4,1,0,0,0,0,0,0,0,0,1,1,0,5,0,1,0,0,0.0821917808219178,0
1,103000.0,0.19298245614035087,886,122,10,1,32,3,0,0,1,0,0,0,0,1,0,0,1,0,4,0,3,5,0,0.12096774193548387,1
1,112500.0,0.2824427480916031,1145,151,11,1,32,3,0,0,1,0,0,0,0,0,1,0,1,0,6,0,4,0,0,0.20833333333333334,1
1,109750.0,0.35580524344569286,1119,149,11,1,14,4,0,0,0,0,1,0,0,0,0,1,1,0,5,0,5,13,1,0.023809523809523808,0
1,85500.0,0.36363636363636365,1104,147,11,1,19,2,0,0,0,0,0,1,0,1,1,0,0,0,4,1,0,17,0,0.14375,1
0,105000.0,0.0,745,96,6,1,22,3,0,0,0,0,0,1,0,0,0,0,1,0,6,0,3,12,0,0.09063444108761329,0
1,168500.0,0.3914081145584726,893,116,6,1,24,5,0,0,0,0,0,0,1,0,0,1,1,0,5,0,6,9,1,0.0,0
1,85750.0,0.2676767676767677,761,104,6,1,24,2,0,0,0,0,1,0,0,0,0,1,1,0,7,0,3,11,0,0.12,1
1,114750.0,0.2679245283018868,1281,171,11,1,21,4,1,0,0,0,0,0,0,0,0,1,1,0,6,0,0,5,0,0.08064516129032258,0
1,112250.0,0.3613138686131387,716,94,6,1,25,2,0,1,0,0,0,0,0,0,0,0,1,0,5,1,1,19,0,0.09900990099009901,0
0,105000.0,0.0,1127,147,11,1,28,4,0,0,0,0,0,0,1,0,1,0,1,0,4,0,5,8,1,0.03571428571428571,0
0,105000.0,0.0,1129,151,11,1,24,3,0,0,0,0,1,0,0,0,0,1,1,0,6,0,0,11,0,0.041666666666666664,0
1,45250.0,0.36936936936936937,1070,146,10,1,32,0,0,0,0,1,0,0,0,1,0,1,1,0,5,1,4,5,0,0.11444652908067542,1
1,138250.0,0.2610062893081761,1097,146,11,1,19,4,1,0,0,0,0,0,0,1,0,1,1,0,3,1,5,2,1,0.061016949152542375,0
1,242278.4,0.307150123528557,983,139,10,1,17,3,0,1,0,0,0,0,0,1,0,0,0,0,4,0,5,20,1,0.04,0
1,79250.0,0.25824175824175827,717,94,6,1,17,3,0,1,0,0,0,0,0,0,0,0,1,0,6,0,0,18,0,0.0625,0
1,79250.0,0.22905027932960895,691,94,6,1,25,4,0,0,0,1,0,0,0,0,0,0,1,0,3,0,6,7,1,0.13157894736842105,1
0,105000.0,0.0,835,110,6,1,23,1,0,1,0,0,0,0,0,0,1,0,1,0,4,0,0,2,0,0.038461538461538464,0
0,105000.0,0.0,1099,146,11,1,19,4,1,0,0,0,0,0,0,1,0,1,1,0,3,0,2,5,0,0.08,0
1,156500.0,0.3482849604221636,1117,147,11,1,32,3,0,0,1,0,0,0,0,0,1,0,1,0,4,0,0,3,0,0.04201680672268908,0
1,83500.0,0.33,887,123,10,1,14,2,0,0,0,0,1,0,0,0,0,1,1,0,5,0,1,0,0,0.08888888888888889,0
1,153750.0,0.33783783783783783,708,94,6,1,24,5,0,0,0,0,0,0,1,1,0,1,1,0,3,1,0,5,0,0.06944444444444445,0
0,105000.0,0.0,715,92,6,1,31,2,0,0,0,0,0,0,1,0,0,1,1,0,3,0,4,1,0,0.07272727272727272,0
0,105000.0,0.0,865,116,6,1,25,4,0,0,0,1,0,0,0,1,0,1,0,0,4,0,1,19,0,0.09090909090909091,0
0,105000.0,0.0,757,100,6,1,14,2,0,0,1,0,0,0,0,0,0,1,1,0,7,1,6,15,1,0.05128205128205128,0
1,66750.0,0.3416149068322981,1065,145,10,1,32,0,0,0,0,1,0,0,0,0,1,0,1,0,3,0,4,6,0,0.14285714285714285,1
1,175000.0,0.18652849740932642,1018,139,10,1,29,4,0,0,1,0,0,0,0,0,1,0,1,0,3,0,5,9,1,0.09836065573770492,0
1,151250.0,0.3952254641909814,1290,173,11,1,24,4,0,0,0,0,1,0,0,0,0,0,0,0,5,1,0,3,0,0.0425531914893617,0
0,105000.0,0.0,896,125,10,1,21,0,0,1,0,0,0,0,0,0,0,1,1,0,7,0,0,16,0,0.02127659574468085,0
1,99500.0,0.36885245901639346,1259,166,11,1,18,3,0,0,1,0,0,0,0,1,0,1,0,0,4,0,6,21,1,0.140625,1
1,143500.0,0.1892744479495268,857,112,6,1,23,3,0,1,0,0,0,0,0,0,0,1,0,0,5,0,1,16,0,0.13725490196078433,1
1,112250.0,0.3553113553113553,1275,168,11,1,22,4,0,0,0,0,0,1,0,1,1,0,1,0,5,0,5,14,1,0.13157894736842105,1
1,176000.0,0.33962264150943394,1281,169,11,1,24,4,0,0,0,0,1,0,0,0,1,0,1,0,6,0,5,17,1,0.024793388429752067,0
1,91250.0,0.21951219512195122,864,120,10,1,22,4,0,0,0,0,0,1,0,1,0,1,1,0,4,0,5,0,1,0.225,1
0,105000.0,0.0,708,91,6,1,28,1,0,0,0,0,0,0,1,0,1,0,1,0,3,0,5,21,1,0.09900990099009901,0
0,105000.0,0.0,757,101,6,1,32,3,0,0,1,0,0,0,0,0,1,0,0,0,5,0,6,23,1,0.02857142857142857,0
1,152750.0,0.353099730458221,1000,138,10,1,18,3,1,0,0,0,0,0,0,0,0,1,1,0,5,0,4,17,0,0.1566265060240964,1
1,120500.0,0.2536231884057971,836,116,10,1,13,1,0,1,0,0,0,0,0,0,1,0,1,0,4,0,4,9,0,0.18090452261306533,1
0,105000.0,0.0,856,112,6,1,25,4,0,0,0,1,0,0,0,1,1,0,1,0,3,0,1,3,0,0.1,0
1,84500.0,0.32673267326732675,766,98,6,1,31,3,0,0,0,0,0,0,1,0,0,1,1,0,5,0,4,20,0,0.20833333333333334,1
0,105000.0,0.0,941,125,10,1,31,3,0,0,0,0,0,0,1,1,1,0,0,0,5,0,4,18,0,0.10256410256410256,0
1,428250.0,0.3089832181638697,704,97,6,1,17,5,1,0,0,0,0,0,0,0,1,0,0,1,7,0,0,20,0,0.02631578947368421,0
0,105000.0,0.0,1007,141,10,1,25,4,0,0,0,1,0,0,0,1,1,0,1,0,3,0,4,12,0,0.07065217391304347,0
1,162750.0,0.24528301886792453,1102,145,11,1,22,4,0,0,0,0,0,1,0,1,0,0,1,0,3,0,0,20,0,0.09174311926605505,0
1,78000.0,0.29508196721311475,1134,148,11,1,32,2,0,0,0,1,0,0,0,1,0,1,1,0,4,0,0,5,0,0.15151515151515152,1
1,132059.2,0.3735109517100038,876,121,10,1,31,4,0,0,0,0,0,0,1,0,1,0,1,0,3,1,6,18,1,0.06060606060606061,0
1,73750.0,0.3142857142857143,1101,146,11,1,14,4,0,0,0,0,1,0,0,1,0,0,1,0,5,1,6,5,1,0.14102564102564102,1
0,105000.0,0.0,918,124,10,1,24,3,0,0,0,0,0,0,1,0,0,1,1,0,5,0,1,17,0,0.08461538461538462,0
1,129000.0,0.3670886075949367,894,122,10,1,17,5,0,0,0,1,0,0,0,0,1,0,0,0,5,0,5,11,1,0.02127659574468085,0
1,58250.0,0.29927007299270075,902,121,10,1,31,1,0,0,0,0,0,0,1,1,1,0,0,1,4,0,3,23,0,0.4827586206896552,1
0,105000.0,0.0,1145,150,11,1,28,2,0,0,0,1,0,0,0,0,1,0,1,0,5,1,6,12,1,0.02824858757062147,0
1,58000.0,0.2814814814814815,905,124,6,1,24,1,0,0,0,0,1,0,0,0,0,1,1,0,6,1,2,4,0,0.030864197530864196,0
1,72000.0,0.36363636363636365,707,93,6,1,19,1,0,0,0,0,0,1,0,0,1,0,0,1,4,0,2,23,0,0.022727272727272728,0
0,105000.0,0.0,1140,149,11,1,29,2,0,0,1,0,0,0,0,0,0,1,1,0,5,1,2,16,0,0.09848484848484848,0
1,166000.0,0.27979274611398963,922,128,10,1,15,3,0,0,1,0,0,0,0,0,1,0,1,0,7,1,0,13,0,0.08974358974358974,0
1,218500.0,0.39042357274401474,1086,144,11,1,21,4,1,0,0,0,0,0,0,0,1,0,1,0,3,0,1,0,0,0.09090909090909091,0
1,153250.0,0.3910761154855643,1139,148,11,1,18,3,0,1,0,0,0,0,0,0,0,1,1,0,7,1,1,14,0,0.09016393442622951,0
1,108000.0,0.36981132075471695,918,129,10,1,18,3,0,0,0,0,1,0,0,1,0,0,1,0,7,1,5,0,1,0.05699481865284974,0
1,46000.0,0.23076923076923078,924,125,10,1,28,1,0,0,0,0,0,0,1,0,0,1,1,0,5,0,6,1,1,0.05454545454545454,0
1,101899.2,0.33367346938775505,902,120,6,1,20,3,0,0,0,0,0,1,0,0,1,0,1,0,5,0,0,0,0,0.11920529801324503,1
1,284500.0,0.328928046989721,1324,175,11,1,35,5,0,0,0,1,0,0,0,0,1,0,0,0,6,0,5,9,1,0.014705882352941176,0
0,105000.0,0.0,1126,149,11,1,15,4,0,0,1,0,0,0,0,0,1,0,1,0,6,0,1,20,0,0.0,0
1,136250.0,0.2643312101910828,929,125,10,1,28,4,0,0,0,0,0,0,1,0,1,0,1,0,5,0,2,9,0,0.03571428571428571,0
1,183750.0,0.23317307692307693,1104,146,11,1,12,3,0,1,0,0,0,0,0,1,0,0,1,0,5,1,1,10,0,0.1526479750778816,1
1,46000.0,0.38596491228070173,1153,152,11,1,24,0,0,0,0,0,1,0,0,0,0,0,1,0,7,0,4,3,0,0.10416666666666667,0
0,105000.0,0.0,904,118,6,1,32,2,0,0,0,1,0,0,0,0,0,1,1,0,4,1,6,14,1,0.06439393939393939,0
0,105000.0,0.0,996,139,10,1,25,1,1,0,0,0,0,0,0,0,0,0,1,0,4,0,0,5,0,0.09523809523809523,0
1,50500.0,0.3305785123966942,921,125,10,1,24,1,0,0,0,0,0,0,1,1,0,1,0,0,5,1,2,19,0,0.29508196721311475,1
1,134000.0,0.254071661237785,766,104,6,1,19,4,1,0,0,0,0,0,0,1,0,1,1,0,7,0,6,23,1,0.24,1
1,101500.0,0.20353982300884957,1135,150,11,1,14,2,0,0,1,0,0,0,0,0,0,1,0,1,6,0,6,9,1,0.11458333333333333,1
0,105000.0,0.0,1299,169,11,1,28,0,0,0,0,0,0,0,1,0,1,0,1,0,5,1,1,17,0,0.09090909090909091,0
1,87750.0,0.27941176470588236,643,88,6,1,14,0,0,1,0,0,0,0,0,0,1,0,1,0,3,1,1,6,0,0.07526881720430108,0
1,113193.6,0.26975043713241137,1114,146,11,1,35,5,0,0,0,1,0,0,0,0,0,1,1,0,3,0,1,13,0,0.07042253521126761,0
1,83250.0,0.18032786885245902,1145,150,11,1,25,4,0,0,0,1,0,0,0,1,1,0,1,0,6,1,5,5,1,0.10344827586206896,0
0,105000.0,0.0,1113,146,11,1,29,3,0,0,1,0,0,0,0,0,0,0,0,0,3,0,5,16,1,0.057692307692307696,0
1,119000.0,0.25,666,90,6,1,25,2,1,0,0,0,0,0,0,1,0,1,1,0,4,0,4,0,0,0.23880597014925373,1
1,76250.0,0.23699421965317918,878,114,6,1,29,3,0,0,1,0,0,0,0,1,0,0,1,0,3,0,4,17,0,0.2,1
0,105000.0,0.0,696,93,6,1,19,2,0,0,0,0,0,1,0,1,0,0,1,0,4,0,5,10,1,0.13432835820895522,1
1,104500.0,0.27983539094650206,1119,147,11,1,25,2,1,0,0,0,0,0,0,0,0,1,1,0,5,0,3,12,0,0.09302325581395349,0
1,120500.0,0.26618705035971224,658,87,6,1,22,3,0,0,0,0,0,1,0,1,1,0,0,1,3,0,0,7,0,0.12962962962962962,1
1,82888.0,0.23789520229935882,849,117,10,1,26,4,0,0,0,0,1,0,0,1,0,1,1,0,3,0,2,1,0,0.08333333333333333,0
0,105000.0,0.0,842,118,10,1,21,4,0,1,0,0,0,0,0,0,0,1,0,0,4,0,5,1,1,0.05660377358490566,0
1,78750.0,0.2972972972972973,852,119,10,1,18,0,1,0,0,0,0,0,0,0,1,0,1,0,5,1,0,5,0,0.06060606060606061,0
1,132000.0,0.334384858044164,1135,151,11,1,19,4,1,0,0,0,0,0,0,0,0,1,1,0,6,0,4,9,0,0.1282051282051282,1
1,123000.0,0.2857142857142857,703,94,6,1,19,3,0,0,0,0,0,1,0,1,1,0,1,0,4,1,4,15,0,0.08791208791208792,0
1,71000.0,0.2682926829268293,1105,155,10,1,26,4,0,0,0,0,1,0,0,1,0,0,1,0,7,1,0,18,0,0.1111111111111111,1
1,197500.0,0.36099585062240663,863,118,6,1,13,3,0,1,0,0,0,0,0,0,1,0,1,0,6,0,2,22,0,0.08433734939759036,0
0,105000.0,0.0,655,90,6,1,17,3,0,1,0,0,0,0,0,1,1,0,1,0,3,0,0,11,0,0.025210084033613446,0
1,92750.0,0.21634615384615385,935,120,6,1,31,3,0,0,0,0,0,0,1,0,1,0,1,0,5,1,3,12,0,0.15451895043731778,1
0,105000.0,0.0,1277,168,11,1,22,4,0,0,0,0,0,1,0,0,0,1,0,1,5,0,5,15,1,0.0,0
1,105500.0,0.37065637065637064,841,114,6,1,15,1,1,0,0,0,0,0,0,0,0,1,1,0,6,0,2,2,0,0.1744186046511628,1
1,106000.0,0.2764227642276423,1112,153,10,1,32,3,0,0,1,0,0,0,0,0,1,0,1,0,7,1,0,3,0,0.09722222222222222,0
1,115000.0,0.32727272727272727,843,114,6,1,17,3,0,1,0,0,0,0,0,0,1,0,0,1,4,1,6,12,1,0.13559322033898305,1
1,51750.0,0.344,1281,170,11,1,28,2,0,0,0,0,0,0,1,1,0,1,0,0,3,0,0,12,0,0.21379310344827587,1
0,105000.0,0.0,742,101,6,1,32,3,0,0,1,0,0,0,0,1,1,0,0,0,5,1,5,13,1,0.01834862385321101,0
0,105000.0,0.0,1240,164,11,1,18,2,1,0,0,0,0,0,0,1,0,1,1,0,4,0,4,15,0,0.10526315789473684,0
1,273750.0,0.3897058823529412,808,114,10,1,12,4,0,1,0,0,0,0,0,0,1,0,0,0,3,0,5,3,1,0.125,1
1,104000.0,0.19130434782608696,1269,168,11,1,26,4,0,0,0,0,1,0,0,1,1,0,1,0,5,0,1,0,0,0.15217391304347827,1
0,105000.0,0.0,874,121,10,1,28,5,0,0,0,0,0,0,1,0,0,1,1,0,3,0,2,3,0,0.04838709677419355,0
1,78500.0,0.28415300546448086,865,119,10,1,15,1,0,0,1,0,0,0,0,1,0,0,0,1,4,0,1,23,0,0.14285714285714285,1
0,105000.0,0.0,846,120,10,1,24,3,1,0,0,0,0,0,0,0,0,0,1,0,5,1,6,0,1,0.05263157894736842,0
0,105000.0,0.0,1092,144,11,1,14,4,0,0,0,0,1,0,0,1,1,0,1,0,3,0,4,10,0,0.12359550561797752,1
1,139500.0,0.29357798165137616,1034,145,10,1,25,1,0,0,1,0,0,0,0,0,0,1,1,0,4,0,3,7,0,0.09278350515463918,0
1,120500.0,0.2785714285714286,1118,147,11,1,22,4,0,0,0,0,0,1,0,1,0,0,1,0,5,0,6,1,1,0.05263157894736842,0
0,105000.0,0.0,674,88,6,1,15,2,0,0,1,0,0,0,0,0,0,1,0,1,3,1,0,11,0,0.0962962962962963,0
1,141250.0,0.3670520231213873,715,90,6,1,32,3,0,0,0,1,0,0,0,1,1,0,1,0,3,0,0,19,0,0.11764705882352941,1
0,105000.0,0.0,1111,146,11,1,13,3,0,1,0,0,0,0,0,0,1,0,0,0,6,1,1,14,0,0.06907894736842106,0
0,105000.0,0.0,903,125,10,1,19,4,1,0,0,0,0,0,0,1,0,1,1,0,5,0,6,22,1,0.07476635514018691,0
0,105000.0,0.0,886,120,10,1,28,3,0,0,0,0,0,0,1,1,0,1,1,0,3,0,6,12,1,0.0784313725490196,0
1,124250.0,0.30952380952380953,1303,172,11,1,22,4,0,0,0,0,0,1,0,1,0,1,1,0,5,1,3,5,0,0.046511627906976744,0
1,164750.0,0.21891891891891893,822,117,10,1,15,3,1,0,0,0,0,0,0,1,0,1,1,0,4,0,3,7,0,0.0,0
0,105000.0,0.0,853,113,6,1,32,1,0,0,0,1,0,0,0,1,1,0,0,1,4,1,1,5,0,0.042328042328042326,0
1,226750.0,0.301498127340824,744,101,6,1,32,3,0,0,1,0,0,0,0,1,0,0,1,0,5,1,4,5,0,0.04040404040404041,0
0,105000.0,0.0,849,115,6,1,19,1,1,0,0,0,0,0,0,1,0,0,1,0,6,1,3,11,0,0.08823529411764706,0
0,105000.0,0.0,1078,145,10,1,28,3,0,0,0,0,0,0,1,1,0,1,1,0,5,1,5,18,1,0.12186379928315412,1
0,105000.0,0.0,1017,142,10,1,19,1,0,0,0,0,0,1,0,1,1,0,1,0,4,0,5,23,1,0.14285714285714285,1
1,151750.0,0.23546511627906977,798,114,10,1,18,3,1,0,0,0,0,0,0,0,0,1,0,0,3,1,2,16,0,0.06956521739130435,0
1,62500.0,0.18840579710144928,870,120,10,1,28,3,0,0,0,0,0,0,1,1,0,0,1,0,3,0,0,3,0,0.2127659574468085,1
1,82500.0,0.37438423645320196,1266,166,11,1,20,3,0,0,0,0,0,1,0,0,0,1,0,0,5,0,5,3,1,0.125,1
0,105000.0,0.0,765,102,6,1,26,4,0,0,0,0,1,0,0,1,0,1,1,0,7,1,3,21,0,0.06140350877192982,0
1,79000.0,0.3010752688172043,1282,169,11,1,19,3,0,0,0,0,0,1,0,0,0,0,1,0,6,1,3,18,0,0.1033210332103321,0
1,159515.19999999998,0.23854370047088547,708,95,6,1,18,2,1,0,0,0,0,0,0,1,1,0,1,0,6,1,1,0,0,0.1348314606741573,1
0,105000.0,0.0,641,90,6,1,17,3,0,1,0,0,0,0,0,1,1,0,1,0,3,1,5,18,1,0.058823529411764705,0
0,105000.0,0.0,1091,149,10,1,28,1,0,0,0,1,0,0,0,0,0,0,1,0,6,0,5,7,1,0.058823529411764705,0
0,105000.0,0.0,1310,174,11,1,15,3,0,0,1,0,0,0,0,1,0,1,1,0,7,0,2,15,0,0.13253012048192772,1
1,184000.0,0.30414746543778803,1116,147,11,1,24,3,1,0,0,0,0,0,0,1,1,0,1,0,6,0,0,0,0,0.18181818181818182,1
1,145250.0,0.33045977011494254,1121,149,11,1,32,3,0,0,1,0,0,0,0,1,0,1,1,0,4,1,2,12,0,0.06382978723404255,0
1,108000.0,0.24390243902439024,826,116,10,1,14,3,0,0,0,0,1,0,0,0,0,1,1,0,3,0,2,13,0,0.061855670103092786,0
0,105000.0,0.0,1142,151,11,1,24,0,0,0,0,0,1,0,0,0,0,1,1,0,7,1,1,3,0,0.08053691275167785,0
0,105000.0,0.0,1121,147,11,1,25,4,0,0,0,1,0,0,0,0,0,1,1,0,3,1,6,20,1,0.055865921787709494,0
1,88250.0,0.2780487804878049,726,98,6,1,35,5,0,0,0,1,0,0,0,1,0,1,1,0,4,1,4,7,0,0.1495601173020528,1
0,105000.0,0.0,724,98,6,1,21,3,0,1,0,0,0,0,0,1,0,1,0,1,7,0,3,10,0,0.06,0
0,105000.0,0.0,900,124,10,1,22,4,0,0,0,0,0,1,0,0,1,0,1,0,5,1,2,10,0,0.08641975308641975,0
1,98250.0,0.36929460580912865,1284,170,11,1,25,1,0,0,1,0,0,0,0,0,0,1,0,1,6,1,2,13,0,0.08403361344537816,0
1,67000.0,0.345679012345679,742,98,6,1,17,5,0,0,0,1,0,0,0,0,0,1,1,0,5,0,2,0,0,0.112,1
1,100500.0,0.25217391304347825,1140,150,11,1,32,3,0,0,1,0,0,0,0,0,0,1,1,0,5,0,2,8,0,0.1282051282051282,1
0,105000.0,0.0,1104,146,11,1,33,3,1,0,0,0,0,0,0,0,0,1,1,0,3,0,0,10,0,0.075,0
0,105000.0,0.0,836,120,10,1,19,4,1,0,0,0,0,0,0,0,0,1,1,0,3,1,5,17,1,0.08,0
0,105000.0,0.0,906,129,10,1,19,4,1,0,0,0,0,0,0,0,0,1,1,0,6,0,4,0,0,0.07407407407407407,0
0,105000.0,0.0,888,124,10,1,19,0,0,0,0,0,0,1,0,1,1,0,1,0,5,1,4,7,0,0.1111111111111111,1
0,105000.0,0.0,632,86,6,1,14,4,0,0,0,0,1,0,0,0,1,0,1,0,3,0,3,18,0,0.030303030303030304,0
1,89250.0,0.3991031390134529,1303,172,11,1,25,1,0,0,1,0,0,0,0,0,1,0,1,0,7,0,0,6,0,0.07692307692307693,0
1,98250.0,0.25333333333333335,924,126,10,1,22,4,0,0,0,0,0,1,0,0,0,1,1,0,6,0,1,2,0,0.10897435897435898,1
1,94000.0,0.3063063063063063,1117,148,11,1,26,4,0,0,0,0,1,0,0,0,1,0,1,0,5,0,5,6,1,0.1232876712328767,1
1,93000.0,0.22009569377990432,1065,144,10,1,20,3,0,0,0,0,0,1,0,0,0,1,0,1,6,0,5,7,1,0.0761904761904762,0
1,100000.0,0.27586206896551724,1099,147,11,1,24,3,0,0,0,0,1,0,0,0,0,1,1,0,3,0,4,22,0,0.0457516339869281,0
0,105000.0,0.0,903,121,6,1,28,4,0,0,0,0,0,0,1,0,1,0,0,0,4,0,4,13,0,0.06060606060606061,0
1,105500.0,0.30522088353413657,1108,147,11,1,14,3,0,0,0,0,1,0,0,0,0,0,1,0,5,0,0,9,0,0.09433962264150944,0
0,105000.0,0.0,1296,173,11,1,25,3,1,0,0,0,0,0,0,1,0,1,1,0,7,0,6,1,1,0.07142857142857142,0
1,180500.0,0.3811659192825112,1084,144,11,1,18,3,1,0,0,0,0,0,0,1,0,0,1,0,3,1,2,3,0,0.09230769230769231,0
0,105000.0,0.0,1247,165,11,1,13,3,0,1,0,0,0,0,0,0,0,0,1,0,4,0,1,14,0,0.019230769230769232,0
0,105000.0,0.0,857,117,10,1,23,3,0,1,0,0,0,0,0,0,1,0,1,0,4,0,5,11,1,0.0,0
1,109750.0,0.28515625,1089,145,11,1,14,4,0,0,0,0,1,0,0,0,0,1,1,0,3,0,5,23,1,0.15625,1
0,105000.0,0.0,844,118,10,1,18,2,0,0,0,0,1,0,0,0,0,0,1,0,3,0,3,16,0,0.05925925925925926,0
1,90500.0,0.2079207920792079,1262,168,11,1,18,1,1,0,0,0,0,0,0,1,0,1,1,0,3,1,0,16,0,0.1320754716981132,1
1,192750.0,0.37341772151898733,1132,149,11,1,19,5,0,0,0,0,0,1,0,0,0,1,1,0,6,0,0,14,0,0.054945054945054944,0
0,105000.0,0.0,643,86,6,1,18,3,0,0,1,0,0,0,0,1,0,0,1,0,3,0,3,21,0,0.044585987261146494,0
0,105000.0,0.0,1066,147,10,1,26,4,0,0,0,0,1,0,0,1,0,0,0,0,5,0,0,0,0,0.04918032786885246,0
1,165750.0,0.19346049046321526,1266,168,11,1,14,4,0,0,0,0,1,0,0,0,0,1,0,1,6,0,1,19,0,0.13043478260869565,1
0,105000.0,0.0,975,137,10,1,15,3,1,0,0,0,0,0,0,0,1,0,1,0,4,0,1,18,0,0.0873015873015873,0
0,105000.0,0.0,711,96,6,1,14,3,0,0,1,0,0,0,0,0,0,1,0,0,5,1,4,4,0,0.045662100456621,0
1,55500.0,0.391304347826087,1110,146,11,1,24,2,0,0,0,0,0,0,1,1,0,1,1,0,3,0,4,21,0,0.205607476635514,1
0,105000.0,0.0,1089,143,11,1,18,4,0,0,1,0,0,0,0,0,0,1,1,0,3,0,5,16,1,0.06976744186046512,0
1,117500.0,0.32142857142857145,658,88,6,1,14,2,0,1,0,0,0,0,0,0,0,1,1,0,4,0,6,9,1,0.13432835820895522,1
0,105000.0,0.0,699,94,6,1,15,2,1,0,0,0,0,0,0,0,1,0,1,0,6,1,1,9,0,0.06818181818181818,0
1,138000.0,0.2077922077922078,1123,147,11,1,33,4,1,0,0,0,0,0,0,0,0,1,1,0,6,0,0,4,0,0.0784313725490196,0
1,182000.0,0.26666666666666666,826,116,10,1,18,3,1,0,0,0,0,0,0,0,1,0,0,1,4,0,5,20,1,0.09523809523809523,0
1,50000.0,0.2905982905982906,1105,144,11,1,28,1,0,0,0,0,0,0,1,1,0,1,1,0,3,0,6,16,1,0.16,1
0,105000.0,0.0,1120,146,11,1,32,5,0,0,0,1,0,0,0,0,0,1,0,1,3,0,6,8,1,0.009345794392523364,0
1,64500.0,0.25675675675675674,766,100,6,1,28,3,0,0,0,0,0,0,1,0,0,0,0,0,5,1,6,21,1,0.14893617021276595,1
0,105000.0,0.0,1003,139,10,1,28,3,0,0,0,0,0,0,1,1,0,1,1,0,3,0,3,9,0,0.058823529411764705,0
0,105000.0,0.0,726,96,6,1,32,3,0,0,1,0,0,0,0,1,0,1,0,1,4,1,5,16,1,0.09022556390977443,0
0,105000.0,0.0,1099,146,11,1,18,5,0,0,0,0,1,0,0,1,0,0,1,0,3,0,1,22,0,0.02857142857142857,0
1,121750.0,0.3378839590443686,1119,147,11,1,35,5,0,0,0,1,0,0,0,1,0,0,0,0,3,0,6,15,1,0.14893617021276595,1
1,80500.0,0.38190954773869346,858,116,10,1,28,3,0,0,0,0,0,0,1,0,1,0,1,0,3,1,6,11,1,0.109375,1
1,189000.0,0.2620689655172414,1241,165,11,1,18,4,0,0,0,0,1,0,0,1,1,0,1,0,3,0,0,1,0,0.07142857142857142,0
1,151750.0,0.3770053475935829,902,118,6,1,35,5,0,0,0,1,0,0,0,0,0,1,1,0,4,0,4,22,0,0.04225352112676056,0
1,105622.40000000001,0.24425237683664655,847,119,10,1,14,2,0,0,1,0,0,0,0,1,0,0,0,1,3,0,0,4,0,0.11214953271028037,1
1,56500.0,0.3007518796992481,907,118,6,1,31,2,0,0,0,0,0,0,1,0,0,0,1,0,4,0,2,15,0,0.1724137931034483,1
0,105000.0,0.0,779,97,6,1,31,1,0,0,0,0,0,0,1,0,1,0,1,0,5,1,4,6,0,0.034482758620689655,0
0,105000.0,0.0,880,121,10,1,20,1,0,0,0,0,0,1,0,0,0,1,1,0,4,0,5,2,1,0.038461538461538464,0
0,105000.0,0.0,884,120,10,1,17,5,0,0,0,1,0,0,0,0,0,1,1,0,4,1,4,18,0,0.06860158311345646,0
0,105000.0,0.0,900,122,6,1,24,3,1,0,0,0,0,0,0,0,0,1,0,0,7,0,5,11,1,0.0,0
1,158000.0,0.3191489361702128,1088,145,11,1,19,2,1,0,0,0,0,0,0,0,1,0,1,0,4,1,3,3,0,0.11428571428571428,1
1,247500.0,0.3582089552238806,869,121,10,1,17,5,0,0,0,1,0,0,0,0,0,1,1,0,4,1,2,19,0,0.05405405405405406,0
0,105000.0,0.0,672,92,6,1,15,1,0,0,1,0,0,0,0,0,0,1,1,0,4,1,3,9,0,0.03365384615384615,0
0,105000.0,0.0,715,96,6,1,16,2,0,0,1,0,0,0,0,0,1,0,1,0,5,0,1,4,0,0.053811659192825115,0
1,157000.0,0.23098591549295774,904,127,10,1,25,1,0,0,1,0,0,0,0,1,0,1,1,0,5,1,0,3,0,0.0967741935483871,0
1,91000.0,0.25,1248,167,11,1,15,1,1,0,0,0,0,0,0,0,0,0,1,0,6,0,2,5,0,0.16666666666666666,1
1,73750.0,0.3791208791208791,861,121,10,1,15,1,0,0,1,0,0,0,0,0,0,0,1,0,4,0,2,23,0,0.08888888888888889,0
0,105000.0,0.0,1148,151,11,1,24,2,0,0,0,0,1,0,0,0,1,0,0,1,7,1,5,10,1,0.08650519031141868,0
0,105000.0,0.0,1127,148,11,1,18,2,0,1,0,0,0,0,0,0,0,1,1,0,7,0,5,18,1,0.11235955056179775,1
1,81500.0,0.3781094527363184,706,95,6,1,25,1,1,0,0,0,0,0,0,1,0,0,1,0,7,0,5,21,1,0.2072072072072072,1
0,105000.0,0.0,1092,145,11,1,15,1,1,0,0,0,0,0,0,1,0,0,0,0,4,0,3,12,0,0.14634146341463414,1
0,105000.0,0.0,1155,152,11,1,32,3,0,0,1,0,0,0,0,1,0,0,1,0,7,1,4,16,0,0.0410958904109589,0
1,74000.0,0.3825136612021858,736,99,6,1,19,4,1,0,0,0,0,0,0,1,0,0,1,0,6,0,4,13,0,0.14492753623188406,1
0,105000.0,0.0,881,119,10,1,25,4,0,0,0,1,0,0,0,0,0,1,1,0,3,0,4,23,0,0.0,0
1,104750.0,0.2967479674796748,1126,147,11,1,29,3,0,0,1,0,0,0,0,0,1,0,1,0,4,1,3,2,0,0.07,0
1,145500.0,0.23100303951367782,1142,150,11,1,25,4,0,0,0,1,0,0,0,0,1,0,1,0,6,0,0,10,0,0.04081632653061224,0
0,105000.0,0.0,874,121,10,1,22,4,0,0,0,0,0,1,0,1,0,1,1,0,4,0,5,13,1,0.13253012048192772,1
1,177250.0,0.3587962962962963,875,116,6,1,17,5,0,0,0,1,0,0,0,1,0,1,1,0,5,1,4,22,0,0.044444444444444446,0
0,105000.0,0.0,1114,147,11,1,17,1,1,0,0,0,0,0,0,1,1,0,1,0,7,0,3,4,0,0.17777777777777778,1
1,68750.0,0.2919254658385093,909,123,10,1,28,1,0,0,0,1,0,0,0,0,0,1,1,0,4,0,5,18,1,0.11904761904761904,1
1,120500.0,0.2907801418439716,663,92,6,1,18,2,1,0,0,0,0,0,0,0,0,0,1,0,5,0,3,20,0,0.19047619047619047,1
1,114500.0,0.3284671532846715,896,121,10,1,35,5,0,0,0,1,0,0,0,0,0,1,1,0,3,1,3,2,0,0.05945945945945946,0
1,48250.0,0.3217391304347826,923,124,10,1,28,1,0,0,0,0,0,0,1,0,0,1,1,0,5,0,3,12,0,0.22,1
1,176250.0,0.37557603686635943,1106,146,11,1,24,3,1,0,0,0,0,0,0,0,0,1,0,0,5,0,0,20,0,0.09722222222222222,0
1,148250.0,0.19756838905775076,816,116,10,1,14,4,0,0,0,0,1,0,0,0,1,0,1,0,3,1,6,3,1,0.08015267175572519,0
1,73250.0,0.29651162790697677,997,140,10,1,14,1,0,0,0,0,1,0,0,0,0,1,1,0,4,1,2,10,0,0.02857142857142857,0
0,105000.0,0.0,756,98,6,1,25,4,0,0,0,1,0,0,0,1,0,1,0,0,5,1,3,17,0,0.05102040816326531,0
0,105000.0,0.0,642,88,6,1,12,3,0,1,0,0,0,0,0,0,1,0,0,0,3,0,4,14,0,0.022727272727272728,0
1,96500.0,0.21296296296296297,1097,145,11,1,16,2,0,0,1,0,0,0,0,0,0,1,1,0,4,1,2,19,0,0.09243697478991597,0
1,86500.0,0.39069767441860465,862,121,10,1,19,3,0,0,0,0,0,1,0,0,0,1,1,0,4,1,4,18,0,0.056074766355140186,0
1,84500.0,0.22105263157894736,672,91,6,1,13,2,0,0,0,1,0,0,0,1,0,0,1,0,3,0,1,0,0,0.10526315789473684,0
1,131000.0,0.367601246105919,1102,144,11,1,23,3,0,1,0,0,0,0,0,0,0,0,1,0,4,1,3,13,0,0.11299435028248588,1
1,53500.0,0.2459016393442623,893,116,6,1,28,1,0,0,0,0,0,0,1,0,1,0,1,0,4,1,1,5,0,0.19753086419753085,1
1,156250.0,0.23943661971830985,848,118,10,1,33,4,1,0,0,0,0,0,0,1,0,1,0,0,4,0,5,14,1,0.13333333333333333,1
1,157250.0,0.3788659793814433,898,125,10,1,15,3,0,0,1,0,0,0,0,1,0,1,1,0,6,0,4,1,0,0.10843373493975904,1
1,140750.0,0.3538011695906433,698,93,6,1,28,4,0,0,0,0,0,0,1,0,1,0,1,0,3,0,1,14,0,0.072,0
1,57750.0,0.20930232558139536,778,97,6,1,31,2,0,0,0,0,0,0,1,1,0,0,1,0,5,0,0,14,0,0.23076923076923078,1
1,148750.0,0.3918918918918919,994,139,10,1,14,3,0,0,0,0,1,0,0,0,1,0,1,0,4,0,0,0,0,0.07142857142857142,0
0,105000.0,0.0,1118,148,11,1,14,1,0,0,0,0,1,0,0,0,0,1,0,0,5,0,2,8,0,0.10638297872340426,0
1,105000.0,0.3969465648854962,1088,150,10,1,32,3,0,0,1,0,0,0,0,0,0,1,1,0,5,0,5,15,1,0.05389221556886228,0
0,105000.0,0.0,1099,146,11,1,24,3,0,0,0,0,1,0,0,0,1,0,1,0,3,0,1,7,0,0.04411764705882353,0
1,142000.0,0.24691358024691357,1241,164,11,1,18,3,1,0,0,0,0,0,0,1,0,0,0,1,3,0,5,17,1,0.06451612903225806,0
1,105000.0,0.359375,836,116,10,1,20,3,0,0,0,0,0,1,0,0,1,0,0,1,3,0,1,12,0,0.0967741935483871,0
0,105000.0,0.0,827,110,6,1,29,3,0,0,1,0,0,0,0,0,0,1,0,0,3,1,3,15,0,0.08333333333333333,0
1,241321.6,0.19466272465572237,692,92,6,1,14,5,0,1,0,0,0,0,0,0,0,0,1,0,4,1,5,7,1,0.0,0
1,88750.0,0.2766990291262136,1126,150,11,1,15,2,0,0,1,0,0,0,0,1,0,0,1,0,6,1,6,0,1,0.12295081967213115,1
1,76750.0,0.21511627906976744,1284,168,11,1,28,3,0,0,0,0,0,0,1,0,0,1,1,0,4,0,2,13,0,0.12777777777777777,1
1,178000.0,0.3364485981308411,1299,172,11,1,22,4,0,0,0,0,0,1,0,0,1,0,1,0,5,0,5,19,1,0.12,1
1,95500.0,0.22325581395348837,1122,146,11,1,28,3,0,0,0,0,0,0,1,0,1,0,1,0,4,1,3,3,0,0.1,0
0,105000.0,0.0,1128,147,11,1,24,3,0,0,0,0,0,0,1,0,1,0,1,0,4,1,1,21,0,0.1095890410958904,1
1,109750.0,0.1934156378600823,1101,146,11,1,24,3,0,0,0,0,1,0,0,1,0,0,1,0,3,1,4,23,0,0.1282051282051282,1
1,93392.0,0.2982755353420504,700,94,6,1,13,3,0,0,0,1,0,0,0,0,0,0,1,0,3,0,0,21,0,0.03278688524590164,0
1,110926.4,0.34558709477276256,1236,164,11,1,14,1,0,1,0,0,0,0,0,0,1,0,0,1,4,0,0,10,0,0.12631578947368421,1
1,55500.0,0.3181818181818182,858,118,10,1,28,1,0,0,0,1,0,0,0,0,0,0,1,0,3,1,0,15,0,0.175,1
1,83500.0,0.3465346534653465,1118,146,11,1,28,3,0,0,0,0,0,0,1,0,1,0,1,0,3,0,5,3,1,0.11363636363636363,1
1,82500.0,0.39805825242718446,846,120,10,1,17,5,0,0,0,1,0,0,0,0,0,1,1,0,4,0,5,3,1,0.038461538461538464,0
1,191250.0,0.38266384778012685,1125,148,11,1,21,3,0,1,0,0,0,0,0,1,1,0,1,0,6,0,1,17,0,0.13793103448275862,1
1,79000.0,0.3711340206185567,750,103,6,1,14,1,0,0,0,0,1,0,0,0,1,0,1,0,7,0,3,7,0,0.0784313725490196,0
1,107000.0,0.2948207171314741,1099,145,11,1,25,1,1,0,0,0,0,0,0,0,0,1,1,0,3,0,4,18,0,0.13636363636363635,1
1,126250.0,0.3865814696485623,743,98,6,1,19,3,0,0,0,0,0,1,0,1,1,0,1,0,6,0,1,4,0,0.125,1
1,144250.0,0.23547400611620795,898,122,10,1,33,4,1,0,0,0,0,0,0,1,0,0,1,0,6,0,0,7,0,0.14285714285714285,1
0,105000.0,0.0,1037,145,10,1,15,3,0,0,1,0,0,0,0,0,0,1,1,0,5,0,3,8,0,0.043478260869565216,0
1,189467.2,0.20433711187777234,878,122,10,1,15,3,1,0,0,0,0,0,0,0,1,0,0,0,7,0,1,15,0,0.0975609756097561,0
1,70250.0,0.33727810650887574,863,114,6,1,17,5,0,0,0,1,0,0,0,0,0,0,1,0,4,0,2,2,0,0.08333333333333333,0
1,221500.0,0.3562152133580705,879,123,10,1,17,3,0,1,0,0,0,0,0,0,0,1,1,0,6,0,0,20,0,0.06896551724137931,0
0,105000.0,0.0,945,131,10,1,26,4,0,0,0,0,1,0,0,1,1,0,1,0,7,0,5,2,1,0.07446808510638298,0
1,102750.0,0.3224489795918367,1243,165,11,1,13,3,0,0,0,1,0,0,0,0,0,1,1,0,3,0,5,9,1,0.0625,0
0,105000.0,0.0,908,126,10,1,13,3,0,0,0,1,0,0,0,0,1,0,1,0,6,0,3,16,0,0.041666666666666664,0
1,80000.0,0.2222222222222222,1063,145,10,1,32,2,0,0,0,1,0,0,0,0,0,1,1,0,4,1,4,2,0,0.0594059405940594,0
0,105000.0,0.0,886,127,10,1,24,3,0,0,0,0,1,0,0,0,0,0,1,0,5,0,3,2,0,0.09090909090909091,0
0,105000.0,0.0,887,120,6,1,25,1,1,0,0,0,0,0,0,0,0,1,1,0,7,0,2,11,0,0.05714285714285714,0
0,105000.0,0.0,915,125,10,1,32,0,0,0,0,1,0,0,0,0,1,0,1,0,5,0,6,9,1,0.0,0
1,169250.0,0.18498659517426275,1274,170,11,1,18,3,1,0,0,0,0,0,0,0,0,1,1,0,6,0,2,11,0,0.14893617021276595,1
1,144500.0,0.3988919667590028,931,127,10,1,28,3,0,0,0,1,0,0,0,1,1,0,1,0,5,0,4,2,0,0.15894039735099338,1
1,247000.0,0.296551724137931,1121,147,11,1,14,4,0,1,0,0,0,0,0,0,0,1,0,0,7,0,4,22,0,0.0,0
1,145000.0,0.3236994219653179,693,95,6,1,18,2,1,0,0,0,0,0,0,1,1,0,1,0,6,0,6,17,1,0.06896551724137931,0
1,121250.0,0.339041095890411,983,138,10,1,25,1,1,0,0,0,0,0,0,0,1,0,1,0,4,0,6,11,1,0.09433962264150944,0
0,105000.0,0.0,722,100,6,1,14,4,0,0,0,0,1,0,0,0,0,1,1,0,6,0,3,0,0,0.06451612903225806,0
0,105000.0,0.0,1090,145,11,1,19,1,0,0,0,0,0,1,0,1,0,1,1,0,3,0,3,20,0,0.1232876712328767,1
0,105000.0,0.0,731,96,6,1,28,2,0,0,0,0,0,0,1,0,1,0,1,0,4,1,3,7,0,0.09202453987730061,0
0,105000.0,0.0,934,129,10,1,25,1,0,0,1,0,0,0,0,0,0,0,1,0,6,0,0,0,0,0.08275862068965517,0
0,105000.0,0.0,916,126,10,1,32,3,0,0,1,0,0,0,0,0,1,0,0,0,5,1,3,4,0,0.04668304668304668,0
1,114750.0,0.2808988764044944,811,109,6,1,14,4,0,0,0,0,1,0,0,1,0,0,1,0,3,0,3,13,0,0.14893617021276595,1
0,105000.0,0.0,1103,147,11,1,18,2,1,0,0,0,0,0,0,1,0,0,1,0,6,1,6,10,1,0.11538461538461539,1
1,130750.0,0.1840277777777778,1150,151,11,1,28,3,0,0,0,1,0,0,0,0,1,0,0,1,6,0,2,10,0,0.08256880733944955,0
1,138500.0,0.26875,888,122,10,1,24,3,1,0,0,0,0,0,0,0,1,0,1,0,6,1,1,3,0,0.0967741935483871,0
0,105000.0,0.0,1041,145,10,1,33,4,1,0,0,0,0,0,0,0,1,0,1,0,7,0,5,22,1,0.06451612903225806,0
1,110500.0,0.32575757575757575,1063,146,10,1,14,2,0,1,0,0,0,0,0,0,0,0,0,0,7,0,0,8,0,0.08955223880597014,0
0,105000.0,0.0,868,121,10,1,25,1,1,0,0,0,0,0,0,0,0,1,1,0,5,0,0,17,0,0.11764705882352941,1
1,94250.0,0.3888888888888889,842,122,10,1,21,4,1,0,0,0,0,0,0,0,0,1,1,0,6,1,1,8,0,0.14016172506738545,1
1,90250.0,0.3811659192825112,673,94,6,1,14,4,0,0,0,0,1,0,0,1,0,1,1,0,3,1,0,19,0,0.16740088105726872,1
1,227750.0,0.32536764705882354,876,123,10,1,33,4,1,0,0,0,0,0,0,0,0,1,1,0,6,0,5,1,1,0.07407407407407407,0
0,105000.0,0.0,1116,146,11,1,16,4,0,0,1,0,0,0,0,0,0,0,1,0,4,0,1,15,0,0.011560693641618497,0
1,127750.0,0.3409090909090909,861,120,10,1,18,3,0,0,0,0,1,0,0,1,1,0,1,0,4,1,5,15,1,0.11258278145695365,1
0,105000.0,0.0,1051,144,10,1,16,3,0,0,1,0,0,0,0,0,0,1,1,0,6,0,6,2,1,0.05172413793103448,0
1,175500.0,0.26666666666666666,1103,146,11,1,15,3,1,0,0,0,0,0,0,0,1,0,1,0,6,0,5,1,1,0.09467455621301775,0
1,187750.0,0.19471153846153846,755,101,6,1,16,3,0,0,1,0,0,0,0,0,1,0,0,0,6,1,2,12,0,0.048,0
1,78750.0,0.359375,882,118,6,1,32,3,0,0,1,0,0,0,0,0,0,0,1,0,4,1,3,16,0,0.0975609756097561,0
1,57750.0,0.35,1266,169,11,1,14,0,0,0,0,0,1,0,0,0,1,0,1,0,6,0,2,19,0,0.1232876712328767,1
1,44500.0,0.20202020202020202,862,123,10,1,14,4,0,0,0,0,1,0,0,0,0,1,0,1,4,0,5,11,1,0.058823529411764705,0
1,116250.0,0.3741258741258741,701,94,6,1,24,3,0,0,0,0,1,0,0,1,0,1,1,0,4,0,3,11,0,0.1,0
1,144750.0,0.26646706586826346,1249,166,11,1,14,4,0,0,0,0,1,0,0,1,0,1,1,0,4,0,0,20,0,0.04918032786885246,0
1,195500.0,0.2583518930957684,888,122,10,1,33,3,1,0,0,0,0,0,0,1,0,0,0,0,5,0,2,10,0,0.11464968152866242,1
1,89750.0,0.22277227722772278,1113,146,11,1,23,1,0,1,0,0,0,0,0,1,0,1,1,0,5,1,1,10,0,0.12857142857142856,1
0,105000.0,0.0,1142,152,11,1,24,2,0,0,0,0,1,0,0,1,0,1,1,0,7,1,5,1,1,0.09433962264150944,0
1,170250.0,0.3862559241706161,1262,167,11,1,18,4,0,0,0,0,1,0,0,0,0,1,1,0,5,0,5,21,1,0.05084745762711865,0
1,143250.0,0.3047337278106509,786,103,6,1,32,3,0,0,0,1,0,0,0,0,1,0,1,0,6,1,5,9,1,0.09615384615384616,0
1,193750.0,0.2891832229580574,1086,145,11,1,13,4,0,0,0,1,0,0,0,1,1,0,1,0,3,1,6,18,1,0.09230769230769231,0
1,75878.4,0.2031519330214233,866,116,10,1,23,0,0,1,0,0,0,0,0,0,0,1,0,0,4,0,0,13,0,0.058823529411764705,0
1,146500.0,0.3585434173669468,832,114,10,1,23,3,0,1,0,0,0,0,0,0,0,1,1,0,3,1,0,17,0,0.08928571428571429,0
1,104062.40000000001,0.1881223972478724,839,117,10,1,15,2,1,0,0,0,0,0,0,0,0,0,1,0,4,0,6,1,1,0.07792207792207792,0
0,105000.0,0.0,1308,173,11,1,32,3,0,0,0,1,0,0,0,0,1,0,0,0,5,0,3,8,0,0.05263157894736842,0
1,70500.0,0.31137724550898205,738,94,6,1,24,3,0,0,0,0,0,0,1,0,0,1,1,0,4,1,3,9,0,0.1286549707602339,1
1,111500.0,0.22310756972111553,701,96,6,1,17,1,1,0,0,0,0,0,0,0,0,1,1,0,7,0,1,15,0,0.19402985074626866,1
0,105000.0,0.0,1113,146,11,1,25,4,0,0,0,1,0,0,0,1,1,0,0,1,4,1,3,9,0,0.11413043478260869,1
1,58250.0,0.2740740740740741,1319,173,11,1,31,2,0,0,0,0,0,0,1,0,0,1,0,1,5,1,5,5,1,0.11484593837535013,1
0,105000.0,0.0,724,96,6,1,18,1,0,0,1,0,0,0,0,0,1,0,0,0,5,0,3,8,0,0.05555555555555555,0
0,105000.0,0.0,710,94,6,1,28,1,0,0,0,0,0,0,1,0,0,1,1,0,3,1,2,14,0,0.06164383561643835,0
1,91478.4,0.3575429424943989,738,99,6,1,24,1,0,0,0,0,1,0,0,0,1,0,1,0,6,0,1,18,0,0.08163265306122448,0
1,90000.0,0.24390243902439024,870,118,6,1,33,1,1,0,0,0,0,0,0,0,0,1,1,0,5,0,2,19,0,0.12903225806451613,1
1,38250.0,0.3894736842105263,1129,149,11,1,22,4,0,0,0,0,0,1,0,0,0,1,1,0,5,0,6,19,1,0.11594202898550725,1
1,135500.0,0.3271604938271605,1284,171,11,1,18,2,0,1,0,0,0,0,0,0,1,0,0,0,6,0,4,19,0,0.11940298507462686,1
1,92872.0,0.23343224530168147,1041,147,10,1,25,1,0,0,1,0,0,0,0,0,0,1,1,0,5,0,3,7,0,0.08,0
1,189500.0,0.37687366167023556,1013,140,10,1,12,4,0,1,0,0,0,0,0,0,0,1,1,0,6,0,6,0,1,0.09090909090909091,0
0,105000.0,0.0,708,96,6,1,24,3,0,0,0,0,1,0,0,0,0,0,1,0,3,0,0,21,0,0.21052631578947367,1
1,77500.0,0.24858757062146894,918,124,6,1,26,4,0,0,0,0,1,0,0,1,0,1,1,0,7,0,1,9,0,0.1743119266055046,1
1,55250.0,0.3383458646616541,1147,150,11,1,29,1,0,0,1,0,0,0,0,0,0,1,0,0,6,1,4,16,0,0.13513513513513514,1
1,64500.0,0.2206896551724138,714,94,6,1,22,2,0,0,0,0,0,1,0,0,0,1,0,0,5,1,0,17,0,0.09032258064516129,0
1,126500.0,0.33003300330033003,1146,151,11,1,25,4,0,0,0,1,0,0,0,1,1,0,1,0,6,1,3,5,0,0.09636363636363636,0
1,54750.0,0.3897058823529412,876,114,6,1,22,1,0,0,0,0,0,1,0,0,0,1,1,0,5,0,6,7,1,0.15384615384615385,1
1,91250.0,0.22815533980582525,1130,150,11,1,14,4,0,0,0,0,1,0,0,0,1,0,1,0,7,0,5,16,1,0.06779661016949153,0
1,79500.0,0.36082474226804123,1132,149,11,1,22,4,0,0,0,0,0,1,0,1,0,0,1,0,5,0,0,14,0,0.1780821917808219,1
1,112750.0,0.36,1282,170,11,1,13,2,0,1,0,0,0,0,0,0,0,1,0,1,6,1,2,11,0,0.10606060606060606,0
1,198000.0,0.2967741935483871,856,121,10,1,14,4,0,0,0,0,1,0,0,1,1,0,1,0,5,0,4,13,0,0.08,0
0,105000.0,0.0,1100,145,11,1,17,2,1,0,0,0,0,0,0,0,0,1,1,0,4,0,6,2,1,0.06666666666666667,0
1,108250.0,0.2952755905511811,932,126,10,1,29,3,0,0,1,0,0,0,0,1,0,0,1,0,6,0,1,14,0,0.15789473684210525,1
1,50750.0,0.29411764705882354,677,88,6,1,22,4,0,0,0,0,0,1,0,0,0,0,0,1,3,0,5,16,1,0.09821428571428571,0
0,105000.0,0.0,1113,146,11,1,20,2,0,0,0,0,0,1,0,0,0,1,1,0,4,0,5,8,1,0.041666666666666664,0
1,216000.0,0.2924901185770751,724,95,6,1,28,4,0,0,0,1,0,0,0,0,1,0,1,0,4,0,3,14,0,0.06756756756756757,0
1,90250.0,0.20398009950248755,805,112,6,1,24,2,0,0,0,0,1,0,0,0,1,0,1,0,3,0,1,8,0,0.08888888888888889,0
1,107078.4,0.39516757599376473,1130,149,11,1,33,4,1,0,0,0,0,0,0,0,0,1,1,0,7,1,1,10,0,0.16666666666666666,1
1,159750.0,0.1846590909090909,1292,169,11,1,32,4,0,0,0,1,0,0,0,0,0,0,1,0,5,1,6,13,1,0.025,0
1,202250.0,0.2526997840172786,701,94,6,1,13,3,0,1,0,0,0,0,0,0,1,0,1,0,6,1,2,6,0,0.08287292817679558,0
1,72750.0,0.2037037037037037,925,120,6,1,28,3,0,0,0,0,0,0,1,0,0,1,1,0,5,1,4,22,0,0.12684365781710916,1
0,105000.0,0.0,891,126,10,1,14,3,0,0,0,0,1,0,0,0,1,0,1,0,6,1,2,8,0,0.05202312138728324,0
1,94250.0,0.2300469483568075,833,117,10,1,15,2,0,0,1,0,0,0,0,1,0,1,1,0,3,0,4,15,0,0.11764705882352941,1
1,87000.0,0.233502538071066,772,100,6,1,32,2,0,0,0,1,0,0,0,1,0,1,1,0,6,1,5,3,1,0.05389221556886228,0
1,128750.0,0.27181208053691275,1098,144,11,1,12,2,0,1,0,0,0,0,0,1,1,0,1,0,4,0,1,18,0,0.19230769230769232,1
0,105000.0,0.0,752,96,6,1,22,3,0,0,0,0,0,1,0,1,0,1,1,0,6,0,6,9,1,0.075,0
1,72750.0,0.33714285714285713,1107,144,11,1,28,2,0,0,0,0,0,0,1,0,1,0,0,1,3,1,6,13,1,0.07792207792207792,0
1,134000.0,0.2709677419354839,1070,147,10,1,18,3,0,1,0,0,0,0,0,1,0,1,1,0,7,1,5,7,1,0.16,1
1,103750.0,0.37890625,969,133,10,1,32,3,0,0,1,0,0,0,0,0,0,1,0,0,7,1,5,13,1,0.06976744186046512,0
1,57500.0,0.34532374100719426,1129,147,11,1,31,1,0,0,0,0,0,0,1,0,1,0,0,0,4,0,5,2,1,0.0784313725490196,0
1,109750.0,0.35580524344569286,993,136,10,1,14,2,0,0,1,0,0,0,0,0,0,1,1,0,3,0,3,17,0,0.09523809523809523,0
1,107250.0,0.33073929961089493,813,112,6,1,17,1,1,0,0,0,0,0,0,0,0,1,1,0,3,0,4,7,0,0.13278008298755187,1
0,105000.0,0.0,1100,144,11,1,24,1,0,0,0,0,0,0,1,0,1,0,1,0,3,0,3,16,0,0.18421052631578946,1
1,88750.0,0.3333333333333333,899,118,6,1,18,3,0,0,1,0,0,0,0,0,0,1,1,0,6,1,0,10,0,0.104,0
0,105000.0,0.0,1043,144,10,1,35,5,0,0,0,1,0,0,0,0,0,1,1,0,4,0,1,12,0,0.0625,0
1,70250.0,0.3850574712643678,1099,146,11,1,21,0,0,1,0,0,0,0,0,0,1,0,1,0,4,0,4,14,0,0.08,0
0,105000.0,0.0,644,90,6,1,19,0,1,0,0,0,0,0,0,0,1,0,1,0,3,1,2,21,0,0.07317073170731707,0
1,124750.0,0.31986531986531985,1095,152,10,1,14,2,0,0,1,0,0,0,0,0,1,0,1,0,7,0,1,18,0,0.06818181818181818,0
1,97000.0,0.3697478991596639,694,92,6,1,22,3,0,0,0,0,0,1,0,0,0,1,0,1,4,0,0,12,0,0.10256410256410256,0
0,105000.0,0.0,693,90,6,1,28,3,0,0,0,0,0,0,1,0,0,0,1,0,3,1,1,8,0,0.0,0
1,132250.0,0.382262996941896,912,129,10,1,14,3,0,0,0,0,1,0,0,1,1,0,1,0,7,0,2,21,0,0.14285714285714285,1
1,66750.0,0.19594594594594594,902,123,10,1,25,4,0,0,0,1,0,0,0,1,0,1,1,0,4,1,0,13,0,0.125,1
0,105000.0,0.0,1061,151,10,1,14,4,0,0,0,0,1,0,0,0,1,0,1,0,6,0,5,20,1,0.125,1
1,251000.0,0.28960817717206133,818,117,10,1,17,3,0,1,0,0,0,0,0,1,0,0,1,0,3,0,6,15,1,0.09375,0
1,106000.0,0.2033898305084746,875,123,10,1,25,4,0,0,0,1,0,0,0,0,0,1,1,0,4,0,5,11,1,0.07446808510638298,0
0,105000.0,0.0,1114,146,11,1,23,4,0,1,0,0,0,0,0,1,1,0,1,0,6,1,6,2,1,0.05555555555555555,0
0,105000.0,0.0,699,96,6,1,24,1,0,0,0,0,1,0,0,0,0,1,1,0,4,0,0,17,0,0.09433962264150944,0
1,66250.0,0.20945945945945946,1307,172,11,1,35,5,0,0,0,1,0,0,0,1,0,1,0,0,6,0,5,5,1,0.15625,1
1,73750.0,0.32386363636363635,795,106,6,1,32,3,0,0,1,0,0,0,0,0,0,0,0,0,7,1,0,16,0,0.078125,0
0,105000.0,0.0,1291,171,11,1,24,1,0,0,0,0,1,0,0,0,0,0,1,0,7,0,5,3,1,0.09230769230769231,0
0,105000.0,0.0,688,94,6,1,21,4,1,0,0,0,0,0,0,1,1,0,0,0,6,0,5,11,1,0.02702702702702703,0
1,162750.0,0.23097826086956522,869,119,10,1,23,3,0,1,0,0,0,0,0,1,0,1,1,0,5,1,0,5,0,0.1023454157782516,0
1,133250.0,0.375,728,99,6,1,14,2,0,0,1,0,0,0,0,1,1,0,0,0,6,0,0,15,0,0.1111111111111111,1
0,105000.0,0.0,1112,147,11,1,25,3,1,0,0,0,0,0,0,1,0,1,1,0,5,0,6,22,1,0.0641025641025641,0
1,60500.0,0.3194444444444444,1139,149,11,1,28,1,0,0,0,0,0,0,1,1,1,0,1,0,5,1,3,10,0,0.13068181818181818,1
1,155500.0,0.2722222222222222,666,90,6,1,18,4,0,0,1,0,0,0,0,0,1,0,1,0,3,0,5,3,1,0.08333333333333333,0
1,95500.0,0.3949579831932773,1271,169,11,1,18,3,0,0,1,0,0,0,0,0,0,0,1,0,3,1,5,5,1,0.11363636363636363,1
1,59250.0,0.27007299270072993,867,112,6,1,31,1,0,0,0,0,0,0,1,0,1,0,1,0,3,1,1,5,0,0.21897810218978103,1
1,146078.4,0.28527832031250006,864,121,10,1,14,2,0,1,0,0,0,0,0,0,1,0,1,0,6,0,1,8,0,0.12,1
1,178750.0,0.3136792452830189,1061,147,10,1,21,3,0,1,0,0,0,0,0,0,1,0,1,0,6,1,0,13,0,0.13580246913580246,1
0,105000.0,0.0,871,119,10,1,23,3,0,1,0,0,0,0,0,0,1,0,1,0,5,0,5,15,1,0.0625,0
0,105000.0,0.0,756,98,6,1,24,4,0,0,0,0,0,0,1,1,0,1,0,0,5,0,6,19,1,0.07575757575757576,0
0,105000.0,0.0,1002,141,10,1,24,3,0,0,0,0,1,0,0,0,0,0,0,1,4,1,6,23,1,0.06666666666666667,0
0,105000.0,0.0,733,97,6,1,22,4,0,0,0,0,0,1,0,0,1,0,1,0,4,0,4,18,0,0.09322033898305085,0
0,105000.0,0.0,1130,148,11,1,25,1,1,0,0,0,0,0,0,0,0,1,1,0,6,0,5,19,1,0.010101010101010102,0
1,99750.0,0.20270270270270271,1252,166,11,1,33,1,1,0,0,0,0,0,0,0,0,1,1,0,3,1,6,11,1,0.06179775280898876,0
1,121950.40000000001,0.2611209964412811,1287,171,11,1,28,3,0,0,0,1,0,0,0,0,0,1,1,0,3,0,0,10,0,0.06521739130434782,0
1,61500.0,0.19117647058823528,1265,165,11,1,28,3,0,0,0,0,0,0,1,0,0,0,1,0,3,0,3,12,0,0.13725490196078433,1
0,105000.0,0.0,877,120,6,1,16,4,0,0,1,0,0,0,0,0,1,0,1,0,4,0,2,2,0,0.024390243902439025,0
0,105000.0,0.0,1145,149,11,1,20,5,0,0,0,0,0,1,0,0,0,1,1,0,6,0,3,15,0,0.0,0
1,134000.0,0.31974921630094044,763,102,6,1,32,3,0,0,1,0,0,0,0,0,0,1,1,0,6,1,6,5,1,0.07378640776699029,0
0,105000.0,0.0,908,126,10,1,13,4,0,0,0,1,0,0,0,1,0,0,1,0,6,0,2,0,0,0.038461538461538464,0
0,105000.0,0.0,827,111,6,1,25,1,0,0,1,0,0,0,0,1,0,0,1,0,3,0,0,1,0,0.09090909090909091,0
0,105000.0,0.0,856,115,6,1,14,2,0,1,0,0,0,0,0,1,1,0,0,0,6,0,4,11,0,0.0625,0
1,188500.0,0.2505800464037123,842,114,6,1,19,4,1,0,0,0,0,0,0,0,1,0,1,0,4,0,4,9,0,0.13432835820895522,1
0,105000.0,0.0,864,118,10,1,29,2,0,0,1,0,0,0,0,0,0,1,1,0,4,0,6,11,1,0.09090909090909091,0
0,105000.0,0.0,874,119,10,1,20,1,0,0,0,0,0,1,0,0,1,0,0,0,4,1,5,8,1,0.12403100775193798,1
1,107250.0,0.21991701244813278,1093,150,10,1,17,5,0,0,0,1,0,0,0,0,1,0,1,0,6,1,5,10,1,0.10869565217391304,1
1,131750.0,0.3322784810126582,889,118,6,1,18,3,0,1,0,0,0,0,0,0,0,0,0,1,7,1,2,3,0,0.1780821917808219,1
0,105000.0,0.0,734,96,6,1,16,1,0,0,1,0,0,0,0,0,0,1,1,0,6,1,3,10,0,0.08771929824561403,0
0,105000.0,0.0,703,93,6,1,15,3,0,0,1,0,0,0,0,1,1,0,1,0,4,1,1,5,0,0.02877697841726619,0
1,180000.0,0.30985915492957744,1118,147,11,1,18,3,1,0,0,0,0,0,0,1,1,0,1,0,7,0,1,2,0,0.06666666666666667,0
1,83500.0,0.37073170731707317,1139,150,11,1,19,3,0,0,0,0,0,1,0,1,0,0,1,0,6,0,1,11,0,0.17142857142857143,1
0,105000.0,0.0,936,130,10,1,26,4,0,0,0,0,1,0,0,1,0,0,0,0,7,0,2,13,0,0.08,0
1,71448.0,0.24923547400611623,918,120,6,1,28,3,0,0,0,0,0,0,1,0,0,1,1,0,4,0,1,23,0,0.1984732824427481,1
0,105000.0,0.0,714,96,6,1,25,2,1,0,0,0,0,0,0,1,1,0,1,0,7,0,6,18,1,0.053763440860215055,0
0,105000.0,0.0,1246,166,11,1,21,4,1,0,0,0,0,0,0,0,1,0,1,0,5,1,1,12,0,0.04424778761061947,0
1,67250.0,0.39880952380952384,1282,169,11,1,18,2,0,0,1,0,0,0,0,0,0,0,1,0,4,0,5,18,1,0.125,1
1,102731.2,0.34749874518989465,827,108,6,1,32,3,0,0,0,1,0,0,0,0,0,1,1,0,3,0,2,14,0,0.06666666666666667,0
1,50000.0,0.3050847457627119,1061,147,10,1,28,2,0,0,0,0,0,0,1,1,0,1,1,0,4,1,5,13,1,0.19469026548672566,1
1,152000.0,0.325068870523416,1011,143,10,1,14,4,0,0,0,0,1,0,0,1,0,0,1,0,3,0,1,21,0,0.06930693069306931,0
1,128000.0,0.389937106918239,794,110,6,1,12,2,0,1,0,0,0,0,0,1,0,1,0,1,4,0,2,4,0,0.21739130434782608,1
1,58500.0,0.291970802919708,1094,147,11,1,14,1,0,0,0,0,1,0,0,0,0,1,0,0,3,1,2,21,0,0.14583333333333334,1
0,105000.0,0.0,813,111,6,1,24,4,0,0,0,0,1,0,0,1,0,0,1,0,3,1,5,11,1,0.037037037037037035,0
0,105000.0,0.0,656,91,6,1,19,1,1,0,0,0,0,0,0,1,1,0,1,0,3,0,0,10,0,0.10465116279069768,0
1,99250.0,0.21973094170403587,689,90,6,1,28,4,0,0,0,0,0,0,1,0,0,1,1,0,3,0,0,7,0,0.08333333333333333,0
0,105000.0,0.0,1124,148,11,1,32,3,0,0,1,0,0,0,0,0,1,0,1,0,4,0,3,18,0,0.07207207207207207,0
0,105000.0,0.0,756,102,6,1,26,4,0,0,0,0,1,0,0,0,1,0,1,0,6,0,4,15,0,0.1016949152542373,0
1,181250.0,0.30210772833723654,882,124,10,1,19,3,1,0,0,0,0,0,0,0,1,0,0,1,7,1,4,9,0,0.08870967741935484,0
1,65250.0,0.1875,1117,146,11,1,29,1,0,0,1,0,0,0,0,1,0,0,1,0,3,0,0,15,0,0.17857142857142858,1
1,99548.8,0.2615328732292046,1107,147,11,1,14,4,0,0,0,0,1,0,0,0,1,0,0,1,4,0,0,5,0,0.109375,1
1,264250.0,0.22948073701842547,858,114,6,1,14,4,0,0,1,0,0,0,0,1,1,0,1,0,5,1,6,14,1,0.1,0
1,156000.0,0.29508196721311475,919,129,10,1,26,4,0,0,0,0,1,0,0,0,1,0,0,1,6,0,5,1,1,0.16071428571428573,1
1,114000.0,0.23938223938223938,859,121,10,1,17,3,0,1,0,0,0,0,0,0,0,1,1,0,5,1,6,8,1,0.07929515418502203,0
1,101000.0,0.3236514522821577,662,88,6,1,14,4,0,0,0,0,1,0,0,0,0,1,1,0,4,0,5,22,1,0.04,0
1,89250.0,0.3991031390134529,1279,170,11,1,35,5,0,0,0,1,0,0,0,1,0,0,1,0,3,1,4,4,0,0.15217391304347827,1
1,117000.0,0.18604651162790697,867,115,6,1,17,5,0,0,0,1,0,0,0,0,1,0,1,0,5,1,3,4,0,0.05660377358490566,0
1,91500.0,0.22330097087378642,924,129,10,1,19,4,1,0,0,0,0,0,0,1,0,1,1,0,6,1,4,19,0,0.14556962025316456,1
1,178500.0,0.37727272727272726,1021,143,10,1,18,3,1,0,0,0,0,0,0,1,0,1,1,0,7,1,4,16,0,0.13861386138613863,1
1,79601.6,0.31979806848112385,1015,141,10,1,18,2,0,0,1,0,0,0,0,0,1,0,1,0,3,0,4,12,0,0.07526881720430108,0
0,105000.0,0.0,857,121,10,1,19,3,0,0,0,0,0,1,0,1,0,1,1,0,4,1,1,9,0,0.052083333333333336,0
0,105000.0,0.0,907,120,6,1,17,5,0,0,0,1,0,0,0,0,0,1,1,0,5,0,0,21,0,0.036585365853658534,0
1,133250.0,0.3549382716049383,871,120,6,1,24,4,0,0,0,0,1,0,0,1,0,0,1,0,5,1,4,5,0,0.1590909090909091,1
1,56500.0,0.24806201550387597,1149,150,11,1,29,1,0,0,1,0,0,0,0,0,0,0,1,0,6,0,5,16,1,0.18,1
1,147750.0,0.28695652173913044,1278,170,11,1,15,3,0,0,1,0,0,0,0,0,0,1,1,0,4,0,5,6,1,0.022727272727272728,0
1,155250.0,0.275,1291,172,11,1,26,4,0,0,0,0,1,0,0,0,0,1,1,0,4,0,1,14,0,0.03225806451612903,0
1,139750.0,0.37971014492753624,763,100,6,1,25,4,0,0,0,1,0,0,0,0,1,0,1,0,6,0,3,7,0,0.06060606060606061,0
0,105000.0,0.0,708,94,6,1,29,0,0,0,1,0,0,0,0,0,1,0,1,0,4,1,1,15,0,0.11333333333333333,1
0,105000.0,0.0,1090,145,11,1,18,3,0,0,1,0,0,0,0,0,0,0,0,0,3,1,2,19,0,0.015267175572519083,0
0,105000.0,0.0,1029,142,10,1,15,1,1,0,0,0,0,0,0,1,0,1,1,0,7,0,2,21,0,0.0958904109589041,0
1,218750.0,0.28431372549019607,704,94,6,1,35,5,0,0,0,1,0,0,0,1,0,1,1,0,3,1,6,2,1,0.05641025641025641,0
1,69000.0,0.24203821656050956,1127,148,11,1,22,1,0,0,0,0,0,1,0,0,1,0,0,0,5,1,4,16,0,0.14093959731543623,1
1,144000.0,0.3008849557522124,708,92,6,1,18,4,0,0,1,0,0,0,0,1,0,1,0,1,5,1,0,3,0,0.023809523809523808,0
1,157250.0,0.26243093922651933,877,125,10,1,21,4,1,0,0,0,0,0,0,0,0,0,1,0,7,0,3,18,0,0.07317073170731707,0
0,105000.0,0.0,1256,165,11,1,32,3,0,0,0,1,0,0,0,0,1,0,0,0,3,0,3,13,0,0.0,0
1,61250.0,0.2116788321167883,716,94,6,1,29,2,0,0,1,0,0,0,0,0,0,1,1,0,4,1,6,12,1,0.1487603305785124,1
0,105000.0,0.0,952,129,10,1,32,3,0,0,0,1,0,0,0,0,0,1,1,0,6,0,3,15,0,0.09090909090909091,0
1,179000.0,0.20551378446115287,775,103,6,1,16,3,0,0,1,0,0,0,0,0,1,0,0,0,7,0,1,17,0,0.03,0
1,118500.0,0.27007299270072993,1027,143,10,1,19,4,1,0,0,0,0,0,0,0,0,1,0,0,5,0,1,0,0,0.049019607843137254,0
1,191500.0,0.36324786324786323,668,88,6,1,25,3,1,0,0,0,0,0,0,0,0,1,1,0,3,0,3,15,0,0.14583333333333334,1
1,148750.0,0.3875338753387534,1017,141,10,1,20,4,0,0,0,0,0,1,0,1,0,1,1,0,3,1,2,4,0,0.07727272727272727,0
1,97250.0,0.2237442922374429,712,94,6,1,29,3,0,0,1,0,0,0,0,0,1,0,1,0,3,1,4,9,0,0.09090909090909091,0
1,132000.0,0.19795221843003413,1253,166,11,1,13,3,0,1,0,0,0,0,0,0,0,0,1,0,6,0,3,7,0,0.14634146341463414,1
1,95250.0,0.32894736842105265,899,117,6,1,20,3,0,0,0,0,0,1,0,1,0,0,1,0,6,0,5,7,1,0.10606060606060606,0
1,52500.0,0.3464566929133858,882,121,10,1,29,1,0,0,1,0,0,0,0,0,0,0,1,0,4,0,2,22,0,0.10869565217391304,1
1,60250.0,0.22794117647058823,1023,139,10,1,22,2,0,0,0,0,0,1,0,0,0,0,0,0,4,1,3,8,0,0.08080808080808081,0
1,187500.0,0.30699774266365687,874,120,10,1,22,5,0,0,0,0,0,1,0,0,0,1,1,0,4,0,3,8,0,0.0,0
1,136250.0,0.3484848484848485,1103,155,10,1,19,4,1,0,0,0,0,0,0,0,1,0,1,0,7,1,1,13,0,0.06329113924050633,0
1,69000.0,0.3668639053254438,719,93,6,1,28,2,0,0,0,0,0,0,1,0,1,0,0,0,3,1,2,21,0,0.1388888888888889,1
1,219750.0,0.23847695390781562,672,89,6,1,25,1,1,0,0,0,0,0,0,1,1,0,1,0,3,0,0,12,0,0.05,0
0,105000.0,0.0,728,95,6,1,32,0,0,0,0,1,0,0,0,0,1,0,0,0,4,1,5,19,1,0.038461538461538464,0
1,78000.0,0.24719101123595505,700,92,6,1,24,3,0,0,0,0,0,0,1,0,0,1,1,0,3,0,1,18,0,0.17142857142857143,1
1,88750.0,0.28502415458937197,879,119,6,1,28,1,0,0,0,1,0,0,0,1,1,0,0,0,3,1,2,2,0,0.1322314049586777,1
0,105000.0,0.0,1281,169,11,1,19,2,0,0,0,0,0,1,0,1,0,0,0,0,6,0,5,22,1,0.06060606060606061,0
0,105000.0,0.0,1317,173,11,1,24,1,0,0,0,0,0,0,1,0,0,1,1,0,5,1,0,9,0,0.09818181818181818,0
1,158750.0,0.2062146892655367,1101,147,11,1,14,3,0,0,1,0,0,0,0,0,0,1,1,0,4,1,6,15,1,0.07547169811320754,0
1,214750.0,0.3731060606060606,907,126,10,1,13,4,0,0,0,1,0,0,0,0,1,0,0,0,6,0,2,22,0,0.013333333333333334,0
0,105000.0,0.0,947,127,6,1,28,1,0,0,0,1,0,0,0,0,1,0,1,0,6,0,5,12,1,0.05,0
1,90750.0,0.36486486486486486,921,129,10,1,14,2,0,0,0,0,1,0,0,0,1,0,0,0,7,0,3,17,0,0.0425531914893617,0
0,105000.0,0.0,912,123,10,1,28,1,0,0,0,0,0,0,1,0,0,1,0,0,4,1,6,13,1,0.08571428571428572,0
0,105000.0,0.0,1139,149,11,1,19,4,0,0,0,0,0,1,0,0,0,1,0,0,6,0,4,0,0,0.09,0
1,168250.0,0.2699228791773779,881,118,6,1,25,3,1,0,0,0,0,0,0,0,0,1,1,0,7,0,5,15,1,0.09063444108761329,0
0,105000.0,0.0,743,98,6,1,17,5,0,0,0,1,0,0,0,1,0,0,1,0,5,0,2,17,0,0.0625,0
0,105000.0,0.0,1120,148,11,1,17,3,0,1,0,0,0,0,0,1,0,1,1,0,6,0,6,16,1,0.1111111111111111,1
0,105000.0,0.0,1295,169,11,1,31,3,0,0,0,0,0,0,1,1,0,1,1,0,5,0,1,9,0,0.08695652173913043,0
1,166250.0,0.23607427055702918,1267,170,11,1,25,3,1,0,0,0,0,0,0,0,0,0,0,1,4,1,4,17,0,0.013157894736842105,0
1,152250.0,0.376,750,98,6,1,25,3,0,1,0,0,0,0,0,1,0,1,1,0,7,1,4,13,0,0.12462006079027356,1
1,123073.6,0.22110326168645725,1040,145,10,1,18,3,0,0,0,0,1,0,0,1,1,0,1,0,5,0,1,23,0,0.13076923076923078,1
1,141750.0,0.3659942363112392,1055,149,10,1,17,3,0,1,0,0,0,0,0,1,0,1,1,0,7,0,6,13,1,0.0967741935483871,0
1,47000.0,0.39316239316239315,987,138,10,1,14,4,0,0,0,0,1,0,0,1,0,1,1,0,4,1,2,18,0,0.08438818565400844,0
1,61750.0,0.3961038961038961,1291,169,11,1,28,3,0,0,0,0,0,0,1,0,0,0,1,0,5,1,4,16,0,0.17391304347826086,1
1,97760.0,0.19489247311827954,1073,146,10,1,29,3,0,0,1,0,0,0,0,0,0,1,0,1,5,0,6,10,1,0.09027777777777778,0
1,84052.79999999999,0.38307661532306464,875,117,6,1,14,2,0,0,0,0,1,0,0,1,0,0,1,0,6,0,3,9,0,0.175,1
1,165464.0,0.35538556956791395,1082,143,11,1,18,2,1,0,0,0,0,0,0,1,1,0,0,0,3,1,2,11,0,0.18181818181818182,1
1,160750.0,0.3596938775510204,999,140,10,1,21,3,0,1,0,0,0,0,0,0,0,1,0,1,3,0,4,11,0,0.058823529411764705,0
0,105000.0,0.0,721,96,6,1,33,3,1,0,0,0,0,0,0,1,0,1,1,0,6,0,5,3,1,0.06756756756756757,0
1,105622.40000000001,0.38073979591836726,910,129,10,1,14,4,0,0,0,0,1,0,0,0,0,1,1,0,7,0,6,5,1,0.06521739130434782,0
0,105000.0,0.0,837,114,6,1,28,4,0,0,0,1,0,0,0,1,0,0,0,0,3,0,3,19,0,0.014925373134328358,0
1,97000.0,0.33476394849785407,1043,146,10,1,14,2,0,0,1,0,0,0,0,1,0,0,1,0,6,0,6,22,1,0.0759493670886076,0
1,114961.6,0.2983374384236453,894,122,10,1,14,1,0,1,0,0,0,0,0,1,1,0,1,0,7,0,5,20,1,0.2619047619047619,1
1,103750.0,0.3466135458167331,1129,148,11,1,35,5,0,0,0,1,0,0,0,0,0,1,1,0,4,1,2,6,0,0.05084745762711865,0
1,118250.0,0.29856115107913667,1088,143,11,1,18,2,0,1,0,0,0,0,0,1,0,0,1,0,3,0,2,14,0,0.1794871794871795,1
0,105000.0,0.0,1114,147,11,1,13,2,0,1,0,0,0,0,0,0,0,1,0,0,6,1,5,1,1,0.03305785123966942,0
0,105000.0,0.0,1083,143,11,1,17,5,1,0,0,0,0,0,0,0,0,0,0,1,3,0,2,0,0,0.023255813953488372,0
0,105000.0,0.0,1123,148,11,1,33,3,1,0,0,0,0,0,0,1,0,1,0,1,5,0,5,12,1,0.08653846153846154,0
0,105000.0,0.0,1139,148,11,1,28,1,0,0,0,0,0,0,1,1,0,0,1,0,5,0,1,15,0,0.21052631578947367,1
1,79750.0,0.37244897959183676,892,121,10,1,28,3,0,0,0,0,0,0,1,0,1,0,1,0,4,1,3,9,0,0.16129032258064516,1
0,105000.0,0.0,890,122,10,1,28,1,0,0,0,0,0,0,1,1,1,0,0,0,4,0,3,6,0,0.07142857142857142,0
0,105000.0,0.0,1299,173,11,1,16,0,0,0,1,0,0,0,0,1,0,1,1,0,6,0,5,6,1,0.11224489795918367,1
0,105000.0,0.0,708,96,6,1,28,2,0,0,0,1,0,0,0,0,0,0,1,0,4,0,2,9,0,0.03389830508474576,0
1,77250.0,0.35638297872340424,845,117,10,1,20,2,0,0,0,0,0,1,0,0,1,0,1,0,3,1,6,16,1,0.1742627345844504,1
0,105000.0,0.0,906,122,10,1,28,0,0,0,0,1,0,0,0,0,0,1,1,0,4,0,5,1,1,0.03225806451612903,0
0,105000.0,0.0,1120,147,11,1,24,2,0,0,0,0,0,0,1,0,0,0,1,0,3,0,2,13,0,0.09448818897637795,0
1,84750.0,0.20634920634920634,740,102,6,1,14,2,0,0,0,0,1,0,0,0,0,1,1,0,7,0,4,22,0,0.11320754716981132,1
1,61000.0,0.2695035460992908,816,112,6,1,24,1,0,0,0,0,1,0,0,0,0,0,0,0,3,0,4,7,0,0.14432989690721648,1
0,105000.0,0.0,1012,139,10,1,28,2,0,0,0,0,0,0,1,0,0,0,0,0,3,0,6,10,1,0.04878048780487805,0
0,105000.0,0.0,689,92,6,1,19,0,0,0,0,0,0,1,0,0,0,1,1,0,4,0,2,13,0,0.06521739130434782,0
1,51250.0,0.24786324786324787,1134,148,11,1,28,1,0,0,0,0,0,0,1,0,0,1,1,0,4,0,1,3,0,0.17768595041322313,1
0,105000.0,0.0,892,126,10,1,18,2,0,0,0,0,1,0,0,1,1,0,1,0,6,0,6,22,1,0.07086614173228346,0
0,105000.0,0.0,825,113,6,1,15,0,1,0,0,0,0,0,0,1,0,0,1,0,6,0,4,11,0,0.07,0
1,164750.0,0.39659367396593675,845,121,10,1,24,3,1,0,0,0,0,0,0,0,1,0,1,0,5,0,1,14,0,0.125,1
1,47000.0,0.24299065420560748,888,121,10,1,28,1,0,0,0,0,0,0,1,0,0,1,0,1,4,1,5,23,1,0.25,1
1,65500.0,0.22972972972972974,835,114,6,1,14,4,0,0,0,0,1,0,0,0,0,0,1,0,4,0,3,17,0,0.13636363636363635,1
0,105000.0,0.0,861,121,10,1,18,1,0,0,0,0,1,0,0,1,0,0,1,0,4,1,3,9,0,0.09375,0
1,47000.0,0.32142857142857145,896,119,6,1,18,0,0,0,1,0,0,0,0,0,1,0,0,1,6,1,1,4,0,0.1,0
1,155250.0,0.23579545454545456,707,94,6,1,33,3,1,0,0,0,0,0,0,1,0,1,1,0,4,0,1,17,0,0.13445378151260504,1
1,145250.0,0.22324159021406728,1099,146,11,1,17,3,0,1,0,0,0,0,0,1,0,1,1,0,4,1,2,23,0,0.14821124361158433,1
1,360000.0,0.2587666263603386,672,91,6,1,15,5,1,0,0,0,0,0,0,0,1,0,0,0,5,1,1,8,0,0.03389830508474576,0
1,97000.0,0.33476394849785407,758,101,6,1,25,4,0,0,0,1,0,0,0,1,0,0,1,0,6,1,4,7,0,0.08450704225352113,0
1,136000.0,0.3663663663663664,1251,166,11,1,32,3,0,0,1,0,0,0,0,0,0,0,1,0,3,0,1,15,0,0.06451612903225806,0
0,105000.0,0.0,874,121,10,1,21,0,0,1,0,0,0,0,0,0,0,1,1,0,5,0,0,1,0,0.16216216216216217,1
0,105000.0,0.0,919,127,10,1,13,3,0,0,0,1,0,0,0,0,0,0,1,0,6,0,6,21,1,0.03333333333333333,0
1,187000.0,0.24413145539906103,1118,148,11,1,14,3,0,0,1,0,0,0,0,1,1,0,1,0,5,1,5,22,1,0.11235955056179775,1
1,119750.0,0.3651877133105802,1135,149,11,1,25,1,0,0,1,0,0,0,0,1,0,1,1,0,6,1,4,19,0,0.11538461538461539,1
0,105000.0,0.0,721,92,6,1,31,3,0,0,0,0,0,0,1,1,0,1,1,0,3,0,0,17,0,0.15217391304347827,1
1,73750.0,0.25443786982248523,1090,151,10,1,26,4,0,0,0,0,1,0,0,1,0,1,1,0,6,0,6,22,1,0.075,0
0,105000.0,0.0,755,96,6,1,25,1,0,1,0,0,0,0,0,0,1,0,0,0,7,0,2,11,0,0.0,0
1,122250.0,0.38079470198675497,725,96,6,1,17,3,0,1,0,0,0,0,0,0,1,0,1,0,7,0,2,14,0,0.14854111405835543,1
0,105000.0,0.0,821,109,6,1,25,1,0,1,0,0,0,0,0,1,0,0,0,0,3,0,5,19,1,0.18181818181818182,1
0,105000.0,0.0,688,92,6,1,33,4,1,0,0,0,0,0,0,0,0,1,1,0,4,1,1,10,0,0.08333333333333333,0
1,43250.0,0.27,890,120,10,1,28,1,0,0,0,0,0,0,1,1,0,1,1,0,4,0,5,22,1,0.16981132075471697,1
0,105000.0,0.0,910,126,10,1,25,4,0,0,0,1,0,0,0,1,1,0,0,0,5,0,4,12,0,0.10714285714285714,1
0,105000.0,0.0,889,114,6,1,28,3,0,0,0,0,0,0,1,0,0,1,1,0,4,1,6,6,1,0.08181818181818182,0
1,295750.0,0.3219858156028369,1100,145,11,1,23,4,0,1,0,0,0,0,0,1,1,0,0,0,4,0,2,10,0,0.11627906976744186,1
0,105000.0,0.0,704,94,6,1,13,2,0,1,0,0,0,0,0,0,0,1,1,0,6,1,6,16,1,0.06622516556291391,0
1,207250.0,0.3319919517102616,1005,139,10,1,25,4,0,1,0,0,0,0,0,0,0,0,1,0,4,0,1,18,0,0.02857142857142857,0
1,140500.0,0.21019108280254778,1130,151,11,1,19,4,1,0,0,0,0,0,0,1,0,1,0,1,6,1,2,4,0,0.09892086330935251,0
0,105000.0,0.0,959,135,10,1,18,3,1,0,0,0,0,0,0,0,1,0,1,0,3,0,0,6,0,0.038461538461538464,0
0,105000.0,0.0,915,118,6,1,28,1,0,0,0,0,0,0,1,0,1,0,1,0,5,0,6,2,1,0.16071428571428573,1
1,91250.0,0.23671497584541062,696,92,6,1,21,4,1,0,0,0,0,0,0,0,0,1,1,0,5,0,5,15,1,0.10126582278481013,0
1,106000.0,0.38783269961977185,819,112,6,1,15,2,1,0,0,0,0,0,0,1,0,1,0,0,4,0,6,20,1,0.29411764705882354,1
0,105000.0,0.0,1261,167,11,1,18,3,0,0,0,0,1,0,0,1,0,0,1,0,4,0,2,8,0,0.09523809523809523,0
1,144750.0,0.2767857142857143,886,122,10,1,32,3,0,0,0,1,0,0,0,0,1,0,1,0,4,0,0,18,0,0.07407407407407407,0
1,68500.0,0.18543046357615894,685,92,6,1,24,2,0,0,0,0,1,0,0,0,0,0,1,0,3,0,5,8,1,0.08088235294117647,0
1,154876.8,0.309839972761321,1089,149,10,1,28,3,0,0,0,1,0,0,0,0,1,0,1,0,6,1,3,5,0,0.08108108108108109,0
1,127000.0,0.2542955326460481,821,115,10,1,23,2,0,1,0,0,0,0,0,1,0,0,1,0,3,1,1,1,0,0.11428571428571428,1
0,105000.0,0.0,1101,146,11,1,15,3,0,0,1,0,0,0,0,0,0,1,1,0,3,0,5,3,1,0.05263157894736842,0
0,105000.0,0.0,699,94,6,1,15,1,0,0,1,0,0,0,0,0,0,0,1,0,5,0,5,18,1,0.03763440860215054,0
1,184250.0,0.3512304250559284,754,100,6,1,32,3,0,0,1,0,0,0,0,0,0,1,1,0,5,0,1,2,0,0.02912621359223301,0
1,84000.0,0.20320855614973263,869,118,6,1,24,2,0,0,0,0,1,0,0,1,0,1,0,1,5,1,4,7,0,0.11363636363636363,1
0,105000.0,0.0,717,92,6,1,28,4,0,0,0,0,0,0,1,0,0,1,1,0,3,0,2,2,0,0.06349206349206349,0
0,105000.0,0.0,864,122,10,1,33,1,1,0,0,0,0,0,0,0,1,0,0,0,5,1,4,18,0,0.07272727272727272,0
0,105000.0,0.0,1003,142,10,1,19,3,1,0,0,0,0,0,0,0,0,0,1,0,4,0,5,7,1,0.05405405405405406,0
1,187750.0,0.19904076738609114,729,97,6,1,17,3,0,1,0,0,0,0,0,1,1,0,1,0,6,1,3,18,0,0.08396946564885496,0
0,105000.0,0.0,736,99,6,1,28,1,0,0,0,1,0,0,0,0,1,0,1,0,5,0,2,20,0,0.020833333333333332,0
1,34500.0,0.3373493975903614,752,96,6,1,31,0,0,0,0,0,0,0,1,0,0,1,1,0,4,0,1,21,0,0.1,0
1,94000.0,0.31390134529147984,908,124,10,1,18,3,0,0,1,0,0,0,0,0,0,1,0,0,6,0,1,23,0,0.0625,0
1,99500.0,0.3416666666666667,1259,168,11,1,25,4,0,0,0,1,0,0,0,1,0,1,1,0,4,1,0,0,0,0.11764705882352941,1
0,105000.0,0.0,1157,151,11,1,28,2,0,0,0,1,0,0,0,0,0,1,1,0,6,0,6,12,1,0.030303030303030304,0
1,99250.0,0.2511013215859031,1123,148,11,1,19,3,0,0,0,0,0,1,0,0,0,1,1,0,5,0,1,5,0,0.15950920245398773,1
1,98250.0,0.23766816143497757,1064,145,10,1,18,3,0,0,1,0,0,0,0,0,0,1,1,0,6,0,3,23,0,0.12307692307692308,1
1,149926.4,0.3360267805610065,880,118,6,1,25,1,0,0,1,0,0,0,0,0,1,0,0,1,5,0,4,5,0,0.06910569105691057,0
0,105000.0,0.0,1147,151,11,1,25,1,0,0,1,0,0,0,0,1,0,0,0,0,7,0,5,22,1,0.08,0
1,60750.0,0.3581081081081081,880,120,10,1,22,1,0,0,0,0,0,1,0,0,1,0,1,0,5,0,0,9,0,0.16091954022988506,1
0,105000.0,0.0,1127,149,11,1,14,2,0,0,0,0,1,0,0,1,1,0,0,1,6,0,4,23,0,0.14814814814814814,1
1,152750.0,0.3835978835978836,797,105,6,1,35,5,0,0,0,1,0,0,0,0,1,0,1,0,6,0,6,19,1,0.11,1
1,100526.4,0.3141461712890284,1083,151,10,1,19,3,0,0,0,0,0,1,0,1,0,0,1,0,6,0,5,14,1,0.1968503937007874,1
0,105000.0,0.0,720,97,6,1,35,5,0,0,0,1,0,0,0,0,1,0,0,0,3,1,2,7,0,0.058333333333333334,0
0,105000.0,0.0,853,114,6,1,13,2,0,0,0,1,0,0,0,0,1,0,1,0,4,0,5,2,1,0.08108108108108109,0
0,105000.0,0.0,708,93,6,1,31,1,0,0,0,0,0,0,1,0,1,0,1,0,3,0,2,4,0,0.10810810810810811,1
1,203507.2,0.30321685597849646,731,97,6,1,18,3,1,0,0,0,0,0,0,0,1,0,1,0,7,0,3,17,0,0.078125,0
1,111500.0,0.3041825095057034,1102,147,11,1,24,3,0,0,0,0,1,0,0,0,0,1,1,0,4,1,2,9,0,0.06761565836298933,0
1,72750.0,0.3559322033898305,727,100,6,1,24,2,0,0,0,0,1,0,0,0,0,1,0,1,6,0,5,17,1,0.08,0
0,105000.0,0.0,839,115,6,1,21,4,1,0,0,0,0,0,0,1,0,0,1,0,4,1,6,18,1,0.04487179487179487,0
1,148750.0,0.38315217391304346,1043,147,10,1,25,1,0,0,1,0,0,0,0,0,0,1,1,0,4,0,5,1,1,0.038834951456310676,0
0,105000.0,0.0,1082,149,10,1,14,2,0,0,1,0,0,0,0,0,1,0,1,0,7,0,6,14,1,0.041666666666666664,0
1,139750.0,0.290519877675841,1127,149,11,1,16,3,0,0,1,0,0,0,0,1,0,1,0,1,6,0,0,20,0,0.07446808510638298,0
1,264000.0,0.18244406196213425,1113,148,11,1,35,5,0,0,0,1,0,0,0,0,1,0,1,0,3,1,4,3,0,0.023017902813299233,0
1,83500.0,0.3627450980392157,1257,166,11,1,25,4,0,0,0,1,0,0,0,0,1,0,1,0,3,0,2,17,0,0.11290322580645161,1
0,105000.0,0.0,904,125,10,1,16,1,0,0,1,0,0,0,0,1,0,0,0,0,6,0,0,10,0,0.02631578947368421,0
0,105000.0,0.0,690,92,6,1,14,2,0,1,0,0,0,0,0,1,0,1,0,0,5,0,1,15,0,0.08888888888888889,0
1,78750.0,0.28804347826086957,1059,149,10,1,24,2,0,0,0,0,1,0,0,0,0,1,0,0,5,0,2,11,0,0.125,1
1,131000.0,0.21160409556313994,1129,149,11,1,28,3,0,0,0,1,0,0,0,0,1,0,1,0,4,1,4,16,0,0.09716599190283401,0
1,207542.4,0.18854393609295567,1137,151,11,1,14,4,0,0,0,0,1,0,0,0,0,1,0,1,7,1,2,5,0,0.06020066889632107,0
0,105000.0,0.0,832,114,10,1,23,3,0,1,0,0,0,0,0,1,1,0,1,0,3,1,5,9,1,0.056074766355140186,0
1,81250.0,0.34183673469387754,901,125,10,1,26,4,0,0,0,0,1,0,0,0,1,0,1,0,5,1,2,2,0,0.06382978723404255,0
0,105000.0,0.0,990,139,10,1,19,3,1,0,0,0,0,0,0,0,0,1,1,0,4,0,4,13,0,0.07462686567164178,0
0,105000.0,0.0,1091,145,11,1,19,2,1,0,0,0,0,0,0,0,0,1,1,0,3,0,0,14,0,0.125,1
0,105000.0,0.0,880,125,10,1,21,4,1,0,0,0,0,0,0,0,0,1,0,0,7,1,4,15,0,0.06808510638297872,0
0,105000.0,0.0,721,98,6,1,19,4,1,0,0,0,0,0,0,0,0,0,1,0,4,0,6,22,1,0.06341463414634146,0
0,105000.0,0.0,1082,144,11,1,19,4,1,0,0,0,0,0,0,0,1,0,1,0,3,1,5,8,1,0.052884615384615384,0
1,92892.79999999999,0.2571707317073171,694,92,6,1,12,1,0,1,0,0,0,0,0,0,0,0,1,0,5,1,0,0,0,0.078125,0
1,164500.0,0.29533678756476683,876,121,10,1,25,3,1,0,0,0,0,0,0,0,0,1,0,0,5,0,6,4,1,0.07246376811594203,0
1,73500.0,0.23952095808383234,1134,149,11,1,29,2,0,0,1,0,0,0,0,1,0,1,0,0,5,1,0,4,0,0.10067114093959731,0
1,146750.0,0.2319277108433735,1126,148,11,1,14,2,0,0,1,0,0,0,0,0,1,0,1,0,5,0,1,5,0,0.06451612903225806,0
1,222250.0,0.22554890219560877,930,124,6,1,15,4,0,0,1,0,0,0,0,0,0,1,1,0,7,0,6,21,1,0.027210884353741496,0
1,73750.0,0.32386363636363635,1001,140,10,1,15,1,0,0,1,0,0,0,0,1,0,1,1,0,3,1,4,2,0,0.16981132075471697,1
1,118500.0,0.39322033898305087,1088,145,11,1,17,1,1,0,0,0,0,0,0,1,1,0,0,0,5,1,2,4,0,0.14285714285714285,1
1,154000.0,0.2647887323943662,1261,167,11,1,24,4,0,0,0,0,1,0,0,0,0,1,0,0,4,0,5,19,1,0.0594059405940594,0
1,116750.0,0.38408304498269896,1303,173,11,1,33,1,1,0,0,0,0,0,0,0,1,0,0,0,6,0,1,14,0,0.2,1
0,105000.0,0.0,913,125,10,1,18,3,0,0,1,0,0,0,0,0,0,1,0,0,6,0,1,19,0,0.1317365269461078,1
1,77750.0,0.19186046511627908,938,122,6,1,32,2,0,0,0,1,0,0,0,1,0,0,1,0,5,0,5,15,1,0.05084745762711865,0
1,121500.0,0.2,866,123,10,1,25,2,1,0,0,0,0,0,0,0,0,1,1,0,6,0,5,20,1,0.07692307692307693,0
1,162500.0,0.3072916666666667,1296,170,11,1,29,4,0,0,1,0,0,0,0,1,0,0,1,0,6,1,2,12,0,0.0821917808219178,0
0,105000.0,0.0,1310,174,11,1,28,2,0,0,0,1,0,0,0,0,1,0,0,1,5,0,4,16,0,0.02857142857142857,0
0,105000.0,0.0,1288,169,11,1,28,1,0,0,0,0,0,0,1,0,1,0,0,0,5,0,1,14,0,0.18181818181818182,1
1,173000.0,0.36792452830188677,716,93,6,1,13,3,0,1,0,0,0,0,0,1,0,0,1,0,6,0,3,8,0,0.2222222222222222,1
1,129250.0,0.32142857142857145,918,129,10,1,18,3,0,0,0,0,1,0,0,0,1,0,1,0,7,0,6,13,1,0.0380952380952381,0
1,65250.0,0.3269230769230769,1063,145,10,1,28,1,0,0,0,1,0,0,0,0,0,1,1,0,4,0,5,4,1,0.06,0
0,105000.0,0.0,1100,153,10,1,32,3,0,0,1,0,0,0,0,0,0,1,1,0,5,0,5,3,1,0.005405405405405406,0
0,105000.0,0.0,1258,167,11,1,17,5,0,0,0,1,0,0,0,1,0,0,1,0,4,0,3,12,0,0.07575757575757576,0
1,93750.0,0.3407079646017699,1064,145,10,1,28,4,0,0,0,0,0,0,1,0,0,1,1,0,4,0,1,12,0,0.09375,0
1,138250.0,0.3590504451038576,862,118,10,1,14,2,0,1,0,0,0,0,0,0,1,0,1,0,5,0,4,9,0,0.06349206349206349,0
1,80250.0,0.33678756476683935,1132,147,11,1,28,3,0,0,0,0,0,0,1,0,0,1,1,0,4,0,6,14,1,0.13333333333333333,1
1,145250.0,0.2552552552552553,830,110,6,1,23,3,0,1,0,0,0,0,0,0,0,0,1,0,4,1,1,16,0,0.08873720136518772,0
0,105000.0,0.0,1043,143,10,1,28,3,0,0,0,0,0,0,1,0,1,0,1,0,3,0,4,18,0,0.10975609756097561,1
0,105000.0,0.0,1122,148,11,1,16,1,0,0,1,0,0,0,0,1,0,0,1,0,5,0,6,17,1,0.041666666666666664,0
1,127500.0,0.3860759493670886,795,111,6,1,19,4,1,0,0,0,0,0,0,1,0,0,1,0,3,0,3,11,0,0.11607142857142858,1
1,64500.0,0.3670886075949367,702,90,6,1,28,2,0,0,0,0,0,0,1,0,1,0,1,0,3,0,5,5,1,0.22727272727272727,1
1,98750.0,0.2826086956521739,861,114,6,1,22,3,0,0,0,0,0,1,0,0,1,0,1,0,3,0,2,21,0,0.09375,0
1,91750.0,0.3832599118942731,1257,165,11,1,28,3,0,0,0,0,0,0,1,0,1,0,1,0,3,0,2,20,0,0.16666666666666666,1
1,57250.0,0.3037037037037037,1264,168,11,1,18,0,0,0,0,0,1,0,0,1,0,0,1,0,5,0,5,0,1,0.12121212121212122,1
0,105000.0,0.0,1091,145,11,1,19,2,1,0,0,0,0,0,0,1,0,0,1,0,3,1,1,18,0,0.10410094637223975,0
1,236500.0,0.38290598290598293,699,90,6,1,23,4,0,1,0,0,0,0,0,0,0,1,1,0,5,0,3,20,0,0.12195121951219512,1
0,105000.0,0.0,1131,149,11,1,28,1,0,0,0,1,0,0,0,0,0,1,1,0,5,1,3,7,0,0.0,0
1,71000.0,0.3954802259887006,1133,149,11,1,22,4,0,0,0,0,0,1,0,0,1,0,0,0,5,0,6,10,1,0.16666666666666666,1
0,105000.0,0.0,836,116,10,1,14,4,0,0,0,0,1,0,0,1,0,1,0,1,3,1,3,13,0,0.05042016806722689,0
1,137500.0,0.27586206896551724,1138,149,11,1,32,3,0,0,0,1,0,0,0,0,1,0,1,0,4,1,0,16,0,0.029850746268656716,0
0,105000.0,0.0,862,116,6,1,22,4,0,0,0,0,0,1,0,1,0,1,1,0,4,1,1,7,0,0.07453416149068323,0
1,37500.0,0.1927710843373494,691,88,6,1,28,1,0,0,0,0,0,0,1,0,0,0,1,0,3,0,6,21,1,0.1875,1
0,105000.0,0.0,868,120,10,1,29,4,0,0,1,0,0,0,0,1,0,0,0,1,4,0,6,2,1,0.0963855421686747,0
1,148500.0,0.3945945945945946,907,127,10,1,32,3,0,0,1,0,0,0,0,0,0,1,1,0,5,1,0,13,0,0.1377245508982036,1
0,105000.0,0.0,890,120,10,1,23,1,0,1,0,0,0,0,0,0,0,0,1,0,6,1,5,14,1,0.04891304347826087,0
0,105000.0,0.0,1021,142,10,1,18,3,1,0,0,0,0,0,0,0,0,1,1,0,7,0,5,13,1,0.07894736842105263,0
0,105000.0,0.0,1071,147,10,1,17,5,0,0,0,1,0,0,0,0,1,0,1,0,6,1,3,11,0,0.037037037037037035,0
1,180500.0,0.3775280898876405,739,96,6,1,15,4,0,0,1,0,0,0,0,1,0,1,1,0,5,0,5,16,1,0.07042253521126761,0
1,162572.8,0.31932050317170196,772,104,6,1,32,3,0,0,1,0,0,0,0,0,1,0,1,0,6,0,4,22,0,0.03389830508474576,0
1,109250.0,0.23790322580645162,936,131,10,1,26,4,0,0,0,0,1,0,0,0,0,1,0,0,7,1,3,23,0,0.1357142857142857,1
1,84000.0,0.25,922,128,10,1,26,4,0,0,0,0,1,0,0,0,0,1,1,0,6,0,4,5,0,0.0625,0
0,105000.0,0.0,1088,145,11,1,14,4,0,0,0,0,1,0,0,0,0,1,1,0,3,0,2,18,0,0.09433962264150944,0
1,152750.0,0.2289855072463768,847,114,6,1,25,1,1,0,0,0,0,0,0,0,0,1,1,0,5,1,0,11,0,0.08333333333333333,0
0,105000.0,0.0,1124,148,11,1,24,1,0,0,0,0,0,0,1,1,1,0,1,0,4,0,3,11,0,0.17045454545454544,1
0,105000.0,0.0,993,141,10,1,15,2,0,0,1,0,0,0,0,1,1,0,1,0,3,0,2,8,0,0.09090909090909091,0
1,79750.0,0.29411764705882354,1103,146,11,1,17,3,0,1,0,0,0,0,0,0,0,0,1,0,5,0,2,2,0,0.2,1
1,74000.0,0.36464088397790057,908,118,6,1,17,5,0,0,0,1,0,0,0,0,0,1,1,0,6,0,5,20,1,0.041666666666666664,0
1,86750.0,0.3632075471698113,914,127,10,1,13,2,0,0,0,1,0,0,0,1,0,0,1,0,6,0,1,15,0,0.12087912087912088,1
0,105000.0,0.0,1125,147,11,1,31,1,0,0,0,0,0,0,1,0,1,0,0,1,4,0,1,5,0,0.05,0
0,105000.0,0.0,827,110,6,1,17,1,1,0,0,0,0,0,0,0,0,1,1,0,5,1,1,14,0,0.08571428571428572,0
1,133348.8,0.396448224112056,742,100,6,1,16,3,0,0,1,0,0,0,0,0,0,1,1,0,6,0,0,4,0,0.06578947368421052,0
1,216250.0,0.3648393194706994,694,92,6,1,14,4,0,1,0,0,0,0,0,0,0,1,1,0,5,0,4,13,0,0.1,0
1,196750.0,0.36382536382536385,1257,166,11,1,25,3,0,1,0,0,0,0,0,1,1,0,1,0,4,1,6,12,1,0.09333333333333334,0
1,128000.0,0.19081272084805653,890,123,10,1,26,4,0,0,0,0,1,0,0,1,0,0,0,0,5,0,6,13,1,0.09523809523809523,0
1,201750.0,0.279317697228145,1122,147,11,1,21,3,0,1,0,0,0,0,0,0,1,0,1,0,5,0,3,11,0,0.06349206349206349,0
0,105000.0,0.0,1291,171,11,1,18,2,0,0,0,0,1,0,0,1,1,0,1,0,7,0,6,2,1,0.0,0
1,66000.0,0.22818791946308725,1031,141,10,1,28,3,0,0,0,0,0,0,1,0,0,1,1,0,3,0,3,15,0,0.12755102040816327,1
1,105976.0,0.24612736660929438,1291,170,11,1,13,2,0,0,0,1,0,0,0,0,1,0,0,0,6,0,4,9,0,0.10344827586206896,0
1,75750.0,0.20710059171597633,790,103,6,1,35,5,0,0,0,1,0,0,0,1,0,0,0,1,6,0,5,6,1,0.13333333333333333,1
0,105000.0,0.0,1063,144,10,1,29,2,0,0,1,0,0,0,0,0,0,1,1,0,5,1,3,2,0,0.08333333333333333,0
1,96750.0,0.3601694915254237,1263,167,11,1,17,5,0,0,0,1,0,0,0,1,0,1,0,1,4,0,6,4,1,0.11363636363636363,1
1,81000.0,0.3125,925,118,6,1,28,3,0,0,0,0,0,0,1,1,1,0,1,0,5,1,3,1,0,0.15555555555555556,1
1,112000.0,0.23622047244094488,1239,164,11,1,18,2,1,0,0,0,0,0,0,0,0,1,1,0,3,0,0,6,0,0.10256410256410256,0
1,108000.0,0.2074688796680498,887,120,6,1,24,3,0,0,0,0,1,0,0,0,0,1,0,0,5,0,6,4,1,0.15789473684210525,1
1,60250.0,0.3146853146853147,1263,166,11,1,18,2,0,0,1,0,0,0,0,0,0,1,1,0,4,0,4,9,0,0.14634146341463414,1
0,105000.0,0.0,870,122,10,1,17,1,1,0,0,0,0,0,0,1,0,1,1,0,7,0,3,12,0,0.08064516129032258,0
1,125000.0,0.2014388489208633,864,114,6,1,32,3,0,0,1,0,0,0,0,1,0,0,1,0,3,0,3,16,0,0.08955223880597014,0
1,131250.0,0.3490566037735849,905,123,10,1,32,3,0,0,0,1,0,0,0,0,1,0,1,0,4,0,5,2,1,0.0,0
0,105000.0,0.0,1135,148,11,1,28,2,0,0,0,0,0,0,1,0,0,0,1,0,4,0,1,21,0,0.09090909090909091,0
0,105000.0,0.0,1295,170,11,1,35,5,0,0,0,1,0,0,0,1,0,1,1,0,5,1,4,2,0,0.07142857142857142,0
1,53750.0,0.34615384615384615,1117,145,11,1,31,1,0,0,0,0,0,0,1,1,1,0,1,0,3,0,4,1,0,0.42857142857142855,1
1,151500.0,0.23837209302325582,703,94,6,1,25,1,0,0,1,0,0,0,0,1,0,1,0,1,4,1,0,22,0,0.09433962264150944,0
1,58750.0,0.3904109589041096,906,123,10,1,29,1,0,0,1,0,0,0,0,0,0,1,1,0,4,0,2,19,0,0.12931034482758622,1
0,105000.0,0.0,1090,146,11,1,25,3,1,0,0,0,0,0,0,0,0,1,1,0,4,1,1,8,0,0.05084745762711865,0
1,44000.0,0.20408163265306123,886,120,10,1,29,0,0,0,1,0,0,0,0,0,0,1,1,0,4,0,1,10,0,0.21232876712328766,1
1,59750.0,0.21641791044776118,873,114,6,1,31,2,0,0,0,0,0,0,1,0,1,0,1,0,4,0,3,8,0,0.20512820512820512,1
1,136000.0,0.3261538461538461,842,118,10,1,22,4,0,0,0,0,0,1,0,1,0,1,1,0,3,0,1,1,0,0.03508771929824561,0
0,105000.0,0.0,1293,173,11,1,14,1,0,0,1,0,0,0,0,1,0,1,1,0,5,0,1,12,0,0.1875,1
0,105000.0,0.0,846,116,6,1,15,2,1,0,0,0,0,0,0,0,1,0,1,0,5,0,2,20,0,0.03773584905660377,0
1,74000.0,0.27906976744186046,678,90,6,1,16,1,0,0,1,0,0,0,0,1,0,1,1,0,4,0,6,10,1,0.1111111111111111,1
1,111000.0,0.27906976744186046,1135,150,11,1,13,3,0,0,0,1,0,0,0,0,0,1,1,0,6,0,1,2,0,0.20930232558139536,1
0,105000.0,0.0,1250,165,11,1,24,2,0,0,0,0,0,0,1,0,0,1,1,0,3,0,1,0,0,0.1111111111111111,1
1,125500.0,0.20714285714285716,882,120,10,1,29,4,0,0,1,0,0,0,0,0,0,1,1,0,4,0,1,4,0,0.0,0
1,51500.0,0.3779527559055118,749,100,6,1,22,4,0,0,0,0,0,1,0,0,0,1,1,0,6,0,0,11,0,0.15625,1
0,105000.0,0.0,1259,166,11,1,18,3,0,1,0,0,0,0,0,0,1,0,1,0,5,1,5,12,1,0.05970149253731343,0
0,105000.0,0.0,865,118,6,1,14,4,0,0,0,0,1,0,0,1,0,1,1,0,6,0,6,1,1,0.043478260869565216,0
1,128273.6,0.19625621526762205,902,125,10,1,14,3,0,0,1,0,0,0,0,0,0,1,0,0,6,0,6,12,1,0.12244897959183673,1
1,151528.0,0.23659687764734355,813,117,10,1,17,3,0,1,0,0,0,0,0,0,1,0,1,0,3,0,5,5,1,0.1388888888888889,1
1,85500.0,0.34782608695652173,1084,143,11,1,18,1,0,1,0,0,0,0,0,0,0,1,1,0,3,0,2,12,0,0.1388888888888889,1
1,123250.0,0.2881944444444444,733,96,6,1,25,1,0,0,1,0,0,0,0,0,1,0,0,1,5,0,2,17,0,0.12121212121212122,1
1,72500.0,0.23170731707317074,752,98,6,1,24,3,0,0,0,0,0,0,1,0,0,0,1,0,5,0,3,0,0,0.10526315789473684,0
1,101750.0,0.20704845814977973,1137,149,11,1,24,3,0,0,0,0,0,0,1,0,1,0,0,0,5,1,6,23,1,0.1111111111111111,1
0,105000.0,0.0,748,96,6,1,31,2,0,0,0,0,0,0,1,0,0,1,0,1,4,0,3,14,0,0.125,1
0,105000.0,0.0,910,120,6,1,25,1,0,0,1,0,0,0,0,0,0,1,1,0,6,0,3,20,0,0.041666666666666664,0
1,145932.8,0.31629469642428615,871,115,6,1,23,2,0,1,0,0,0,0,0,1,1,0,0,0,6,1,2,17,0,0.10215053763440861,0
1,108250.0,0.3962962962962963,749,102,6,1,14,4,0,0,0,0,1,0,0,1,0,1,1,0,7,1,6,18,1,0.05555555555555555,0
1,51250.0,0.3333333333333333,1089,144,11,1,14,4,0,0,0,0,1,0,0,0,1,0,1,0,3,0,2,16,0,0.1,0
0,105000.0,0.0,900,117,6,1,18,3,0,0,1,0,0,0,0,0,1,0,0,0,6,0,5,12,1,0.09411764705882353,0
1,128250.0,0.2668918918918919,690,93,6,1,22,4,0,0,0,0,0,1,0,0,1,0,1,0,4,1,2,16,0,0.09230769230769231,0
1,122750.0,0.3901639344262295,1162,152,11,1,32,3,0,0,1,0,0,0,0,0,1,0,0,0,7,1,2,5,0,0.10909090909090909,1
1,101000.0,0.21238938053097345,856,114,6,1,23,1,0,1,0,0,0,0,0,0,0,1,1,0,4,0,4,7,0,0.14444444444444443,1
0,105000.0,0.0,1281,171,11,1,14,4,0,0,0,0,1,0,0,0,0,1,1,0,7,0,4,8,0,0.05084745762711865,0
1,74630.40000000001,0.20823970037453177,890,120,6,1,14,2,0,0,0,0,1,0,0,0,0,0,0,0,7,0,5,16,1,0.2653061224489796,1
0,105000.0,0.0,1115,149,11,1,14,4,0,0,0,0,1,0,0,0,1,0,0,0,6,0,4,3,0,0.011764705882352941,0
1,65145.6,0.24832214765100669,686,91,6,1,22,4,0,0,0,0,0,1,0,1,0,0,0,0,3,0,1,1,0,0.20833333333333334,1
0,105000.0,0.0,681,89,6,1,24,1,0,0,0,0,0,0,1,0,1,0,1,0,3,0,2,4,0,0.08974358974358974,0
0,105000.0,0.0,842,119,10,1,19,3,0,0,0,0,0,1,0,0,0,1,1,0,3,0,6,14,1,0.0847457627118644,0
1,159500.0,0.3556701030927835,1089,145,11,1,25,3,1,0,0,0,0,0,0,0,0,1,1,0,3,0,2,21,0,0.12195121951219512,1
0,105000.0,0.0,711,94,6,1,17,5,0,0,0,1,0,0,0,1,1,0,1,0,4,0,0,0,0,0.07207207207207207,0
0,105000.0,0.0,675,92,6,1,18,0,1,0,0,0,0,0,0,0,0,1,1,0,5,0,2,0,0,0.09615384615384616,0
0,105000.0,0.0,1123,146,11,1,28,3,0,0,0,0,0,0,1,0,0,1,1,0,4,1,3,5,0,0.06167400881057269,0
0,105000.0,0.0,759,100,6,1,17,5,0,0,0,1,0,0,0,1,1,0,0,0,6,0,0,12,0,0.0,0
1,95750.0,0.2747747747747748,1281,167,11,1,22,3,0,0,0,0,0,1,0,0,0,0,1,0,5,0,0,3,0,0.11235955056179775,1
1,78500.0,0.23595505617977527,1266,167,11,1,25,1,0,1,0,0,0,0,0,0,0,0,1,0,5,1,5,22,1,0.12935323383084577,1
0,105000.0,0.0,718,91,6,1,28,4,0,0,0,0,0,0,1,1,0,0,1,0,4,1,6,3,1,0.043010752688172046,0
1,91250.0,0.3256880733944954,891,125,10,1,19,1,1,0,0,0,0,0,0,0,0,1,1,0,7,1,4,1,0,0.10820895522388059,1
0,105000.0,0.0,912,122,10,1,23,3,0,1,0,0,0,0,0,0,0,1,1,0,7,1,0,4,0,0.07058823529411765,0
0,105000.0,0.0,898,122,10,1,24,2,0,0,0,0,0,0,1,1,0,1,1,0,4,0,5,7,1,0.19827586206896552,1
1,67000.0,0.1891891891891892,747,98,6,1,32,1,0,0,0,1,0,0,0,0,0,1,1,0,5,0,5,5,1,0.136,1
1,64750.0,0.22602739726027396,945,131,10,1,26,4,0,0,0,0,1,0,0,0,0,1,0,0,7,0,1,11,0,0.1456953642384106,1
1,48000.0,0.358974358974359,826,112,6,1,13,0,0,0,0,1,0,0,0,0,0,1,0,0,4,0,3,8,0,0.10294117647058823,0
0,105000.0,0.0,1283,170,11,1,26,4,0,0,0,0,1,0,0,0,0,1,1,0,6,1,4,7,0,0.031914893617021274,0
1,64250.0,0.22758620689655173,860,120,10,1,24,1,0,0,0,0,0,0,1,0,1,0,0,1,3,1,3,9,0,0.2074468085106383,1
1,171891.2,0.21492601792850205,736,99,6,1,21,3,0,1,0,0,0,0,0,1,1,0,1,0,7,0,3,16,0,0.07142857142857142,0
0,105000.0,0.0,820,116,10,1,25,3,1,0,0,0,0,0,0,0,1,0,1,0,3,0,5,14,1,0.05,0
1,277250.0,0.36911764705882355,1232,163,11,1,14,4,0,1,0,0,0,0,0,0,1,0,0,0,3,0,0,17,0,0.0425531914893617,0
1,99750.0,0.3375,758,101,6,1,19,4,1,0,0,0,0,0,0,1,0,0,0,0,7,1,5,5,1,0.0547945205479452,0
1,110500.0,0.39855072463768115,688,93,6,1,25,1,1,0,0,0,0,0,0,1,0,0,1,0,5,0,4,3,0,0.2111111111111111,1
0,105000.0,0.0,1055,145,10,1,22,3,0,0,0,0,0,1,0,1,0,1,1,0,5,0,2,13,0,0.10897435897435898,1
0,105000.0,0.0,672,88,6,1,23,2,0,1,0,0,0,0,0,0,1,0,1,0,3,0,5,1,1,0.061611374407582936,0
1,77750.0,0.21264367816091953,863,113,6,1,22,4,0,0,0,0,0,1,0,1,0,0,1,0,5,0,2,13,0,0.2222222222222222,1
0,105000.0,0.0,922,127,10,1,22,4,0,0,0,0,0,1,0,1,1,0,1,0,6,0,4,22,0,0.0,0
0,105000.0,0.0,687,92,6,1,18,2,1,0,0,0,0,0,0,0,0,1,1,0,5,0,6,10,1,0.05027932960893855,0
1,85250.0,0.21465968586387435,1098,146,11,1,14,2,0,0,0,0,1,0,0,0,0,1,1,0,4,1,1,10,0,0.040983606557377046,0
0,105000.0,0.0,1096,145,11,1,14,2,0,0,1,0,0,0,0,1,0,0,1,0,3,0,4,7,0,0.07692307692307693,0
1,196250.0,0.19540229885057472,670,89,6,1,33,4,1,0,0,0,0,0,0,1,0,0,0,0,3,1,3,6,0,0.14285714285714285,1
1,128500.0,0.23367697594501718,672,91,6,1,12,2,0,1,0,0,0,0,0,1,0,0,1,0,5,0,4,20,0,0.07017543859649122,0
0,105000.0,0.0,820,115,10,1,16,4,0,0,1,0,0,0,0,1,0,1,0,0,3,0,4,23,0,0.07894736842105263,0
1,80750.0,0.26344086021505375,878,119,10,1,31,3,0,0,0,0,0,0,1,0,0,1,1,0,3,0,5,6,1,0.13725490196078433,1
1,121500.0,0.32413793103448274,1124,148,11,1,17,5,0,0,0,1,0,0,0,0,0,1,0,1,5,0,1,10,0,0.03225806451612903,0
0,105000.0,0.0,1005,141,10,1,21,4,1,0,0,0,0,0,0,0,0,1,0,1,5,0,2,3,0,0.03896103896103896,0
1,119000.0,0.31802120141342755,1146,150,11,1,17,5,0,0,0,1,0,0,0,1,0,0,1,0,6,0,6,16,1,0.14814814814814814,1
1,110750.0,0.30268199233716475,766,104,6,1,18,3,0,0,0,0,1,0,0,1,0,0,1,0,7,0,0,15,0,0.14285714285714285,1
1,225000.0,0.24561403508771928,1100,145,11,1,13,4,0,1,0,0,0,0,0,0,0,1,1,0,5,0,4,11,0,0.058823529411764705,0
1,276494.4,0.3477315102548167,1086,144,11,1,13,4,0,1,0,0,0,0,0,1,1,0,1,0,4,0,1,1,0,0.06190476190476191,0
0,105000.0,0.0,924,124,10,1,28,3,0,0,0,0,0,0,1,1,0,0,1,0,5,0,1,16,0,0.05737704918032787,0
1,286750.0,0.35437589670014347,1242,164,11,1,15,5,0,0,1,0,0,0,0,0,1,0,1,0,3,0,3,1,0,0.014285714285714285,0
0,105000.0,0.0,1127,149,11,1,21,4,1,0,0,0,0,0,0,0,0,1,0,0,7,0,5,8,1,0.0,0
1,82000.0,0.37623762376237624,1113,147,11,1,35,5,0,0,0,1,0,0,0,0,0,1,1,0,3,0,1,16,0,0.05185185185185185,0
0,105000.0,0.0,1092,151,10,1,22,4,0,0,0,0,0,1,0,0,0,1,1,0,6,0,6,4,1,0.05454545454545454,0
0,105000.0,0.0,730,100,6,1,18,1,0,0,0,0,1,0,0,0,0,0,1,0,6,0,3,12,0,0.05263157894736842,0
0,105000.0,0.0,645,87,6,1,14,2,0,1,0,0,0,0,0,1,1,0,1,0,3,0,2,18,0,0.14285714285714285,1
1,107744.0,0.26784818592208665,826,118,10,1,15,2,1,0,0,0,0,0,0,0,0,0,1,0,5,0,3,22,0,0.04807692307692308,0
0,105000.0,0.0,1096,145,11,1,19,4,0,0,0,0,0,1,0,0,0,1,1,0,3,1,3,12,0,0.01936619718309859,0
1,128750.0,0.2363013698630137,870,116,6,1,21,4,1,0,0,0,0,0,0,1,1,0,0,0,7,0,3,2,0,0.2926829268292683,1
1,62000.0,0.2028985507246377,1109,147,11,1,33,4,1,0,0,0,0,0,0,1,0,1,1,0,5,0,0,22,0,0.225,1
1,127608.0,0.2737760270118177,673,93,6,1,17,3,0,1,0,0,0,0,0,0,1,0,0,0,4,0,0,3,0,0.16,1
1,115750.0,0.34050179211469533,1333,176,11,1,32,3,0,0,1,0,0,0,0,0,0,1,1,0,7,1,0,4,0,0.0410958904109589,0
1,82750.0,0.24867724867724866,686,94,6,1,19,4,1,0,0,0,0,0,0,0,0,0,0,1,3,1,2,18,0,0.05673758865248227,0
0,105000.0,0.0,1117,147,11,1,29,3,0,0,1,0,0,0,0,0,1,0,1,0,3,1,0,5,0,0.09523809523809523,0
1,149000.0,0.25219941348973607,1083,143,11,1,18,2,0,1,0,0,0,0,0,0,1,0,1,0,3,1,4,7,0,0.125,1
0,105000.0,0.0,861,121,10,1,22,4,0,0,0,0,0,1,0,0,1,0,0,1,4,0,1,22,0,0.05555555555555555,0
1,139000.0,0.21221864951768488,722,95,6,1,14,3,0,0,1,0,0,0,0,1,0,0,0,1,6,0,5,20,1,0.1346153846153846,1
0,105000.0,0.0,734,96,6,1,25,1,0,0,1,0,0,0,0,1,0,1,1,0,5,1,6,23,1,0.043478260869565216,0
1,142500.0,0.38526912181303113,1291,171,11,1,25,1,0,0,1,0,0,0,0,0,0,1,0,0,6,0,5,23,1,0.07407407407407407,0
0,105000.0,0.0,825,112,6,1,15,3,1,0,0,0,0,0,0,0,1,0,1,0,6,0,1,19,0,0.0784313725490196,0
1,58385.6,0.33530981322265035,932,126,10,1,29,1,0,0,1,0,0,0,0,0,0,1,1,0,6,0,1,15,0,0.1794871794871795,1
1,82000.0,0.24598930481283424,1290,169,11,1,22,3,0,0,0,0,0,1,0,0,0,0,1,0,6,1,6,4,1,0.09523809523809523,0
0,105000.0,0.0,850,121,10,1,33,1,1,0,0,0,0,0,0,0,1,0,1,0,4,1,3,21,0,0.06072874493927125,0
0,105000.0,0.0,1099,145,11,1,20,2,0,0,0,0,0,1,0,0,0,1,1,0,3,0,6,0,1,0.0,0
0,105000.0,0.0,1091,145,11,1,15,2,0,0,1,0,0,0,0,0,1,0,1,0,3,1,0,5,0,0.07886435331230283,0
0,105000.0,0.0,701,90,6,1,22,2,0,0,0,0,0,1,0,0,0,0,1,0,4,1,1,20,0,0.05625,0
1,222000.0,0.19878296146044624,883,121,10,1,33,4,1,0,0,0,0,0,0,0,1,0,1,0,5,1,6,3,1,0.07377049180327869,0
1,87000.0,0.3024390243902439,894,125,10,1,17,3,0,1,0,0,0,0,0,0,0,0,1,0,7,0,2,8,0,0.125,1
0,105000.0,0.0,1316,174,11,1,25,4,0,0,0,1,0,0,0,0,1,0,1,0,6,0,6,15,1,0.0660377358490566,0
1,135750.0,0.21967213114754097,727,94,6,1,18,3,0,1,0,0,0,0,0,0,0,0,1,0,7,0,3,17,0,0.13953488372093023,1
1,157750.0,0.22752808988764045,1092,144,11,1,14,2,0,1,0,0,0,0,0,0,1,0,0,0,3,1,4,5,0,0.09352517985611511,0
1,123500.0,0.31399317406143346,1107,146,11,1,18,2,1,0,0,0,0,0,0,0,0,1,1,0,6,0,3,17,0,0.0949367088607595,0
1,72000.0,0.2958579881656805,909,118,6,1,31,3,0,0,0,0,0,0,1,0,0,1,1,0,5,1,0,1,0,0.08205128205128205,0
1,79102.40000000001,0.2634703196347032,847,113,6,1,19,2,0,0,0,0,0,1,0,1,0,0,1,0,3,0,1,4,0,0.0963855421686747,0
1,84750.0,0.2964824120603015,1122,147,11,1,25,1,0,0,1,0,0,0,0,0,0,0,1,0,4,0,6,18,1,0.07692307692307693,0
0,105000.0,0.0,1232,163,11,1,18,2,0,1,0,0,0,0,0,0,1,0,1,0,3,0,5,6,1,0.02702702702702703,0
1,82500.0,0.22580645161290322,676,93,6,1,25,0,1,0,0,0,0,0,0,0,1,0,1,0,4,0,6,4,1,0.11494252873563218,1
1,96750.0,0.29515418502202645,687,94,6,1,17,1,1,0,0,0,0,0,0,0,0,1,1,0,6,0,5,10,1,0.1,0
0,105000.0,0.0,908,125,10,1,33,4,1,0,0,0,0,0,0,0,1,0,1,0,7,1,0,23,0,0.0364963503649635,0
0,105000.0,0.0,730,96,6,1,22,2,0,0,0,0,0,1,0,1,0,1,0,0,5,0,3,0,0,0.058823529411764705,0
1,123000.0,0.32653061224489793,859,119,10,1,29,3,0,0,1,0,0,0,0,1,1,0,1,0,3,0,1,11,0,0.25,1
0,105000.0,0.0,693,94,6,1,19,4,1,0,0,0,0,0,0,0,0,0,1,0,6,0,3,4,0,0.04,0
1,89065.6,0.29809220985691576,985,137,10,1,18,1,0,1,0,0,0,0,0,1,0,1,1,0,4,0,0,18,0,0.21568627450980393,1
0,105000.0,0.0,827,116,10,1,18,4,1,0,0,0,0,0,0,0,0,1,1,0,4,0,4,2,0,0.0,0
1,43750.0,0.3173076923076923,747,98,6,1,24,1,0,0,0,0,0,0,1,0,0,1,1,0,5,1,6,20,1,0.15634218289085547,1
0,105000.0,0.0,683,90,6,1,20,1,0,0,0,0,0,1,0,0,0,1,1,0,3,0,0,20,0,0.13953488372093023,1
1,50481.6,0.3458262350936968,704,92,6,1,28,1,0,0,0,0,0,0,1,0,0,1,1,0,3,0,2,8,0,0.13043478260869565,1
1,187250.0,0.38228941684665224,1053,149,10,1,24,3,1,0,0,0,0,0,0,0,1,0,1,0,7,0,6,11,1,0.09210526315789473,0
1,149500.0,0.3388888888888889,837,112,6,1,33,4,1,0,0,0,0,0,0,0,0,1,0,0,4,0,3,18,0,0.04065040650406504,0
1,156500.0,0.3865979381443299,1137,149,11,1,25,4,0,0,0,1,0,0,0,0,1,0,1,0,5,0,1,2,0,0.04142011834319527,0
0,105000.0,0.0,1118,149,11,1,24,2,0,0,0,0,1,0,0,1,0,1,0,0,4,0,0,9,0,0.11224489795918367,1
1,79250.0,0.20903954802259886,928,125,10,1,28,3,0,0,0,0,0,0,1,1,0,1,1,0,5,0,0,4,0,0.2,1
0,105000.0,0.0,1114,148,11,1,14,4,0,0,0,0,1,0,0,1,0,0,1,0,5,0,6,19,1,0.08256880733944955,0
1,172411.2,0.23777636054421775,1278,169,11,1,13,3,0,1,0,0,0,0,0,0,1,0,0,1,5,1,3,2,0,0.07027027027027027,0
1,102897.59999999999,0.3326592517694641,843,118,10,1,16,2,0,0,1,0,0,0,0,0,0,0,1,0,4,1,1,20,0,0.0784313725490196,0
0,105000.0,0.0,1142,151,11,1,19,4,1,0,0,0,0,0,0,0,0,0,0,1,7,0,0,2,0,0.1038961038961039,0
1,127250.0,0.2976588628762542,721,94,6,1,17,5,0,0,0,1,0,0,0,1,1,0,0,1,5,0,6,1,1,0.08108108108108109,0
0,105000.0,0.0,1132,150,11,1,35,5,0,0,0,1,0,0,0,0,0,1,1,0,5,1,3,6,0,0.034482758620689655,0
1,141250.0,0.20063694267515925,844,118,10,1,21,3,0,1,0,0,0,0,0,0,0,0,1,0,4,0,0,5,0,0.17272727272727273,1
1,85250.0,0.2512820512820513,1299,173,11,1,17,5,0,0,0,1,0,0,0,1,0,1,1,0,5,1,3,3,0,0.1111111111111111,1
1,61250.0,0.2746478873239437,856,121,10,1,33,0,1,0,0,0,0,0,0,0,0,0,0,0,4,0,4,12,0,0.125,1
1,46000.0,0.3119266055045872,674,90,6,1,24,0,0,0,0,0,1,0,0,0,0,1,1,0,3,1,1,16,0,0.15236051502145923,1
1,241750.0,0.2732142857142857,891,121,6,1,19,4,1,0,0,0,0,0,0,0,1,0,1,0,6,0,4,22,0,0.0,0
1,45500.0,0.2830188679245283,1023,138,10,1,28,0,0,0,0,0,0,0,1,0,1,0,1,0,3,0,0,4,0,0.20454545454545456,1
1,110750.0,0.30268199233716475,997,139,10,1,28,3,0,0,0,1,0,0,0,1,0,0,1,0,3,0,2,21,0,0.12,1
1,100750.0,0.2324561403508772,659,89,6,1,19,2,0,0,0,0,0,1,0,1,1,0,1,0,3,0,5,13,1,0.23255813953488372,1
0,105000.0,0.0,878,118,6,1,18,1,0,0,0,0,1,0,0,0,0,1,1,0,5,0,0,3,0,0.03896103896103896,0
0,105000.0,0.0,1272,171,11,1,33,1,1,0,0,0,0,0,0,1,0,1,1,0,4,1,4,20,0,0.1,0
0,105000.0,0.0,1297,173,11,1,24,2,0,0,0,0,1,0,0,0,0,1,1,0,5,0,1,18,0,0.10416666666666667,0
1,128750.0,0.3440514469453376,1130,147,11,1,28,4,0,0,0,0,0,0,1,1,0,0,1,0,4,0,5,23,1,0.07377049180327869,0
1,100817.59999999999,0.20281794586577676,842,118,10,1,19,4,1,0,0,0,0,0,0,0,0,0,0,1,3,0,1,22,0,0.06140350877192982,0
1,62250.0,0.1956521739130435,867,112,6,1,22,1,0,0,0,0,0,1,0,1,0,1,1,0,5,0,4,10,0,0.23809523809523808,1
1,53750.0,0.38345864661654133,896,122,10,1,28,2,0,0,0,0,0,0,1,0,0,1,1,0,4,0,4,11,0,0.06666666666666667,0
1,117000.0,0.21374045801526717,1139,149,11,1,28,4,0,0,0,0,0,0,1,0,0,1,1,0,5,1,0,17,0,0.09701492537313433,0
0,105000.0,0.0,1121,149,11,1,19,2,0,0,0,0,0,1,0,1,0,1,0,0,5,1,4,22,0,0.08148148148148149,0
1,93000.0,0.3826086956521739,914,127,10,1,13,1,0,0,0,1,0,0,0,0,1,0,1,0,6,0,0,11,0,0.13333333333333333,1
1,81250.0,0.20441988950276244,865,112,6,1,28,2,0,0,0,1,0,0,0,0,0,1,0,0,4,0,6,21,1,0.16981132075471697,1
0,105000.0,0.0,1113,147,11,1,24,3,0,0,0,0,1,0,0,1,0,1,1,0,4,0,3,5,0,0.04597701149425287,0
0,105000.0,0.0,1299,171,11,1,23,1,0,1,0,0,0,0,0,0,0,1,1,0,7,1,4,22,0,0.05102040816326531,0
0,105000.0,0.0,896,121,6,1,32,3,0,0,1,0,0,0,0,0,1,0,1,0,4,0,1,7,0,0.0,0
1,123000.0,0.19117647058823528,899,119,6,1,22,3,0,0,0,0,0,1,0,0,1,0,1,0,6,0,0,7,0,0.1111111111111111,1
0,105000.0,0.0,873,114,6,1,28,1,0,0,0,1,0,0,0,0,0,0,1,0,4,1,3,23,0,0.049079754601226995,0
0,105000.0,0.0,1132,148,11,1,18,1,0,0,1,0,0,0,0,1,1,0,1,0,6,1,1,20,0,0.06557377049180328,0
1,91250.0,0.2783018867924528,1085,145,10,1,31,3,0,0,0,0,0,0,1,0,1,0,1,0,5,0,2,0,0,0.15,1
0,105000.0,0.0,1264,169,11,1,19,1,1,0,0,0,0,0,0,0,0,1,1,0,4,0,3,7,0,0.047619047619047616,0
1,75750.0,0.19642857142857142,1137,148,11,1,28,3,0,0,0,0,0,0,1,1,0,0,1,0,5,0,4,5,0,0.14285714285714285,1
0,105000.0,0.0,752,97,6,1,24,3,0,0,0,0,0,0,1,1,0,0,1,0,5,1,0,11,0,0.12169312169312169,1
1,96750.0,0.3670886075949367,984,140,10,1,15,1,1,0,0,0,0,0,0,0,0,1,1,0,4,1,3,7,0,0.06390977443609022,0
0,105000.0,0.0,708,92,6,1,31,3,0,0,0,0,0,0,1,0,0,1,1,0,3,0,6,3,1,0.08791208791208792,0
1,52500.0,0.32,1059,143,10,1,28,2,0,0,0,0,0,0,1,0,0,1,1,0,4,0,0,11,0,0.16666666666666666,1
1,67250.0,0.31875,1073,144,10,1,28,2,0,0,0,0,0,0,1,0,1,0,1,0,5,0,1,20,0,0.21052631578947367,1
0,105000.0,0.0,828,110,6,1,33,4,1,0,0,0,0,0,0,0,1,0,1,0,4,0,1,7,0,0.030303030303030304,0
1,99000.0,0.21621621621621623,698,92,6,1,13,2,0,0,0,1,0,0,0,0,1,0,1,0,4,1,5,8,1,0.1,0
1,99750.0,0.20270270270270271,861,121,10,1,19,4,1,0,0,0,0,0,0,1,0,1,1,0,4,0,6,1,1,0.13636363636363635,1
1,152250.0,0.3973684210526316,1127,149,11,1,14,3,0,0,1,0,0,0,0,0,0,1,1,0,6,0,6,1,1,0.12745098039215685,1
0,105000.0,0.0,1010,141,10,1,12,1,0,1,0,0,0,0,0,0,1,0,0,1,6,0,3,4,0,0.10256410256410256,0
1,144250.0,0.39275766016713093,1011,141,10,1,22,4,0,0,0,0,0,1,0,1,1,0,1,0,3,0,4,22,0,0.0851063829787234,0
1,347750.0,0.3577331759149941,826,115,10,1,18,5,1,0,0,0,0,0,0,0,0,1,1,0,3,0,2,22,0,0.033707865168539325,0
1,160250.0,0.30423280423280424,1028,145,10,1,33,3,1,0,0,0,0,0,0,1,0,0,0,1,4,0,3,21,0,0.225,1
0,105000.0,0.0,1260,167,11,1,16,0,0,0,1,0,0,0,0,0,0,0,1,0,4,0,1,23,0,0.05434782608695652,0
1,93500.0,0.3377777777777778,1100,145,11,1,17,5,0,0,0,1,0,0,0,1,0,0,1,0,3,0,5,19,1,0.13114754098360656,1
0,105000.0,0.0,1281,168,11,1,31,3,0,0,0,0,0,0,1,0,1,0,1,0,3,0,4,16,0,0.0891089108910891,0
0,105000.0,0.0,938,129,10,1,25,4,0,0,0,1,0,0,0,1,0,0,1,0,6,0,3,6,0,0.0,0
1,109750.0,0.22983870967741934,893,124,10,1,15,2,0,0,1,0,0,0,0,0,0,1,1,0,6,0,6,20,1,0.13043478260869565,1
1,89750.0,0.3532110091743119,1047,145,10,1,19,3,0,0,0,0,0,1,0,0,0,1,1,0,5,0,4,18,0,0.16521739130434782,1
1,40750.0,0.3020833333333333,725,94,6,1,24,1,0,0,0,0,0,0,1,0,0,0,1,0,4,0,6,0,1,0.0851063829787234,0
0,105000.0,0.0,1120,148,11,1,22,4,0,0,0,0,0,1,0,1,1,0,0,1,5,0,3,17,0,0.16176470588235295,1
1,151500.0,0.23323615160349853,661,88,6,1,18,3,0,1,0,0,0,0,0,0,0,0,0,0,4,0,3,0,0,0.09166666666666666,0
1,84500.0,0.3904761904761905,654,88,6,1,23,1,0,1,0,0,0,0,0,0,0,0,1,0,3,0,3,11,0,0.07142857142857142,0
1,119250.0,0.3204225352112676,1015,138,10,1,29,3,0,0,1,0,0,0,0,1,1,0,1,0,3,0,5,4,1,0.08695652173913043,0
1,117250.0,0.3771626297577855,1150,151,11,1,15,2,0,0,1,0,0,0,0,1,0,0,0,1,7,1,3,12,0,0.1111111111111111,1
0,105000.0,0.0,704,97,6,1,19,3,1,0,0,0,0,0,0,1,0,0,0,1,7,0,2,16,0,0.08974358974358974,0
0,105000.0,0.0,1126,149,11,1,25,3,1,0,0,0,0,0,0,0,1,0,1,0,7,1,1,23,0,0.06321839080459771,0
1,87750.0,0.38990825688073394,898,126,10,1,18,1,0,0,0,0,1,0,0,0,1,0,0,0,6,0,5,5,1,0.11504424778761062,1
0,105000.0,0.0,1262,167,11,1,26,4,0,0,0,0,1,0,0,0,0,1,1,0,4,0,0,13,0,0.09251101321585903,0
1,131250.0,0.32802547770700635,734,99,6,1,25,4,0,0,0,1,0,0,0,1,0,0,1,0,5,0,1,13,0,0.0,0
0,105000.0,0.0,870,118,10,1,28,0,0,0,0,0,0,0,1,0,0,1,1,0,3,0,5,8,1,0.13245033112582782,1
1,74000.0,0.35555555555555557,828,115,10,1,14,2,0,0,0,0,1,0,0,0,0,1,1,0,3,1,5,1,1,0.09669211195928754,0
0,105000.0,0.0,1135,149,11,1,17,5,0,0,0,1,0,0,0,0,0,0,0,0,6,0,4,3,0,0.0639269406392694,0
1,162250.0,0.30548302872062666,722,96,6,1,15,3,0,0,1,0,0,0,0,0,0,1,1,0,5,1,2,8,0,0.09375,0
0,105000.0,0.0,851,119,10,1,18,1,1,0,0,0,0,0,0,1,0,1,0,0,5,0,4,4,0,0.037037037037037035,0
1,205420.80000000002,0.32638535841382815,821,115,10,1,13,3,0,1,0,0,0,0,0,0,1,0,1,0,3,1,2,13,0,0.16161616161616163,1
1,90750.0,0.23786407766990292,1029,140,10,1,25,4,0,0,0,1,0,0,0,0,0,1,0,1,3,1,2,0,0,0.06779661016949153,0
1,95750.0,0.20187793427230047,824,115,10,1,15,2,0,0,1,0,0,0,0,0,0,0,1,0,3,1,3,7,0,0.10810810810810811,1
1,241000.0,0.2376599634369287,686,92,6,1,14,4,0,1,0,0,0,0,0,1,0,1,1,0,5,0,1,6,0,0.0,0
1,28000.0,0.37681159420289856,1312,173,11,1,28,0,0,0,0,0,0,0,1,0,0,0,1,0,5,1,3,8,0,0.2033898305084746,1
1,97000.0,0.3056768558951965,726,92,6,1,24,4,0,0,0,0,0,0,1,1,0,1,1,0,4,0,1,7,0,0.08,0
0,105000.0,0.0,1103,146,11,1,18,1,0,0,0,0,1,0,0,1,0,0,1,0,3,1,1,6,0,0.10062893081761007,0
0,105000.0,0.0,759,99,6,1,25,2,0,1,0,0,0,0,0,1,1,0,0,1,7,1,2,19,0,0.10891089108910891,1
1,63750.0,0.20422535211267606,759,96,6,1,24,3,0,0,0,0,0,0,1,1,0,0,1,0,5,0,1,17,0,0.14754098360655737,1
0,105000.0,0.0,1141,151,11,1,24,3,0,0,0,0,1,0,0,0,0,1,1,0,7,0,3,5,0,0.06349206349206349,0
0,105000.0,0.0,1107,147,11,1,21,3,0,1,0,0,0,0,0,0,1,0,1,0,5,0,0,11,0,0.04,0
1,153500.0,0.23563218390804597,1086,144,11,1,17,3,1,0,0,0,0,0,0,1,0,1,1,0,3,0,5,22,1,0.1267605633802817,1
1,109000.0,0.31007751937984496,1133,149,11,1,28,3,0,0,0,1,0,0,0,0,0,1,0,0,5,0,0,19,0,0.15544041450777202,1
0,105000.0,0.0,897,124,10,1,13,3,0,0,0,1,0,0,0,0,0,0,1,0,5,1,1,0,0,0.07207207207207207,0
1,84000.0,0.25,690,91,6,1,25,4,0,0,0,1,0,0,0,1,0,0,1,0,3,0,3,22,0,0.16666666666666666,1
1,93500.0,0.34513274336283184,710,98,6,1,14,3,0,0,0,0,1,0,0,0,0,0,0,1,6,0,5,1,1,0.0975609756097561,0
1,79747.20000000001,0.3581674159708842,783,107,6,1,14,2,0,0,0,0,1,0,0,1,0,0,0,1,3,1,1,21,0,0.10026385224274406,0
0,105000.0,0.0,728,98,6,1,33,3,1,0,0,0,0,0,0,1,0,1,0,0,7,0,0,19,0,0.02857142857142857,0
0,105000.0,0.0,1275,166,11,1,32,4,0,0,0,1,0,0,0,0,0,0,1,0,4,0,3,10,0,0.021052631578947368,0
0,105000.0,0.0,1094,145,11,1,15,5,0,0,1,0,0,0,0,0,0,1,1,0,4,0,0,16,0,0.03286384976525822,0
1,61250.0,0.3219178082191781,705,92,6,1,22,4,0,0,0,0,0,1,0,0,0,0,0,1,4,1,5,20,1,0.14285714285714285,1
1,107000.0,0.288,1114,147,11,1,25,2,1,0,0,0,0,0,0,1,0,0,1,0,6,1,6,13,1,0.14792899408284024,1
1,107000.0,0.1864406779661017,1286,171,11,1,21,4,1,0,0,0,0,0,0,1,0,1,1,0,6,1,2,7,0,0.11827956989247312,1
1,84000.0,0.38461538461538464,902,122,6,1,16,1,0,0,1,0,0,0,0,0,0,0,0,0,6,0,4,23,0,0.14705882352941177,1
0,105000.0,0.0,867,119,10,1,33,4,1,0,0,0,0,0,0,0,0,0,1,0,4,1,2,1,0,0.02127659574468085,0
1,112500.0,0.22134387351778656,892,124,10,1,22,4,0,0,0,0,0,1,0,0,1,0,1,0,5,1,5,19,1,0.1452991452991453,1
1,106000.0,0.2551440329218107,848,119,10,1,15,1,1,0,0,0,0,0,0,0,1,0,1,0,5,0,3,11,0,0.1375,1
1,245500.0,0.3741721854304636,1107,145,11,1,29,5,0,0,1,0,0,0,0,1,1,0,0,0,4,0,2,2,0,0.08823529411764706,0
1,45250.0,0.25961538461538464,900,122,6,1,18,0,0,0,0,0,1,0,0,1,0,1,1,0,6,0,5,10,1,0.07142857142857142,0
0,105000.0,0.0,652,88,6,1,13,0,0,0,0,1,0,0,0,0,0,1,1,0,3,0,4,5,0,0.05319148936170213,0
1,243500.0,0.21611721611721613,1141,151,11,1,32,3,0,0,1,0,0,0,0,0,1,0,1,0,6,0,6,13,1,0.06818181818181818,0
1,78707.20000000001,0.34383891442328735,860,116,6,1,24,3,0,0,0,0,0,0,1,0,0,1,1,0,3,1,3,20,0,0.08139534883720931,0
1,120000.0,0.35051546391752575,1251,167,11,1,24,3,0,0,0,0,1,0,0,0,0,1,1,0,3,0,1,13,0,0.08108108108108109,0
1,53123.2,0.3820082356667722,1284,168,11,1,31,2,0,0,0,0,0,0,1,0,0,1,1,0,4,0,3,1,0,0.19642857142857142,1
1,145267.2,0.3956586654415987,1138,150,11,1,16,3,0,0,1,0,0,0,0,1,0,0,1,0,6,0,2,5,0,0.12121212121212122,1
1,137000.0,0.36904761904761907,655,88,6,1,19,4,0,0,0,0,0,1,0,1,0,1,0,0,3,0,4,17,0,0.06779661016949153,0
0,105000.0,0.0,1062,145,10,1,22,3,0,0,0,0,0,1,0,0,0,0,1,0,4,0,4,7,0,0.05,0
0,105000.0,0.0,1072,147,10,1,24,4,0,0,0,0,0,0,1,1,0,1,1,0,4,0,0,6,0,0.10714285714285714,1
1,155750.0,0.23011363636363635,713,93,6,1,35,5,0,0,0,1,0,0,0,0,1,0,1,0,3,0,3,20,0,0.11267605633802817,1
1,102000.0,0.32098765432098764,1100,145,11,1,18,3,0,0,0,0,1,0,0,0,0,0,1,0,4,1,3,0,0,0.06134969325153374,0
1,71572.79999999999,0.30975190370916234,1288,172,11,1,13,0,0,1,0,0,0,0,0,0,0,1,0,0,7,0,3,19,0,0.2,1
0,105000.0,0.0,1105,145,11,1,14,4,0,1,0,0,0,0,0,1,0,0,1,0,5,1,1,10,0,0.06666666666666667,0
0,105000.0,0.0,1119,146,11,1,24,3,0,0,0,0,0,0,1,0,0,1,1,0,4,1,5,15,1,0.08996088657105607,0
0,105000.0,0.0,726,94,6,1,25,2,0,1,0,0,0,0,0,0,0,1,1,0,6,0,0,9,0,0.07333333333333333,0
1,51250.0,0.20175438596491227,778,99,6,1,28,1,0,0,0,0,0,0,1,1,1,0,1,0,5,0,4,8,0,0.17333333333333334,1
1,167000.0,0.35872235872235875,888,124,10,1,26,4,0,0,0,0,1,0,0,0,0,1,0,0,5,0,0,12,0,0.05504587155963303,0
0,105000.0,0.0,880,122,10,1,24,3,1,0,0,0,0,0,0,1,1,0,1,0,6,0,1,10,0,0.06354515050167224,0
0,105000.0,0.0,1141,150,11,1,15,3,0,0,1,0,0,0,0,1,0,0,1,0,7,0,1,19,0,0.05128205128205128,0
1,97500.0,0.30434782608695654,1043,140,10,1,31,3,0,0,0,0,0,0,1,0,1,0,1,0,4,1,0,19,0,0.13247863247863248,1
0,105000.0,0.0,1084,147,10,1,35,5,0,0,0,1,0,0,0,0,0,1,1,0,5,0,5,15,1,0.09722222222222222,0
0,105000.0,0.0,1011,145,10,1,14,2,0,0,1,0,0,0,0,0,1,0,1,0,4,1,3,7,0,0.02564102564102564,0
1,69492.79999999999,0.3580732366674858,1239,163,11,1,14,0,0,1,0,0,0,0,0,0,1,0,0,0,3,0,4,3,0,0.16129032258064516,1
1,138500.0,0.25236593059936907,705,96,6,1,13,4,0,0,0,1,0,0,0,0,0,0,1,0,5,0,4,19,0,0.14285714285714285,1
0,105000.0,0.0,989,136,10,1,25,4,0,0,0,1,0,0,0,0,1,0,1,0,3,1,3,6,0,0.0,0
1,72250.0,0.30994152046783624,1107,146,11,1,17,5,0,0,0,1,0,0,0,0,0,0,0,1,3,1,2,23,0,0.1271186440677966,1
1,119787.20000000001,0.20464463840398997,1311,174,11,1,22,4,0,0,0,0,0,1,0,1,1,0,1,0,6,1,1,16,0,0.14084507042253522,1
1,49750.0,0.23893805309734514,872,119,10,1,24,2,0,0,0,0,0,0,1,1,0,0,1,0,3,1,2,15,0,0.14563106796116504,1
0,105000.0,0.0,1124,150,11,1,24,1,0,0,0,0,1,0,0,0,1,0,1,0,5,0,5,5,1,0.06451612903225806,0
1,43250.0,0.38317757009345793,888,120,6,1,18,0,0,0,0,0,1,0,0,1,0,1,1,0,6,1,5,11,1,0.17318435754189945,1
1,101000.0,0.2510822510822511,862,121,10,1,17,2,1,0,0,0,0,0,0,0,0,0,1,0,6,1,6,13,1,0.09090909090909091,0
1,192462.4,0.38389660291677585,1266,167,11,1,18,3,1,0,0,0,0,0,0,1,0,0,1,0,6,0,4,1,0,0.15306122448979592,1
1,85750.0,0.19473684210526315,1123,149,11,1,33,0,1,0,0,0,0,0,0,0,1,0,0,1,6,0,5,10,1,0.06818181818181818,0
1,108250.0,0.28174603174603174,736,97,6,1,19,3,0,0,0,0,0,1,0,1,0,0,1,0,6,0,0,3,0,0.19047619047619047,1
1,148750.0,0.19148936170212766,688,94,6,1,19,3,1,0,0,0,0,0,0,1,0,1,0,1,6,1,5,2,1,0.15053763440860216,1
0,105000.0,0.0,895,125,10,1,25,1,0,0,1,0,0,0,0,1,0,0,0,1,4,0,2,4,0,0.10526315789473684,0
1,82750.0,0.35323383084577115,869,119,10,1,22,2,0,0,0,0,0,1,0,0,1,0,1,0,4,0,2,8,0,0.11956521739130435,1
1,325500.0,0.3622641509433962,821,113,6,1,25,4,1,0,0,0,0,0,0,0,1,0,0,1,4,0,1,13,0,0.0728476821192053,0
0,105000.0,0.0,844,120,10,1,15,1,1,0,0,0,0,0,0,0,0,0,1,0,6,0,6,23,1,0.03076923076923077,0
0,105000.0,0.0,1143,151,11,1,14,1,0,0,1,0,0,0,0,1,1,0,1,0,7,1,0,3,0,0.07874015748031496,0
0,105000.0,0.0,832,111,6,1,20,0,0,0,0,0,0,1,0,0,1,0,0,0,3,0,5,6,1,0.14634146341463414,1
1,132641.6,0.36562860438292966,746,98,6,1,25,3,0,1,0,0,0,0,0,0,0,1,1,0,7,1,5,11,1,0.14383561643835616,1
0,105000.0,0.0,875,125,10,1,14,4,0,0,0,0,1,0,0,0,1,0,1,0,5,0,4,20,0,0.0,0
1,118500.0,0.2949640287769784,1029,141,10,1,25,2,0,1,0,0,0,0,0,1,0,0,1,0,5,1,5,18,1,0.09803921568627451,0
1,61750.0,0.35333333333333333,870,121,10,1,28,2,0,0,0,0,0,0,1,0,0,1,1,0,3,0,2,3,0,0.09523809523809523,0
1,40750.0,0.18888888888888888,1052,142,10,1,28,1,0,0,0,0,0,0,1,0,0,1,1,0,4,0,0,7,0,0.20134228187919462,1
0,105000.0,0.0,850,117,10,1,25,2,0,1,0,0,0,0,0,0,1,0,1,0,3,1,6,19,1,0.06048387096774194,0
1,59000.0,0.3611111111111111,1120,146,11,1,20,1,0,0,0,0,0,1,0,0,0,0,0,0,5,0,1,18,0,0.18604651162790697,1
1,76000.0,0.4,1148,152,11,1,24,2,0,0,0,0,1,0,0,0,0,1,1,0,7,1,0,12,0,0.0821917808219178,0
1,152172.8,0.39056313242410917,932,131,10,1,19,4,1,0,0,0,0,0,0,1,1,0,0,1,7,1,1,22,0,0.06912442396313365,0
0,105000.0,0.0,1106,145,11,1,29,3,0,0,1,0,0,0,0,0,1,0,1,0,3,0,5,16,1,0.06666666666666667,0
0,105000.0,0.0,890,120,6,1,14,4,0,0,0,0,1,0,0,0,0,1,1,0,7,0,3,11,0,0.06741573033707865,0
0,105000.0,0.0,1305,172,11,1,29,2,0,0,1,0,0,0,0,0,0,1,1,0,5,0,5,23,1,0.07692307692307693,0
0,105000.0,0.0,1106,147,11,1,33,2,1,0,0,0,0,0,0,1,1,0,1,0,4,1,1,3,0,0.1111111111111111,1
1,84000.0,0.38461538461538464,993,139,10,1,21,1,0,1,0,0,0,0,0,0,0,1,1,0,4,0,4,3,0,0.1258741258741259,1
1,86000.0,0.32195121951219513,680,91,6,1,13,2,0,0,0,1,0,0,0,1,0,0,0,0,4,1,6,4,1,0.05263157894736842,0
1,45750.0,0.2897196261682243,876,118,10,1,31,1,0,0,0,0,0,0,1,1,0,1,1,0,3,0,1,22,0,0.15789473684210525,1
0,105000.0,0.0,1055,142,10,1,28,3,0,0,0,0,0,0,1,0,1,0,0,1,4,1,2,0,0,0.09615384615384616,0
1,176750.0,0.3672055427251732,894,124,10,1,24,4,0,0,0,0,1,0,0,0,1,0,1,0,5,0,1,9,0,0.05357142857142857,0
0,105000.0,0.0,948,128,10,1,32,3,0,0,0,1,0,0,0,0,1,0,0,0,6,0,4,18,0,0.11224489795918367,1
1,62961.6,0.22700644405389572,1132,151,11,1,14,1,0,0,0,0,1,0,0,0,0,1,0,0,7,1,0,20,0,0.1016949152542373,0
1,128750.0,0.2179930795847751,1236,165,11,1,19,1,1,0,0,0,0,0,0,0,1,0,1,0,3,0,1,9,0,0.12121212121212122,1
1,53000.0,0.31746031746031744,1271,167,11,1,24,2,0,0,0,0,0,0,1,0,0,0,1,0,4,0,0,13,0,0.10294117647058823,0
0,105000.0,0.0,719,98,6,1,19,4,1,0,0,0,0,0,0,0,0,0,1,0,5,0,1,15,0,0.04242424242424243,0
1,142250.0,0.3554913294797688,1087,143,11,1,12,3,0,1,0,0,0,0,0,1,0,1,0,0,3,0,5,4,1,0.0967741935483871,0
1,135500.0,0.3772455089820359,1114,148,11,1,21,4,1,0,0,0,0,0,0,1,1,0,0,1,7,1,6,5,1,0.1774193548387097,1
1,136572.8,0.2624057165541881,874,122,10,1,16,3,0,0,1,0,0,0,0,0,0,1,1,0,4,0,6,15,1,0.109375,1
1,144750.0,0.3119533527696793,754,103,6,1,14,4,0,0,0,0,1,0,0,0,1,0,1,0,7,0,3,16,0,0.09523809523809523,0
1,66750.0,0.3416149068322981,1107,146,11,1,29,1,0,0,1,0,0,0,0,0,1,0,1,0,3,1,4,20,0,0.1032258064516129,0
1,78250.0,0.20114942528735633,1283,170,11,1,18,1,0,0,0,0,1,0,0,0,1,0,0,0,7,0,5,10,1,0.136986301369863,1
1,133250.0,0.26384364820846906,1141,150,11,1,32,3,0,0,1,0,0,0,0,0,1,0,1,0,5,1,5,4,1,0.04081632653061224,0
1,143750.0,0.203125,922,125,10,1,28,3,0,0,0,1,0,0,0,0,1,0,1,0,5,0,3,17,0,0.06428571428571428,0
0,105000.0,0.0,898,122,10,1,22,1,0,0,0,0,0,1,0,0,0,1,0,1,5,0,6,19,1,0.04918032786885246,0
0,105000.0,0.0,836,114,6,1,21,1,0,1,0,0,0,0,0,0,0,1,1,0,5,0,6,2,1,0.13333333333333333,1
1,105206.4,0.2582644628099174,690,94,6,1,33,1,1,0,0,0,0,0,0,1,1,0,1,0,4,0,0,9,0,0.10679611650485436,0
1,143250.0,0.3294460641399417,1130,148,11,1,21,3,0,1,0,0,0,0,0,0,0,0,1,0,7,0,0,7,0,0.1320754716981132,1
1,168812.8,0.3462713936430317,876,122,10,1,25,3,1,0,0,0,0,0,0,0,0,1,1,0,6,0,3,3,0,0.11290322580645161,1
1,48000.0,0.3728813559322034,1316,173,11,1,20,0,0,0,0,0,0,1,0,0,1,0,1,0,6,1,3,10,0,0.21014492753623187,1
1,110177.59999999999,0.24399138073926735,909,117,6,1,32,3,0,0,0,1,0,0,0,1,0,0,1,0,5,0,5,5,1,0.12903225806451613,1
1,132750.0,0.1815068493150685,887,123,10,1,16,3,0,0,1,0,0,0,0,0,0,1,1,0,5,1,6,18,1,0.015503875968992248,0
1,225250.0,0.35283363802559414,678,88,6,1,23,4,0,1,0,0,0,0,0,0,0,1,0,1,3,1,5,13,1,0.0718232044198895,0
1,115750.0,0.2260536398467433,716,94,6,1,32,3,0,0,1,0,0,0,0,0,0,1,0,0,3,0,3,7,0,0.07894736842105263,0
1,104500.0,0.2938775510204082,1144,149,11,1,31,3,0,0,0,0,0,0,1,1,1,0,0,0,5,0,4,17,0,0.13043478260869565,1
0,105000.0,0.0,867,123,10,1,25,1,1,0,0,0,0,0,0,0,0,1,1,0,6,0,0,7,0,0.03571428571428571,0
1,100750.0,0.2851063829787234,1107,146,11,1,26,4,0,0,0,0,1,0,0,1,1,0,1,0,3,0,3,21,0,0.14655172413793102,1
1,80000.0,0.3673469387755102,870,121,10,1,28,3,0,0,0,0,0,0,1,0,0,1,0,0,3,0,2,1,0,0.136986301369863,1
1,75750.0,0.37967914438502676,757,100,6,1,28,2,0,0,0,1,0,0,0,0,0,0,1,0,5,0,5,23,1,0.11842105263157894,1
0,105000.0,0.0,671,90,6,1,14,2,0,0,1,0,0,0,0,0,0,1,0,1,3,0,1,21,0,0.07142857142857142,0
0,105000.0,0.0,638,88,6,1,18,3,1,0,0,0,0,0,0,0,0,1,1,0,3,0,1,20,0,0.04716981132075472,0
0,105000.0,0.0,1053,144,10,1,25,1,0,1,0,0,0,0,0,0,1,0,1,0,7,1,5,0,1,0.06349206349206349,0
0,105000.0,0.0,698,96,6,1,19,3,1,0,0,0,0,0,0,0,0,1,0,1,7,0,4,8,0,0.043478260869565216,0
1,118750.0,0.3898305084745763,1104,147,11,1,15,1,1,0,0,0,0,0,0,0,1,0,1,0,6,1,1,10,0,0.09523809523809523,0
1,57000.0,0.3597122302158273,850,114,6,1,20,2,0,0,0,0,0,1,0,0,0,0,1,0,4,0,1,18,0,0.21428571428571427,1
1,119250.0,0.34375,825,117,10,1,25,1,1,0,0,0,0,0,0,1,0,1,1,0,3,0,6,12,1,0.18487394957983194,1
0,105000.0,0.0,1280,169,11,1,24,2,0,0,0,0,0,0,1,0,0,1,1,0,3,0,1,3,0,0.13636363636363635,1
1,265512.0,0.3150739176346357,741,96,6,1,32,3,0,0,1,0,0,0,0,1,0,1,1,0,4,0,6,17,1,0.0,0
0,105000.0,0.0,1098,149,10,1,28,1,0,0,0,1,0,0,0,1,0,1,1,0,6,0,5,21,1,0.075,0
0,105000.0,0.0,910,125,10,1,18,3,0,0,1,0,0,0,0,1,0,0,0,0,6,1,6,8,1,0.06349206349206349,0
1,120250.0,0.312280701754386,1327,175,11,1,32,3,0,0,0,1,0,0,0,1,0,1,1,0,6,0,6,10,1,0.1044776119402985,0
1,93250.0,0.33482142857142855,887,118,6,1,25,1,0,0,1,0,0,0,0,0,0,1,1,0,4,0,4,0,0,0.1037037037037037,0
1,108409.59999999999,0.39467200492762544,813,110,6,1,19,3,0,0,0,0,0,1,0,0,1,0,1,0,3,1,4,1,0,0.04424778761061947,0
1,108750.0,0.3888888888888889,1291,170,11,1,16,1,0,0,1,0,0,0,0,0,1,0,1,0,7,1,5,2,1,0.14705882352941177,1
0,105000.0,0.0,844,122,10,1,14,3,0,0,0,0,1,0,0,0,1,0,1,0,4,1,5,10,1,0.012345679012345678,0
1,174250.0,0.19896640826873385,1272,169,11,1,13,4,0,0,0,1,0,0,0,0,1,0,0,0,5,1,1,18,0,0.03389830508474576,0
1,115750.0,0.2915129151291513,682,94,6,1,24,3,0,0,0,0,1,0,0,0,0,1,1,0,3,0,2,2,0,0.045454545454545456,0
0,105000.0,0.0,1129,149,11,1,22,4,0,0,0,0,0,1,0,0,1,0,1,0,5,1,3,15,0,0.09929078014184398,0
0,105000.0,0.0,1127,148,11,1,23,3,0,1,0,0,0,0,0,1,0,0,1,0,7,1,1,23,0,0.06607929515418502,0
1,65457.6,0.33580116340560545,1284,168,11,1,22,1,0,0,0,0,0,1,0,1,1,0,1,0,6,0,5,12,1,0.2153846153846154,1
1,124000.0,0.3576158940397351,1257,167,11,1,25,1,0,0,1,0,0,0,0,0,0,1,1,0,4,0,4,0,0,0.07317073170731707,0
0,105000.0,0.0,936,130,10,1,24,1,0,0,0,0,1,0,0,1,0,0,1,0,7,0,3,6,0,0.07692307692307693,0
0,105000.0,0.0,743,96,6,1,29,1,0,0,1,0,0,0,0,0,0,0,1,0,5,1,0,16,0,0.08947368421052632,0
1,118000.0,0.37800687285223367,1116,148,11,1,21,4,1,0,0,0,0,0,0,0,0,1,1,0,6,0,6,16,1,0.0958904109589041,0
1,125382.40000000001,0.2773649614175479,957,131,10,1,35,5,0,0,0,1,0,0,0,0,0,1,1,0,6,1,3,16,0,0.06870229007633588,0
0,105000.0,0.0,860,115,6,1,28,4,0,0,0,1,0,0,0,1,1,0,0,1,3,0,2,1,0,0.043010752688172046,0
1,156000.0,0.20689655172413793,1121,148,11,1,13,3,0,0,0,1,0,0,0,0,1,0,1,0,5,0,1,6,0,0.05555555555555555,0
1,59500.0,0.26277372262773724,1089,144,11,1,18,1,0,0,1,0,0,0,0,0,0,1,0,1,3,1,6,8,1,0.1228813559322034,1
1,52750.0,0.256198347107438,892,120,10,1,28,1,0,0,0,0,0,0,1,0,1,0,1,0,4,1,4,8,0,0.16853932584269662,1
1,65000.0,0.3225806451612903,1123,146,11,1,31,3,0,0,0,0,0,0,1,0,0,0,1,0,4,0,6,21,1,0.10909090909090909,1
0,105000.0,0.0,1102,146,11,1,12,4,0,1,0,0,0,0,0,0,0,1,1,0,5,0,4,0,0,0.09090909090909091,0
1,87500.0,0.30097087378640774,695,92,6,1,23,1,0,1,0,0,0,0,0,1,0,1,1,0,5,1,3,11,0,0.16560509554140126,1
1,80000.0,0.2608695652173913,888,116,6,1,31,3,0,0,0,0,0,0,1,0,0,1,1,0,4,0,5,10,1,0.09722222222222222,0
0,105000.0,0.0,1313,173,11,1,31,3,0,0,0,0,0,0,1,1,1,0,0,0,5,1,1,1,0,0.1111111111111111,1
0,105000.0,0.0,834,116,10,1,21,2,0,1,0,0,0,0,0,1,0,0,1,0,3,0,5,13,1,0.05102040816326531,0
1,83750.0,0.38164251207729466,1293,173,11,1,26,4,0,0,0,0,1,0,0,1,0,1,1,0,5,0,4,20,0,0.0641025641025641,0
0,105000.0,0.0,1253,166,11,1,13,0,0,0,0,1,0,0,0,0,0,0,1,0,3,0,0,4,0,0.07692307692307693,0
0,105000.0,0.0,1067,148,10,1,25,1,0,0,1,0,0,0,0,0,0,1,1,0,6,0,6,11,1,0.08148148148148149,0
1,146500.0,0.33994334277620397,1076,149,10,1,14,3,0,0,1,0,0,0,0,1,0,0,0,0,7,0,4,10,0,0.07079646017699115,0
1,62500.0,0.18840579710144928,1292,169,11,1,28,1,0,0,0,0,0,0,1,0,1,0,1,0,5,0,6,9,1,0.1989247311827957,1
1,80500.0,0.23076923076923078,1109,147,11,1,24,3,0,0,0,0,0,0,1,0,0,1,0,0,3,0,4,9,0,0.06944444444444445,0
0,105000.0,0.0,1282,168,11,1,33,4,1,0,0,0,0,0,0,0,0,1,0,1,7,1,4,22,0,0.048,0
1,75857.59999999999,0.3428766189502385,1285,172,11,1,25,1,0,0,1,0,0,0,0,0,0,1,1,0,4,0,0,7,0,0.13392857142857142,1
1,62000.0,0.2896551724137931,1048,147,10,1,18,0,0,0,0,0,1,0,0,1,1,0,1,0,5,0,4,20,0,0.152317880794702,1
1,93662.40000000001,0.3602767158201347,1129,148,11,1,18,3,0,0,1,0,0,0,0,0,0,1,1,0,5,1,2,6,0,0.1375,1
1,99500.0,0.2918454935622318,815,108,6,1,22,4,0,0,0,0,0,1,0,0,0,1,1,0,3,0,6,2,1,0.06060606060606061,0
1,144500.0,0.38095238095238093,1122,146,11,1,23,2,0,1,0,0,0,0,0,0,1,0,0,0,6,1,2,9,0,0.10526315789473684,0
1,75750.0,0.29775280898876405,738,96,6,1,24,3,0,0,0,0,0,0,1,0,0,0,1,0,3,0,5,16,1,0.12,1
1,104500.0,0.39846743295019155,1086,149,10,1,25,4,0,0,0,1,0,0,0,0,0,0,1,0,6,1,3,2,0,0.08018867924528301,0
1,72500.0,0.25301204819277107,910,128,10,1,24,2,0,0,0,0,1,0,0,0,0,1,0,0,6,0,6,8,1,0.1206896551724138,1
0,105000.0,0.0,1123,148,11,1,24,0,0,0,0,0,0,0,1,0,0,1,0,0,4,1,0,0,0,0.10650887573964497,0
1,182000.0,0.22871046228710462,1118,148,11,1,19,3,1,0,0,0,0,0,0,1,0,1,1,0,7,1,6,17,1,0.1443661971830986,1
1,197250.0,0.3995943204868154,1126,148,11,1,25,3,0,1,0,0,0,0,0,1,1,0,1,0,7,0,4,6,0,0.15,1
1,120250.0,0.24452554744525548,1085,143,11,1,17,2,1,0,0,0,0,0,0,0,0,1,0,0,3,0,0,4,0,0.14705882352941177,1
1,110000.0,0.24,1116,148,11,1,24,2,0,0,0,0,1,0,0,0,1,0,1,0,5,1,6,0,1,0.06611570247933884,0
0,105000.0,0.0,1095,144,11,1,13,4,0,1,0,0,0,0,0,0,1,0,0,0,4,1,5,21,1,0.037037037037037035,0
1,130000.0,0.3006535947712418,1279,172,11,1,19,2,1,0,0,0,0,0,0,0,0,1,1,0,6,0,1,13,0,0.1111111111111111,1
1,98250.0,0.1889400921658986,715,98,6,1,24,3,0,0,0,0,1,0,0,1,0,0,1,0,4,1,2,20,0,0.1643835616438356,1
1,58000.0,0.2556390977443609,1265,166,11,1,18,1,0,0,0,0,1,0,0,0,0,0,1,0,5,0,6,8,1,0.08771929824561403,0
1,108000.0,0.2222222222222222,1270,168,11,1,21,4,1,0,0,0,0,0,0,1,0,0,1,0,7,1,4,14,0,0.10377358490566038,0
0,105000.0,0.0,1137,149,11,1,33,2,1,0,0,0,0,0,0,1,0,0,1,0,7,0,3,13,0,0.07894736842105263,0
1,106500.0,0.367816091954023,1049,144,10,1,15,1,0,0,1,0,0,0,0,0,1,0,0,0,6,0,0,8,0,0.2,1
1,80600.0,0.2697030587184639,1094,147,11,1,14,4,0,0,0,0,1,0,0,0,0,0,1,0,4,1,1,14,0,0.10416666666666667,0
1,208500.0,0.25157232704402516,854,115,6,1,18,3,1,0,0,0,0,0,0,1,1,0,0,0,6,1,3,19,0,0.10909090909090909,1
1,88500.0,0.3611111111111111,1031,145,10,1,24,3,1,0,0,0,0,0,0,0,0,1,0,1,7,0,0,12,0,0.13580246913580246,1
1,102000.0,0.32098765432098764,1272,167,11,1,32,2,0,0,0,1,0,0,0,0,1,0,1,0,3,1,2,21,0,0.11538461538461539,1
0,105000.0,0.0,754,98,6,1,28,3,0,0,0,0,0,0,1,0,0,1,1,0,5,0,1,17,0,0.05660377358490566,0
0,105000.0,0.0,887,119,6,1,24,2,0,0,0,0,0,0,1,1,0,0,1,0,4,0,3,7,0,0.1323529411764706,1
1,198250.0,0.23385300668151449,876,123,10,1,15,3,1,0,0,0,0,0,0,0,1,0,1,0,7,0,5,14,1,0.08823529411764706,0
1,88000.0,0.24,666,92,6,1,19,1,1,0,0,0,0,0,0,0,0,0,1,0,3,1,1,15,0,0.11363636363636363,1
0,105000.0,0.0,912,127,10,1,13,2,0,0,0,1,0,0,0,0,0,0,1,0,6,0,5,10,1,0.07,0
1,175250.0,0.22531645569620254,1122,147,11,1,29,4,0,0,1,0,0,0,0,0,1,0,0,0,5,0,6,1,1,0.05,0
1,169750.0,0.18449197860962566,896,125,10,1,33,2,1,0,0,0,0,0,0,0,1,0,1,0,6,0,0,23,0,0.125,1
1,150384.0,0.24781871061560828,1106,145,11,1,18,2,0,1,0,0,0,0,0,0,1,0,1,0,4,0,5,8,1,0.17857142857142858,1
1,129500.0,0.26755852842809363,661,92,6,1,14,4,0,0,0,0,1,0,0,0,1,0,1,0,3,1,2,5,0,0.03571428571428571,0
1,68000.0,0.18666666666666668,1300,171,11,1,32,1,0,0,0,1,0,0,0,0,0,0,1,0,4,1,5,23,1,0.125,1
1,114000.0,0.35379061371841153,1138,151,11,1,14,4,0,0,0,0,1,0,0,0,0,1,1,0,7,1,6,15,1,0.08374384236453201,0
0,105000.0,0.0,1289,170,11,1,35,5,0,0,0,1,0,0,0,1,1,0,1,0,5,1,3,2,0,0.010309278350515464,0
1,105000.0,0.3783783783783784,866,123,10,1,32,3,0,0,1,0,0,0,0,1,0,0,1,0,3,1,0,14,0,0.05714285714285714,0
0,105000.0,0.0,1244,165,11,1,15,0,0,0,1,0,0,0,0,1,0,0,1,0,3,0,1,12,0,0.13636363636363635,1
1,134750.0,0.3103448275862069,877,121,10,1,12,2,0,1,0,0,0,0,0,1,0,0,1,0,6,0,2,1,0,0.12254901960784313,1
1,85250.0,0.2777777777777778,900,123,10,1,18,3,0,0,1,0,0,0,0,0,0,0,1,0,5,0,3,4,0,0.075,0
0,105000.0,0.0,1125,149,11,1,32,3,0,0,1,0,0,0,0,0,1,0,0,0,4,0,1,8,0,0.058823529411764705,0
1,157250.0,0.20797720797720798,660,90,6,1,13,3,0,1,0,0,0,0,0,0,0,1,1,0,4,0,3,3,0,0.07894736842105263,0
1,87000.0,0.29411764705882354,897,122,6,1,18,2,0,0,0,0,1,0,0,1,0,1,1,0,7,1,6,14,1,0.10465116279069768,0
0,105000.0,0.0,756,100,6,1,26,4,0,0,0,0,1,0,0,0,1,0,1,0,6,1,4,21,0,0.06818181818181818,0
1,63250.0,0.36774193548387096,758,98,6,1,17,5,0,0,0,1,0,0,0,0,0,1,1,0,6,1,6,18,1,0.08196721311475409,0
1,144500.0,0.38997214484679665,728,96,6,1,25,1,0,0,1,0,0,0,0,1,0,1,1,0,5,0,4,17,0,0.12025316455696203,1
1,109000.0,0.2901960784313726,902,124,10,1,21,1,0,1,0,0,0,0,0,1,0,1,0,0,7,1,3,18,0,0.13043478260869565,1
0,105000.0,0.0,1261,167,11,1,15,3,0,0,1,0,0,0,0,0,0,0,1,0,4,0,0,21,0,0.13793103448275862,1
1,79250.0,0.3403141361256545,852,118,10,1,15,1,0,0,1,0,0,0,0,1,0,1,1,0,4,1,5,13,1,0.08387096774193549,0
1,38250.0,0.31868131868131866,1119,147,11,1,31,1,0,0,0,0,0,0,1,0,0,0,1,0,3,1,1,19,0,0.2033898305084746,1
1,162000.0,0.24390243902439024,897,123,10,1,18,4,0,0,1,0,0,0,0,1,1,0,1,0,5,0,6,2,1,0.18421052631578946,1
1,119000.0,0.323943661971831,1274,168,11,1,33,1,1,0,0,0,0,0,0,1,0,0,1,0,5,1,5,20,1,0.125,1
1,113750.0,0.34545454545454546,1149,152,11,1,26,4,0,0,0,0,1,0,0,1,0,0,1,0,7,0,1,1,0,0.10256410256410256,0
1,49250.0,0.3445378151260504,837,112,6,1,24,0,0,0,0,0,1,0,0,0,1,0,1,0,3,0,5,0,1,0.0,0
1,137250.0,0.2347266881028939,775,102,6,1,14,3,0,0,1,0,0,0,0,0,0,1,1,0,7,0,3,17,0,0.06451612903225806,0
1,69284.8,0.31784902802322645,894,123,10,1,28,3,0,0,0,0,0,0,1,0,0,1,0,1,4,0,4,22,0,0.09401709401709402,0
0,105000.0,0.0,1029,143,10,1,24,3,0,0,0,0,1,0,0,1,0,0,1,0,4,0,3,3,0,0.08536585365853659,0
0,105000.0,0.0,1262,166,11,1,22,0,0,0,0,0,0,1,0,1,0,0,1,0,4,0,2,3,0,0.17857142857142858,1
1,165500.0,0.3282828282828283,713,96,6,1,35,5,0,0,0,1,0,0,0,1,0,1,0,0,3,1,0,22,0,0.05263157894736842,0
0,105000.0,0.0,829,119,10,1,19,4,1,0,0,0,0,0,0,0,0,0,1,0,3,0,3,9,0,0.022222222222222223,0
1,150250.0,0.18429003021148035,856,118,10,1,25,2,1,0,0,0,0,0,0,0,1,0,0,0,4,1,5,18,1,0.0,0
1,140462.4,0.2453884125746947,887,118,6,1,13,4,0,0,0,1,0,0,0,1,0,1,1,0,6,1,1,0,0,0.047619047619047616,0
0,105000.0,0.0,708,93,6,1,32,3,0,0,0,1,0,0,0,1,0,0,1,0,3,0,6,23,1,0.06201550387596899,0
0,105000.0,0.0,927,124,6,1,18,3,0,0,0,0,1,0,0,0,0,0,0,1,7,0,0,12,0,0.013513513513513514,0
0,105000.0,0.0,887,119,6,1,28,2,0,0,0,1,0,0,0,1,0,0,1,0,3,0,2,12,0,0.0,0
0,105000.0,0.0,1258,165,11,1,29,3,0,0,1,0,0,0,0,0,0,0,1,0,3,1,0,18,0,0.05128205128205128,0
1,135366.4,0.3567731347052139,1083,150,10,1,26,4,0,0,0,0,1,0,0,1,1,0,0,1,7,0,3,10,0,0.109375,1
1,49000.0,0.26548672566371684,895,123,10,1,18,1,0,0,1,0,0,0,0,0,0,1,1,0,5,0,6,10,1,0.1,0
1,121250.0,0.3447098976109215,915,125,10,1,25,2,0,1,0,0,0,0,0,1,0,1,0,0,7,0,4,9,0,0.10416666666666667,0
0,105000.0,0.0,1042,145,10,1,21,1,0,1,0,0,0,0,0,1,0,0,1,0,7,0,4,10,0,0.1724137931034483,1
0,105000.0,0.0,674,92,6,1,17,2,1,0,0,0,0,0,0,0,1,0,1,0,5,0,4,1,0,0.029411764705882353,0
1,292750.0,0.3781163434903047,1282,171,11,1,13,5,0,1,0,0,0,0,0,0,0,0,1,0,6,0,5,7,1,0.04838709677419355,0
1,194750.0,0.22146118721461186,1145,150,11,1,25,1,0,0,1,0,0,0,0,0,1,0,1,0,6,0,2,23,0,0.09090909090909091,0
1,291500.0,0.32471264367816094,798,110,6,1,25,1,1,0,0,0,0,0,0,1,1,0,1,0,3,1,3,8,0,0.09937888198757763,0
1,116000.0,0.23574144486692014,724,96,6,1,18,2,0,1,0,0,0,0,0,0,0,0,1,0,6,0,3,13,0,0.11627906976744186,1
1,55250.0,0.362962962962963,1041,140,10,1,28,1,0,0,0,0,0,0,1,1,1,0,1,0,4,0,3,12,0,0.21212121212121213,1
1,85500.0,0.19047619047619047,1134,148,11,1,28,3,0,0,0,0,0,0,1,0,1,0,1,0,4,0,4,4,0,0.060240963855421686,0
1,68307.20000000001,0.20715065502183405,1130,149,11,1,24,1,0,0,0,0,1,0,0,0,1,0,0,0,5,0,4,5,0,0.09523809523809523,0
1,106250.0,0.19148936170212766,1108,145,11,1,28,3,0,0,0,1,0,0,0,1,0,1,0,1,3,0,1,12,0,0.2033898305084746,1
1,89250.0,0.291866028708134,816,115,10,1,13,1,0,1,0,0,0,0,0,0,0,1,1,0,3,0,4,15,0,0.05970149253731343,0
1,112250.0,0.37318840579710144,857,113,6,1,24,2,0,0,0,0,1,0,0,1,1,0,1,0,4,0,4,11,0,0.08461538461538462,0
1,103000.0,0.3252032520325203,864,123,10,1,21,4,1,0,0,0,0,0,0,0,0,1,0,0,6,1,1,14,0,0.06818181818181818,0
1,58500.0,0.24060150375939848,923,124,6,1,22,4,0,0,0,0,0,1,0,1,0,1,1,0,6,0,1,1,0,0.11428571428571428,1
1,80000.0,0.34196891191709844,760,100,6,1,16,1,0,0,1,0,0,0,0,1,0,1,1,0,7,1,3,10,0,0.1169811320754717,1
1,118000.0,0.34385964912280703,838,121,10,1,14,3,0,0,0,0,1,0,0,0,0,1,0,0,4,0,5,2,1,0.06944444444444445,0
0,105000.0,0.0,710,96,6,1,35,5,0,0,0,1,0,0,0,0,0,1,0,0,3,1,1,15,0,0.037037037037037035,0
0,105000.0,0.0,875,118,6,1,33,3,1,0,0,0,0,0,0,0,0,1,0,0,4,0,1,6,0,0.0625,0
0,105000.0,0.0,896,125,10,1,26,4,0,0,0,0,1,0,0,0,0,1,1,0,5,0,6,19,1,0.02040816326530612,0
0,105000.0,0.0,1041,141,10,1,28,0,0,0,0,0,0,0,1,1,0,0,1,0,4,1,3,21,0,0.13793103448275862,1
0,105000.0,0.0,724,96,6,1,19,0,0,0,0,0,0,1,0,0,0,1,1,0,5,0,1,7,0,0.08870967741935484,0
1,42750.0,0.18085106382978725,1278,166,11,1,28,1,0,0,0,0,0,0,1,0,0,1,1,0,4,0,2,8,0,0.20754716981132076,1
0,105000.0,0.0,644,87,6,1,21,0,0,1,0,0,0,0,0,1,0,0,1,0,3,1,4,4,0,0.16,1
1,50000.0,0.31932773109243695,859,119,10,1,28,1,0,0,0,0,0,0,1,0,0,1,0,1,3,0,5,15,1,0.2619047619047619,1
0,105000.0,0.0,938,131,10,1,19,4,1,0,0,0,0,0,0,0,0,1,0,0,7,0,6,20,1,0.058823529411764705,0
1,57750.0,0.25,1282,169,11,1,25,1,0,0,1,0,0,0,0,0,0,1,1,0,6,1,6,23,1,0.10144927536231885,0
1,95750.0,0.31277533039647576,888,123,10,1,24,4,0,0,0,0,0,0,1,1,0,0,0,0,4,0,2,16,0,0.08080808080808081,0
0,105000.0,0.0,1120,146,11,1,31,3,0,0,0,0,0,0,1,0,1,0,0,1,3,1,1,17,0,0.09090909090909091,0
0,105000.0,0.0,755,98,6,1,22,1,0,0,0,0,0,1,0,0,1,0,1,0,6,0,3,9,0,0.07476635514018691,0
1,74500.0,0.3626373626373626,1254,167,11,1,17,0,1,0,0,0,0,0,0,0,1,0,0,0,6,1,3,6,0,0.11764705882352941,1
0,105000.0,0.0,935,131,10,1,24,3,0,0,0,0,1,0,0,0,1,0,1,0,7,0,1,17,0,0.0,0
0,105000.0,0.0,668,92,6,1,18,4,1,0,0,0,0,0,0,0,1,0,1,0,5,1,3,6,0,0.01818181818181818,0
0,105000.0,0.0,664,88,6,1,14,3,0,1,0,0,0,0,0,0,0,1,0,0,4,1,3,17,0,0.07317073170731707,0
1,84250.0,0.1881720430107527,815,112,6,1,15,1,1,0,0,0,0,0,0,0,0,1,0,1,6,0,4,5,0,0.18518518518518517,1
0,105000.0,0.0,670,91,6,1,18,1,0,0,1,0,0,0,0,0,1,0,1,0,3,0,1,23,0,0.09230769230769231,0
1,165500.0,0.3694581280788177,691,92,6,1,21,4,1,0,0,0,0,0,0,0,0,0,1,0,4,0,0,23,0,0.16666666666666666,1
1,181500.0,0.2714285714285714,1005,143,10,1,13,3,0,1,0,0,0,0,0,0,1,0,1,0,5,0,6,11,1,0.0,0
1,89250.0,0.25,983,140,10,1,15,1,0,0,1,0,0,0,0,0,0,1,1,0,3,1,1,21,0,0.05405405405405406,0
1,106750.0,0.376425855513308,715,97,6,1,24,2,0,0,0,0,1,0,0,1,1,0,0,1,4,0,4,0,0,0.1,0
1,158750.0,0.37595907928388744,1146,150,11,1,28,4,0,0,0,1,0,0,0,1,0,1,1,0,6,0,1,3,0,0.12244897959183673,1
1,117250.0,0.2693726937269373,862,115,6,1,19,3,0,0,0,0,0,1,0,1,1,0,1,0,4,0,2,12,0,0.18604651162790697,1
1,71500.0,0.2345679012345679,878,125,10,1,18,1,0,0,0,0,1,0,0,1,0,1,1,0,5,1,0,22,0,0.14285714285714285,1
1,62500.0,0.3870967741935484,664,86,6,1,23,0,0,1,0,0,0,0,0,0,0,1,1,0,3,0,5,0,1,0.11428571428571428,1
1,161250.0,0.21329639889196675,693,92,6,1,14,3,0,0,1,0,0,0,0,0,1,0,1,0,5,1,1,1,0,0.09183673469387756,0
1,72250.0,0.23780487804878048,900,116,6,1,28,2,0,0,0,1,0,0,0,0,0,0,1,0,5,0,2,19,0,0.0379746835443038,0
0,105000.0,0.0,910,129,10,1,14,2,0,0,0,0,1,0,0,0,1,0,1,0,7,0,3,15,0,0.044444444444444446,0
0,105000.0,0.0,1146,149,11,1,31,2,0,0,0,0,0,0,1,0,1,0,0,0,5,0,6,20,1,0.07407407407407407,0
1,162250.0,0.26005361930294907,673,88,6,1,23,3,0,1,0,0,0,0,0,0,0,1,1,0,3,0,4,1,0,0.1111111111111111,1
0,105000.0,0.0,755,98,6,1,28,2,0,0,0,0,0,0,1,0,0,1,1,0,5,0,6,15,1,0.09401709401709402,0
0,105000.0,0.0,1259,168,11,1,19,3,0,0,0,0,0,1,0,0,0,1,1,0,3,0,6,22,1,0.075,0
1,121250.0,0.367003367003367,1258,166,11,1,21,2,0,1,0,0,0,0,0,0,0,1,1,0,4,1,4,10,0,0.09285714285714286,0
1,142250.0,0.3215339233038348,915,127,10,1,15,3,0,0,1,0,0,0,0,0,0,1,1,0,6,0,2,15,0,0.0,0
1,66913.6,0.3976593625498007,861,119,10,1,17,5,0,0,0,1,0,0,0,0,0,1,1,0,3,1,3,14,0,0.07666666666666666,0
1,88000.0,0.3157894736842105,928,127,10,1,32,2,0,0,0,1,0,0,0,1,1,0,1,0,5,0,3,19,0,0.0,0
1,74500.0,0.35359116022099446,906,126,10,1,13,1,0,0,0,1,0,0,0,1,0,0,1,0,6,0,0,4,0,0.05,0
0,105000.0,0.0,845,116,6,1,14,4,0,0,0,0,1,0,0,0,1,0,1,0,5,1,5,19,1,0.03508771929824561,0
1,151000.0,0.2182890855457227,1128,149,11,1,21,3,0,1,0,0,0,0,0,0,0,1,1,0,7,0,6,1,1,0.13636363636363635,1
1,65000.0,0.35443037974683544,1135,149,11,1,32,1,0,0,0,1,0,0,0,0,0,1,1,0,5,0,0,17,0,0.058823529411764705,0
1,107750.0,0.2190082644628099,855,112,6,1,33,4,1,0,0,0,0,0,0,0,0,1,1,0,3,0,0,8,0,0.0,0
1,125250.0,0.32441471571906355,922,122,6,1,17,3,0,1,0,0,0,0,0,0,0,1,0,1,7,1,4,6,0,0.1608695652173913,1
1,110500.0,0.2734375,914,129,10,1,14,3,0,0,0,0,1,0,0,0,0,0,1,0,7,1,1,19,0,0.08536585365853659,0
1,187636.8,0.2815506238689398,1138,150,11,1,16,3,0,0,1,0,0,0,0,0,1,0,1,0,6,0,3,12,0,0.08928571428571429,0
1,115250.0,0.32971014492753625,1134,148,11,1,22,3,0,0,0,0,0,1,0,0,1,0,1,0,6,1,6,22,1,0.10256410256410256,0
0,105000.0,0.0,721,96,6,1,20,3,0,0,0,0,0,1,0,0,0,1,1,0,5,0,3,23,0,0.06944444444444445,0
0,105000.0,0.0,1127,149,11,1,16,4,0,0,1,0,0,0,0,1,0,1,1,0,6,0,4,17,0,0.027777777777777776,0
1,97250.0,0.3232758620689655,1103,146,11,1,15,2,0,0,1,0,0,0,0,0,0,1,0,1,4,0,0,18,0,0.09574468085106383,0
1,34500.0,0.3373493975903614,865,114,6,1,31,0,0,0,0,0,0,0,1,1,0,1,1,0,3,0,3,23,0,0.08333333333333333,0
1,231500.0,0.2260536398467433,726,95,6,1,14,4,0,0,1,0,0,0,0,1,0,0,1,0,6,0,6,12,1,0.06578947368421052,0
1,161500.0,0.3133159268929504,844,116,10,1,33,4,1,0,0,0,0,0,0,1,0,1,1,0,3,0,1,0,0,0.0784313725490196,0
1,224250.0,0.26833976833976836,1103,146,11,1,17,3,0,1,0,0,0,0,0,0,0,0,1,0,5,1,2,22,0,0.058823529411764705,0
1,102190.40000000001,0.3683161740285619,1143,150,11,1,35,5,0,0,0,1,0,0,0,0,0,0,1,0,5,0,1,10,0,0.057971014492753624,0
0,105000.0,0.0,1099,146,11,1,19,3,0,0,0,0,0,1,0,0,1,0,1,0,3,0,6,22,1,0.07126948775055679,0
1,67250.0,0.23026315789473684,1156,152,11,1,35,5,0,0,0,1,0,0,0,0,0,0,0,1,6,1,2,10,0,0.1016949152542373,0
0,105000.0,0.0,1295,171,11,1,25,1,0,0,1,0,0,0,0,1,0,1,1,0,6,0,6,18,1,0.1232876712328767,1
1,94750.0,0.3872340425531915,791,108,6,1,14,4,0,0,0,0,1,0,0,0,1,0,1,0,3,0,4,13,0,0.11688311688311688,1
1,102750.0,0.23605150214592274,729,96,6,1,22,3,0,0,0,0,0,1,0,1,0,1,0,1,5,0,0,19,0,0.21951219512195122,1
0,105000.0,0.0,687,90,6,1,31,3,0,0,0,0,0,0,1,1,0,0,0,0,3,0,4,15,0,0.13333333333333333,1
1,155750.0,0.3116531165311653,1142,151,11,1,16,3,0,0,1,0,0,0,0,0,1,0,1,0,7,0,1,16,0,0.1111111111111111,1
1,92500.0,0.3333333333333333,896,124,10,1,16,1,0,0,1,0,0,0,0,0,0,1,0,0,6,0,5,13,1,0.225,1
1,280250.0,0.2647058823529412,1089,145,11,1,14,4,0,1,0,0,0,0,0,0,1,0,1,0,4,0,0,16,0,0.05,0
0,105000.0,0.0,1101,146,11,1,24,3,1,0,0,0,0,0,0,1,0,1,1,0,4,0,6,20,1,0.037900874635568516,0
1,147000.0,0.39344262295081966,1134,150,11,1,25,1,0,0,1,0,0,0,0,0,0,1,1,0,5,0,6,23,1,0.057971014492753624,0
0,105000.0,0.0,872,112,6,1,28,5,0,0,0,0,0,0,1,0,0,1,1,0,4,0,0,17,0,0.05084745762711865,0
1,118500.0,0.25735294117647056,927,125,10,1,32,3,0,0,0,1,0,0,0,0,0,1,1,0,5,1,4,12,0,0.08695652173913043,0
1,101961.6,0.3159250987802783,780,103,6,1,32,3,0,0,1,0,0,0,0,1,0,0,1,0,7,0,6,15,1,0.12658227848101267,1
0,105000.0,0.0,993,140,10,1,18,3,0,0,0,0,1,0,0,0,0,1,1,0,3,1,2,13,0,0.02564102564102564,0
1,76250.0,0.1952662721893491,1285,170,11,1,19,3,0,0,0,0,0,1,0,0,0,0,1,0,6,0,3,1,0,0.1326530612244898,1
1,130790.40000000001,0.34973753280839903,1301,171,11,1,35,5,0,0,0,1,0,0,0,0,1,0,1,0,6,0,4,21,0,0.14432989690721648,1
1,65250.0,0.1875,715,91,6,1,31,2,0,0,0,0,0,0,1,1,1,0,0,0,3,1,0,14,0,0.1839080459770115,1
0,105000.0,0.0,885,123,10,1,22,4,0,0,0,0,0,1,0,1,0,1,1,0,4,0,2,12,0,0.0784313725490196,0
1,162250.0,0.33589743589743587,875,113,6,1,18,3,0,1,0,0,0,0,0,1,0,0,1,0,7,0,5,2,1,0.18867924528301888,1
1,140500.0,0.2917933130699088,982,136,10,1,22,4,0,0,0,0,0,1,0,0,0,1,1,0,3,0,0,15,0,0.09734513274336283,0
0,105000.0,0.0,697,92,6,1,18,3,0,0,0,0,1,0,0,0,0,1,1,0,4,0,0,17,0,0.034482758620689655,0
1,106250.0,0.32677165354330706,721,96,6,1,14,2,0,1,0,0,0,0,0,1,0,0,1,0,7,0,2,0,0,0.03333333333333333,0
0,105000.0,0.0,902,121,10,1,31,2,0,0,0,0,0,0,1,0,1,0,0,0,4,0,2,4,0,0.09259259259259259,0
1,157750.0,0.2899728997289973,1247,165,11,1,33,4,1,0,0,0,0,0,0,0,0,1,1,0,3,0,3,6,0,0.11688311688311688,1
0,105000.0,0.0,992,139,10,1,18,3,0,1,0,0,0,0,0,0,1,0,1,0,3,0,1,1,0,0.06060606060606061,0
1,209500.0,0.2967479674796748,721,98,6,1,17,3,0,1,0,0,0,0,0,0,0,0,1,0,7,0,1,17,0,0.07174887892376682,0
1,73750.0,0.20121951219512196,1089,145,11,1,14,4,0,0,0,0,1,0,0,0,0,1,1,0,3,0,4,15,0,0.13793103448275862,1
1,107500.0,0.3650190114068441,1157,151,11,1,28,3,0,0,0,1,0,0,0,0,0,0,1,0,6,1,4,16,0,0.040268456375838924,0
1,54750.0,0.3409090909090909,678,90,6,1,20,1,0,0,0,0,0,1,0,0,0,1,1,0,3,1,5,22,1,0.12962962962962962,1
1,97500.0,0.3817427385892116,772,100,6,1,28,3,0,0,0,1,0,0,0,0,0,1,0,0,6,0,4,9,0,0.058823529411764705,0
1,81000.0,0.32989690721649484,894,125,10,1,19,3,0,0,0,0,0,1,0,0,0,0,1,0,5,1,5,6,1,0.171875,1
1,54000.0,0.22950819672131148,868,119,10,1,24,2,0,0,0,0,0,0,1,1,0,0,1,0,3,0,5,19,1,0.2784090909090909,1
0,105000.0,0.0,703,94,6,1,17,5,0,0,0,1,0,0,0,0,0,1,1,0,4,1,6,2,1,0.05168986083499006,0
0,105000.0,0.0,1106,145,11,1,29,2,0,0,1,0,0,0,0,0,0,1,0,1,3,1,0,19,0,0.11818181818181818,1
1,54750.0,0.2890625,1141,149,11,1,24,1,0,0,0,0,0,0,1,0,1,0,1,0,5,0,5,8,1,0.1978021978021978,1
1,71614.4,0.342719614921781,1287,168,11,1,22,1,0,0,0,0,0,1,0,1,1,0,1,0,6,0,2,11,0,0.22972972972972974,1
1,194500.0,0.37916666666666665,677,89,6,1,17,3,1,0,0,0,0,0,0,0,1,0,1,0,3,0,1,14,0,0.05384615384615385,0
1,112750.0,0.36,1135,150,11,1,18,3,0,0,0,0,1,0,0,0,0,1,0,1,6,0,3,3,0,0.05714285714285714,0
1,270500.0,0.30407523510971785,1105,146,11,1,25,4,1,0,0,0,0,0,0,1,0,0,1,0,5,0,0,16,0,0.043478260869565216,0
1,131000.0,0.22372881355932203,887,125,10,1,14,3,0,0,1,0,0,0,0,0,0,1,0,0,5,1,5,9,1,0.10638297872340426,0
0,105000.0,0.0,1078,144,11,1,18,2,1,0,0,0,0,0,0,1,0,1,1,0,3,1,6,6,1,0.0223463687150838,0
1,56000.0,0.3157894736842105,745,100,6,1,14,1,0,0,0,0,1,0,0,1,0,0,0,1,7,0,4,8,0,0.2391304347826087,1
1,86500.0,0.23469387755102042,669,91,6,1,26,4,0,0,0,0,1,0,0,0,1,0,1,0,3,1,0,17,0,0.09745762711864407,0
1,120000.0,0.20224719101123595,857,121,10,1,25,1,0,0,1,0,0,0,0,0,1,0,1,0,3,0,1,19,0,0.07954545454545454,0
0,105000.0,0.0,713,90,6,1,31,2,0,0,0,0,0,0,1,0,1,0,1,0,3,1,5,6,1,0.06896551724137931,0
1,85030.40000000001,0.3459437588509003,683,90,6,1,22,3,0,0,0,0,0,1,0,0,0,1,0,0,3,0,4,22,0,0.102803738317757,0
1,176750.0,0.3672055427251732,914,127,10,1,26,4,0,0,0,0,1,0,0,0,0,1,1,0,6,0,0,13,0,0.03389830508474576,0
1,59250.0,0.33098591549295775,1282,170,11,1,31,2,0,0,0,0,0,0,1,0,0,1,1,0,3,1,5,1,1,0.11267605633802817,1
0,105000.0,0.0,1269,168,11,1,33,0,1,0,0,0,0,0,0,0,1,0,1,0,6,1,6,22,1,0.10144927536231885,0
0,105000.0,0.0,853,116,6,1,28,4,0,0,0,1,0,0,0,0,0,1,1,0,3,0,6,15,1,0.027932960893854747,0
1,197250.0,0.2885032537960954,889,118,6,1,24,4,0,0,0,0,1,0,0,0,1,0,1,0,6,0,5,17,1,0.0,0
1,105500.0,0.29838709677419356,1061,145,10,1,22,3,0,0,0,0,0,1,0,1,1,0,1,0,5,0,2,11,0,0.24324324324324326,1
1,90500.0,0.39111111111111113,864,114,6,1,25,4,0,0,0,1,0,0,0,1,0,1,0,0,4,0,3,13,0,0.13432835820895522,1
0,105000.0,0.0,901,122,6,1,14,4,0,0,0,0,1,0,0,0,0,1,1,0,7,1,4,5,0,0.03333333333333333,0
0,105000.0,0.0,868,120,6,1,24,3,0,0,0,0,1,0,0,0,1,0,1,0,5,1,2,16,0,0.04,0
0,105000.0,0.0,859,114,6,1,17,3,1,0,0,0,0,0,0,1,0,1,1,0,6,0,6,10,1,0.10666666666666667,0
1,160500.0,0.34536082474226804,894,124,10,1,15,3,0,0,1,0,0,0,0,0,0,1,1,0,6,0,1,11,0,0.10256410256410256,0
1,216000.0,0.3511450381679389,870,121,10,1,33,3,1,0,0,0,0,0,0,0,1,0,0,1,4,0,2,20,0,0.09859154929577464,0
1,83000.0,0.3645320197044335,993,141,10,1,17,5,0,0,0,1,0,0,0,1,0,0,1,0,3,0,0,8,0,0.10344827586206896,0
1,74750.0,0.23076923076923078,712,93,6,1,13,0,0,1,0,0,0,0,0,1,0,0,1,0,7,1,2,15,0,0.16015625,1
1,68250.0,0.32515337423312884,714,98,6,1,14,2,0,0,0,0,1,0,0,0,0,0,1,0,6,1,3,23,0,0.10847457627118644,1
1,151750.0,0.336986301369863,1268,169,11,1,17,3,0,1,0,0,0,0,0,0,0,0,0,0,7,0,2,2,0,0.1,0
1,80828.8,0.367702645947081,1265,167,11,1,14,1,0,0,1,0,0,0,0,0,0,1,1,0,5,0,0,3,0,0.17543859649122806,1
1,113000.0,0.2878787878787879,1117,145,11,1,28,4,0,0,0,0,0,0,1,1,0,1,1,0,3,0,5,20,1,0.08860759493670886,0
1,238750.0,0.29159212880143115,698,96,6,1,25,4,1,0,0,0,0,0,0,1,0,0,1,0,6,0,1,1,0,0.058823529411764705,0
1,78750.0,0.38461538461538464,736,95,6,1,18,1,0,0,1,0,0,0,0,0,1,0,0,0,5,0,3,22,0,0.19117647058823528,1
0,105000.0,0.0,703,94,6,1,17,3,1,0,0,0,0,0,0,1,1,0,1,0,7,1,2,4,0,0.06688963210702341,0
0,105000.0,0.0,834,118,10,1,17,3,0,1,0,0,0,0,0,0,0,1,0,0,4,0,6,17,1,0.07865168539325842,0
1,116500.0,0.3706293706293706,1065,145,10,1,20,3,0,0,0,0,0,1,0,1,1,0,0,0,6,0,0,9,0,0.13793103448275862,1
1,57000.0,0.3597122302158273,1070,145,10,1,24,1,0,0,0,0,0,0,1,0,1,0,1,0,5,0,1,20,0,0.1932367149758454,1
1,120000.0,0.19548872180451127,1298,171,11,1,25,1,0,0,1,0,0,0,0,1,1,0,0,1,7,0,1,9,0,0.17616580310880828,1
1,122750.0,0.23381294964028776,883,119,6,1,17,5,0,0,0,1,0,0,0,1,0,0,1,0,5,1,3,7,0,0.09230769230769231,0
1,78500.0,0.19540229885057472,1296,173,11,1,14,1,0,0,0,0,1,0,0,1,1,0,1,0,6,1,5,9,1,0.10465116279069768,0
1,162750.0,0.3264781491002571,1018,139,10,1,32,3,0,0,1,0,0,0,0,1,1,0,1,0,3,0,1,14,0,0.12903225806451613,1
0,105000.0,0.0,1135,149,11,1,25,3,0,1,0,0,0,0,0,0,1,0,1,0,7,0,4,21,0,0.0,0
1,246438.4,0.3538034039597082,726,98,6,1,25,5,0,1,0,0,0,0,0,1,0,0,1,0,6,0,2,8,0,0.10666666666666667,0
0,105000.0,0.0,719,96,6,1,35,5,0,0,0,1,0,0,0,1,0,1,1,0,4,0,3,2,0,0.043478260869565216,0
1,202000.0,0.25862068965517243,1154,152,11,1,32,3,0,0,1,0,0,0,0,0,0,1,1,0,7,0,4,14,0,0.057692307692307696,0
1,69250.0,0.3212121212121212,943,124,6,1,29,1,0,0,1,0,0,0,0,1,1,0,1,0,6,0,4,1,0,0.2391304347826087,1
1,105250.0,0.36186770428015563,748,98,6,1,28,3,0,0,0,1,0,0,0,1,0,1,1,0,5,0,5,3,1,0.1388888888888889,1
0,105000.0,0.0,1097,146,11,1,18,4,0,0,0,0,1,0,0,1,0,1,1,0,3,1,0,7,0,0.04597701149425287,0
1,131500.0,0.3248407643312102,1096,144,11,1,14,2,0,0,1,0,0,0,0,1,1,0,1,0,3,1,1,1,0,0.13063063063063063,1
1,135000.0,0.39285714285714285,1047,145,10,1,19,4,0,0,0,0,0,1,0,0,0,0,0,1,5,1,4,20,0,0.06172839506172839,0
1,147500.0,0.3045977011494253,1269,169,11,1,21,3,0,1,0,0,0,0,0,0,0,1,1,0,7,0,6,19,1,0.06741573033707865,0
1,67000.0,0.2251655629139073,930,130,10,1,24,0,0,0,0,0,1,0,0,0,1,0,1,0,7,0,5,0,1,0.09740259740259741,0
1,105750.0,0.29435483870967744,1140,148,11,1,31,3,0,0,0,0,0,0,1,0,1,0,1,0,5,1,6,6,1,0.08108108108108109,0
1,85250.0,0.18617021276595744,1152,152,11,1,32,3,0,0,1,0,0,0,0,0,1,0,1,0,6,0,2,5,0,0.057971014492753624,0
1,113750.0,0.26996197718631176,1120,146,11,1,28,3,0,0,0,1,0,0,0,1,0,1,1,0,4,0,5,13,1,0.1509433962264151,1
0,105000.0,0.0,1113,147,11,1,18,2,0,0,0,0,1,0,0,0,0,1,1,0,5,0,0,8,0,0.05263157894736842,0
1,169187.2,0.32812660569314567,1112,148,11,1,17,3,0,1,0,0,0,0,0,1,0,1,0,1,6,1,5,1,1,0.10326086956521739,0
0,105000.0,0.0,1296,169,11,1,31,4,0,0,0,0,0,0,1,0,0,1,1,0,5,0,5,6,1,0.03954802259887006,0
0,105000.0,0.0,1097,145,11,1,18,1,0,1,0,0,0,0,0,1,0,0,0,0,4,1,5,7,1,0.1,0
1,47750.0,0.2636363636363636,921,125,10,1,24,1,0,0,0,0,0,0,1,1,0,1,1,0,5,1,2,22,0,0.19540229885057472,1
1,102000.0,0.23376623376623376,631,86,6,1,14,1,0,1,0,0,0,0,0,0,0,1,0,1,3,0,0,12,0,0.2,1
0,105000.0,0.0,1305,173,11,1,32,3,0,0,1,0,0,0,0,0,0,0,1,0,7,0,3,21,0,0.02564102564102564,0
1,81161.6,0.32280249301525893,913,126,10,1,28,2,0,0,0,1,0,0,0,0,0,1,0,0,5,1,3,8,0,0.08298755186721991,0
1,101250.0,0.3333333333333333,861,116,6,1,24,4,0,0,0,0,0,0,1,0,0,1,1,0,4,1,3,4,0,0.05128205128205128,0
1,274750.0,0.1834710743801653,748,100,6,1,16,5,0,0,1,0,0,0,0,1,0,1,0,1,6,0,3,11,0,0.020833333333333332,0
0,105000.0,0.0,1288,171,11,1,22,4,0,0,0,0,0,1,0,0,0,1,1,0,4,0,4,12,0,0.0,0
1,80750.0,0.33505154639175255,826,112,6,1,22,4,0,0,0,0,0,1,0,0,0,1,1,0,3,0,4,10,0,0.09615384615384616,0
0,105000.0,0.0,1260,166,11,1,28,0,0,0,0,0,0,0,1,1,0,1,1,0,3,1,2,3,0,0.1267605633802817,1
1,112000.0,0.24313725490196078,1023,141,10,1,33,4,1,0,0,0,0,0,0,1,0,1,1,0,5,0,1,10,0,0.18518518518518517,1
0,105000.0,0.0,885,118,6,1,22,4,0,0,0,0,0,1,0,0,1,0,1,0,5,0,3,20,0,0.075,0
0,105000.0,0.0,865,121,10,1,25,5,1,0,0,0,0,0,0,0,1,0,1,0,5,0,2,5,0,0.015625,0
1,153250.0,0.3251366120218579,1023,144,10,1,24,3,0,0,0,0,1,0,0,0,1,0,1,0,3,0,1,11,0,0.12727272727272726,1
1,104624.0,0.3409203364670955,744,98,6,1,33,1,1,0,0,0,0,0,0,0,0,1,1,0,7,0,5,14,1,0.0963855421686747,0
0,105000.0,0.0,900,126,10,1,33,1,1,0,0,0,0,0,0,0,0,1,1,0,7,1,5,6,1,0.06896551724137931,0
1,108750.0,0.34600760456273766,1095,145,11,1,25,1,1,0,0,0,0,0,0,0,1,0,1,0,3,0,4,13,0,0.2,1
1,88000.0,0.23115577889447236,773,97,6,1,28,3,0,0,0,0,0,0,1,1,1,0,1,0,5,1,1,23,0,0.0410958904109589,0
1,198500.0,0.22767857142857142,991,139,10,1,15,3,0,0,1,0,0,0,0,0,1,0,1,0,3,1,6,3,1,0.05555555555555555,0
1,86250.0,0.38028169014084506,835,113,6,1,18,1,0,0,0,0,1,0,0,0,1,0,1,0,3,0,6,11,1,0.21875,1
1,50500.0,0.3968253968253968,1310,173,11,1,29,1,0,0,1,0,0,0,0,0,0,1,1,0,5,1,4,8,0,0.16666666666666666,1
1,173000.0,0.3325301204819277,1110,148,11,1,26,4,0,0,0,0,1,0,0,1,1,0,1,0,4,0,2,13,0,0.0,0
1,156250.0,0.35092348284960423,1007,139,10,1,13,3,0,1,0,0,0,0,0,0,0,1,0,0,5,0,4,23,0,0.037037037037037035,0
1,168250.0,0.19086021505376344,1130,150,11,1,14,3,0,0,1,0,0,0,0,0,1,0,1,0,6,1,5,19,1,0.03428571428571429,0
1,296000.0,0.3463687150837989,650,87,6,1,16,5,0,0,1,0,0,0,0,1,0,0,0,0,3,1,5,6,1,0.009615384615384616,0
1,109750.0,0.1934156378600823,1272,168,11,1,18,1,1,0,0,0,0,0,0,0,0,1,0,0,7,1,6,12,1,0.07407407407407407,0
0,105000.0,0.0,1087,148,10,1,24,1,0,0,0,0,0,0,1,0,0,0,1,0,5,0,4,20,0,0.13513513513513514,1
1,64000.0,0.358974358974359,1101,144,11,1,22,2,0,0,0,0,0,1,0,1,0,1,1,0,3,0,0,13,0,0.391304347826087,1
1,64750.0,0.38125,997,139,10,1,33,0,1,0,0,0,0,0,0,1,0,1,1,0,3,1,4,18,0,0.1893491124260355,1
1,86250.0,0.23979591836734693,936,131,10,1,24,2,0,0,0,0,1,0,0,0,0,1,1,0,7,1,3,12,0,0.13157894736842105,1
1,193250.0,0.21889400921658986,654,90,6,1,15,4,0,0,1,0,0,0,0,0,0,1,1,0,3,0,4,7,0,0.0967741935483871,0
0,105000.0,0.0,935,128,6,1,19,4,1,0,0,0,0,0,0,0,0,0,1,0,6,0,1,14,0,0.022727272727272728,0
1,176342.4,0.2839068825910931,1092,145,11,1,14,3,0,1,0,0,0,0,0,0,1,0,1,0,4,0,2,4,0,0.07947019867549669,0
1,44500.0,0.2376237623762376,1106,145,11,1,28,1,0,0,0,0,0,0,1,0,0,1,0,1,3,1,3,11,0,0.2,1
1,175000.0,0.20512820512820512,1259,169,11,1,14,3,0,1,0,0,0,0,0,0,1,0,1,0,4,0,4,3,0,0.031746031746031744,0
1,63750.0,0.34415584415584416,1108,146,11,1,14,4,0,0,0,0,1,0,0,0,0,1,1,0,4,0,3,10,0,0.15625,1
1,73000.0,0.2085889570552147,686,92,6,1,29,2,0,0,1,0,0,0,0,1,0,1,1,0,3,0,1,8,0,0.14705882352941177,1
1,65000.0,0.2550335570469799,738,97,6,1,26,4,0,0,0,0,1,0,0,1,0,0,1,0,6,1,6,17,1,0.11764705882352941,1
1,87131.2,0.33452593917710205,1147,149,11,1,28,1,0,0,0,1,0,0,0,0,1,0,0,1,5,1,3,12,0,0.04405286343612335,0
0,105000.0,0.0,1280,169,11,1,28,2,0,0,0,0,0,0,1,0,0,0,1,0,3,0,3,1,0,0.15384615384615385,1
1,155500.0,0.3005464480874317,918,128,10,1,18,3,0,0,0,0,1,0,0,0,1,0,1,0,7,0,6,4,1,0.058823529411764705,0
1,101250.0,0.3469387755102041,824,116,10,1,25,1,1,0,0,0,0,0,0,0,0,0,1,0,3,1,5,2,1,0.04,0
1,42750.0,0.40186915887850466,748,98,6,1,22,4,0,0,0,0,0,1,0,1,0,1,0,0,6,0,2,4,0,0.23809523809523808,1
1,45500.0,0.3148148148148148,1097,149,10,1,28,1,0,0,0,0,0,0,1,1,0,0,1,0,5,1,2,15,0,0.18857142857142858,1
1,50500.0,0.3305785123966942,908,116,6,1,24,2,0,0,0,0,0,0,1,1,0,0,1,0,5,1,4,1,0,0.11818181818181818,1
1,50250.0,0.3524590163934426,923,127,10,1,22,4,0,0,0,0,0,1,0,0,1,0,1,0,6,0,4,16,0,0.14912280701754385,1
0,105000.0,0.0,746,100,6,1,13,2,0,0,0,1,0,0,0,0,1,0,1,0,6,0,1,15,0,0.03076923076923077,0
0,105000.0,0.0,715,96,6,1,15,3,0,0,1,0,0,0,0,0,0,1,1,0,5,0,3,9,0,0.06382978723404255,0
1,77500.0,0.23863636363636365,1123,146,11,1,28,3,0,0,0,0,0,0,1,0,0,1,1,0,4,0,4,4,0,0.09375,0
1,114000.0,0.21176470588235294,1315,176,11,1,24,3,0,0,0,0,1,0,0,0,0,1,0,1,7,0,6,11,1,0.15463917525773196,1
1,75000.0,0.39572192513368987,677,88,6,1,20,1,0,0,0,0,0,1,0,0,1,0,0,1,3,1,4,15,0,0.11046511627906977,1
1,37856.0,0.20650566781665836,727,92,6,1,28,1,0,0,0,0,0,0,1,1,0,0,1,0,4,0,0,18,0,0.2446043165467626,1
0,105000.0,0.0,1109,145,11,1,33,4,1,0,0,0,0,0,0,0,1,0,1,0,4,0,6,3,1,0.045454545454545456,0
1,47000.0,0.3508771929824561,1025,138,10,1,28,2,0,0,0,0,0,0,1,0,0,0,1,0,3,1,0,2,0,0.10526315789473684,0
1,204250.0,0.28361344537815125,858,120,10,1,15,3,1,0,0,0,0,0,0,0,1,0,1,0,6,1,3,0,0,0.08225108225108226,0
1,145250.0,0.3770949720670391,931,120,6,1,22,4,0,0,0,0,0,1,0,0,0,1,0,1,6,0,4,12,0,0.07142857142857142,0
0,105000.0,0.0,926,125,10,1,28,0,0,0,0,0,0,0,1,0,1,0,1,0,5,0,2,12,0,0.13636363636363635,1
0,105000.0,0.0,896,123,10,1,29,1,0,0,1,0,0,0,0,0,0,1,1,0,4,1,2,15,0,0.08438818565400844,0
1,61250.0,0.25,916,129,10,1,14,4,0,0,0,0,1,0,0,0,0,1,1,0,7,0,6,14,1,0.1076923076923077,1
1,105684.8,0.35550161812297737,1054,145,10,1,32,3,0,0,1,0,0,0,0,0,1,0,1,0,4,1,4,0,0,0.028169014084507043,0
1,179250.0,0.2805755395683453,911,121,6,1,14,3,0,1,0,0,0,0,0,0,1,0,0,1,7,1,5,12,1,0.11046511627906977,1
1,100500.0,0.23684210526315788,1135,149,11,1,24,3,0,0,0,0,0,0,1,1,1,0,1,0,5,1,1,1,0,0.15384615384615385,1
1,72750.0,0.2037037037037037,658,90,6,1,14,4,0,0,0,0,1,0,0,1,1,0,0,1,3,0,2,9,0,0.1875,1
0,105000.0,0.0,703,96,6,1,15,2,1,0,0,0,0,0,0,1,1,0,1,0,7,0,5,23,1,0.1320754716981132,1
0,105000.0,0.0,831,117,10,1,17,3,0,1,0,0,0,0,0,1,1,0,1,0,3,1,6,9,1,0.09375,0
1,93000.0,0.2535211267605634,756,96,6,1,20,3,0,0,0,0,0,1,0,0,0,1,1,0,6,1,1,18,0,0.13157894736842105,1
1,86500.0,0.3755868544600939,751,100,6,1,19,3,0,0,0,0,0,1,0,0,0,1,0,1,6,1,5,4,1,0.12316176470588236,1
1,82500.0,0.29015544041450775,907,123,10,1,28,3,0,0,0,0,0,0,1,1,0,0,1,0,4,0,6,1,1,0.25252525252525254,1
1,221750.0,0.18609406952965235,810,107,6,1,23,3,0,1,0,0,0,0,0,0,1,0,0,0,3,0,5,10,1,0.02631578947368421,0
1,283250.0,0.2728658536585366,874,118,6,1,24,3,1,0,0,0,0,0,0,0,1,0,0,0,6,0,3,3,0,0.07692307692307693,0
1,327392.0,0.2716042604589876,706,96,6,1,17,5,1,0,0,0,0,0,0,0,0,1,0,1,7,1,2,21,0,0.05194805194805195,0
1,206000.0,0.25792811839323465,770,104,6,1,15,4,0,0,1,0,0,0,0,0,0,0,1,0,7,0,0,10,0,0.07692307692307693,0
0,105000.0,0.0,691,92,6,1,19,4,1,0,0,0,0,0,0,0,0,0,0,1,4,0,0,4,0,0.125,1
1,193500.0,0.28,1259,167,11,1,25,3,1,0,0,0,0,0,0,0,1,0,1,0,5,1,5,20,1,0.0673076923076923,0
1,159250.0,0.20056497175141244,1053,142,10,1,28,5,0,0,0,0,0,0,1,1,1,0,1,0,4,0,2,2,0,0.0,0
1,189500.0,0.3485838779956427,1304,174,11,1,19,4,1,0,0,0,0,0,0,1,1,0,1,0,5,1,5,10,1,0.09734513274336283,0
1,100500.0,0.3724696356275304,1254,167,11,1,18,1,1,0,0,0,0,0,0,0,0,1,1,0,3,1,3,20,0,0.14361702127659576,1
1,334500.0,0.23482849604221637,708,96,6,1,33,5,1,0,0,0,0,0,0,0,0,1,1,0,5,0,4,16,0,0.0,0
1,62000.0,0.1897810218978102,1133,150,11,1,19,2,0,0,0,0,0,1,0,1,0,1,1,0,6,0,5,5,1,0.20833333333333334,1
0,105000.0,0.0,654,88,6,1,24,3,1,0,0,0,0,0,0,0,1,0,0,0,3,0,0,7,0,0.05454545454545454,0
1,100250.0,0.24890829694323144,823,110,6,1,25,1,0,1,0,0,0,0,0,0,0,1,1,0,4,1,1,0,0,0.11141304347826086,1
1,137000.0,0.26031746031746034,779,102,6,1,28,3,0,0,0,1,0,0,0,0,1,0,1,0,6,1,1,9,0,0.039473684210526314,0
1,56160.0,0.19364548494983275,731,98,6,1,18,1,0,0,0,0,1,0,0,0,0,0,1,0,6,1,6,4,1,0.10116731517509728,0
1,42750.0,0.3069306930693069,913,123,10,1,31,1,0,0,0,0,0,0,1,1,0,1,1,0,4,0,0,2,0,0.26666666666666666,1
1,83000.0,0.3147208121827411,1130,147,11,1,31,3,0,0,0,0,0,0,1,0,1,0,1,0,4,0,2,23,0,0.13333333333333333,1
1,127750.0,0.36741214057507987,801,106,6,1,18,3,0,0,0,0,1,0,0,0,0,1,1,0,3,1,3,3,0,0.10796915167095116,1
0,105000.0,0.0,893,115,6,1,20,4,0,0,0,0,0,1,0,1,0,0,1,0,6,1,4,6,0,0.0,0
1,97250.0,0.19069767441860466,898,121,10,1,31,3,0,0,0,0,0,0,1,0,1,0,1,0,4,1,1,19,0,0.0787037037037037,0
1,65500.0,0.19310344827586207,720,97,6,1,24,0,0,0,0,0,1,0,0,0,1,0,1,0,4,0,2,22,0,0.10294117647058823,0
0,105000.0,0.0,1122,149,11,1,18,1,0,0,0,0,1,0,0,1,1,0,0,0,6,1,4,16,0,0.11801242236024845,1
0,105000.0,0.0,652,90,6,1,25,1,1,0,0,0,0,0,0,0,1,0,0,0,3,0,2,5,0,0.013513513513513514,0
1,73444.8,0.20852359208523596,910,127,10,1,15,1,0,0,1,0,0,0,0,1,0,0,1,0,6,1,0,7,0,0.09022556390977443,0
1,154750.0,0.34933333333333333,1306,174,11,1,13,4,0,0,0,1,0,0,0,0,0,0,0,0,6,0,5,2,1,0.014084507042253521,0
1,108500.0,0.3046875,945,124,6,1,32,3,0,0,0,1,0,0,0,0,0,0,1,0,5,0,5,0,1,0.08163265306122448,0
1,109250.0,0.3754646840148699,807,114,10,1,12,1,0,1,0,0,0,0,0,1,1,0,1,0,3,0,1,1,0,0.13636363636363635,1
1,86000.0,0.34615384615384615,864,121,10,1,19,3,0,0,0,0,0,1,0,1,0,0,1,0,3,0,2,4,0,0.21453287197231835,1
1,68000.0,0.2222222222222222,1131,149,11,1,14,4,0,0,0,0,1,0,0,0,0,0,1,0,6,1,3,14,0,0.1384083044982699,1
1,92000.0,0.18719211822660098,749,102,6,1,14,4,0,0,0,0,1,0,0,0,0,1,1,0,7,1,6,20,1,0.10179640718562874,0
0,105000.0,0.0,1084,145,10,1,31,3,0,0,0,0,0,0,1,0,0,1,1,0,5,0,1,1,0,0.07142857142857142,0
1,135250.0,0.2262295081967213,858,114,6,1,15,3,0,0,1,0,0,0,0,0,0,1,0,0,4,0,6,12,1,0.08571428571428572,0
1,88500.0,0.3062200956937799,1114,148,11,1,19,4,1,0,0,0,0,0,0,1,0,0,1,0,4,1,2,9,0,0.23076923076923078,1
0,105000.0,0.0,874,120,10,1,25,3,1,0,0,0,0,0,0,0,0,1,1,0,5,1,4,13,0,0.07079646017699115,0
0,105000.0,0.0,915,122,6,1,16,1,0,0,1,0,0,0,0,0,0,1,0,0,7,0,2,9,0,0.05263157894736842,0
0,105000.0,0.0,826,113,6,1,14,3,0,0,0,0,1,0,0,0,1,0,1,0,4,1,5,5,1,0.06004618937644342,0
1,139500.0,0.28307692307692306,1297,172,11,1,21,3,0,1,0,0,0,0,0,0,0,1,1,0,6,1,6,14,1,0.13043478260869565,1
0,105000.0,0.0,910,127,10,1,13,4,0,0,0,1,0,0,0,1,1,0,1,0,6,0,0,12,0,0.016666666666666666,0
1,266500.0,0.329153605015674,977,136,10,1,17,4,1,0,0,0,0,0,0,0,1,0,1,0,4,0,6,2,1,0.05172413793103448,0
1,45000.0,0.3333333333333333,736,96,6,1,31,1,0,0,0,0,0,0,1,0,0,0,1,0,3,0,4,5,0,0.15151515151515152,1
1,82250.0,0.21195652173913043,714,98,6,1,24,2,0,0,0,0,1,0,0,1,0,0,0,0,5,1,1,18,0,0.12030075187969924,1
1,109000.0,0.2698412698412698,680,90,6,1,24,3,0,0,0,0,1,0,0,0,0,0,1,0,3,0,6,17,1,0.08333333333333333,0
1,147750.0,0.26176470588235295,844,119,10,1,26,4,0,0,0,0,1,0,0,0,1,0,1,0,3,1,6,17,1,0.06428571428571428,0
0,105000.0,0.0,892,124,10,1,17,5,0,0,0,1,0,0,0,0,1,0,1,0,5,1,1,20,0,0.029197080291970802,0
0,105000.0,0.0,881,116,6,1,24,1,0,0,0,0,0,0,1,1,0,1,1,0,4,0,3,5,0,0.1349206349206349,1
1,109500.0,0.19753086419753085,760,101,6,1,14,2,0,0,1,0,0,0,0,1,0,0,1,0,7,1,4,2,0,0.1510791366906475,1
1,326750.0,0.35182849936948296,826,114,6,1,25,5,1,0,0,0,0,0,0,0,0,1,0,0,5,0,5,23,1,0.014492753623188406,0
0,105000.0,0.0,1031,140,10,1,18,2,0,1,0,0,0,0,0,0,1,0,1,0,6,1,3,16,0,0.08974358974358974,0
0,105000.0,0.0,1109,145,11,1,28,2,0,0,0,0,0,0,1,0,1,0,1,0,3,1,6,4,1,0.08620689655172414,0
0,105000.0,0.0,1103,145,11,1,18,3,0,0,1,0,0,0,0,0,0,1,1,0,3,0,0,16,0,0.061068702290076333,0
1,137750.0,0.37941176470588234,1137,150,11,1,13,4,0,0,0,1,0,0,0,0,0,0,1,0,6,0,2,11,0,0.038461538461538464,0
1,236500.0,0.2924187725631769,1097,146,11,1,15,4,0,0,1,0,0,0,0,1,1,0,1,0,3,0,0,22,0,0.048484848484848485,0
0,105000.0,0.0,1251,166,11,1,25,1,0,0,1,0,0,0,0,1,0,1,1,0,3,0,1,18,0,0.07692307692307693,0
0,105000.0,0.0,1086,145,11,1,13,2,0,0,0,1,0,0,0,0,0,1,1,0,3,1,5,20,1,0.058823529411764705,0
1,126250.0,0.18996415770609318,1287,171,11,1,14,4,0,0,0,0,1,0,0,0,1,0,0,0,7,0,6,9,1,0.01639344262295082,0
1,87250.0,0.18229166666666666,1281,169,11,1,21,1,0,1,0,0,0,0,0,0,0,1,0,0,7,0,2,7,0,0.12941176470588237,1
1,76000.0,0.17964071856287425,853,114,6,1,25,4,0,0,0,1,0,0,0,0,0,1,0,0,4,1,4,14,0,0.08783783783783784,0
1,117000.0,0.24719101123595505,1114,147,11,1,24,4,0,0,0,0,0,0,1,0,0,1,1,0,3,0,1,10,0,0.14285714285714285,1
0,105000.0,0.0,901,123,10,1,24,1,0,0,0,0,0,0,1,1,0,1,1,0,4,0,5,14,1,0.10204081632653061,0
1,93204.8,0.2415146164410438,1279,168,11,1,21,0,0,1,0,0,0,0,0,0,1,0,1,0,7,1,2,10,0,0.13865546218487396,1
0,105000.0,0.0,892,123,10,1,25,2,0,1,0,0,0,0,0,1,0,0,1,0,6,0,3,22,0,0.045454545454545456,0
1,110344.0,0.2847210994341148,726,94,6,1,31,4,0,0,0,0,0,0,1,1,0,1,1,0,3,1,4,9,0,0.09090909090909091,0
1,96250.0,0.28888888888888886,1141,148,11,1,28,3,0,0,0,0,0,0,1,0,1,0,1,0,5,0,1,18,0,0.2,1
1,75750.0,0.31666666666666665,828,112,6,1,17,3,0,1,0,0,0,0,0,0,1,0,1,0,3,1,2,10,0,0.12101910828025478,1
1,52000.0,0.25210084033613445,1305,172,11,1,28,1,0,0,0,0,0,0,1,0,1,0,1,0,4,0,6,15,1,0.24271844660194175,1
1,80500.0,0.23076923076923078,739,95,6,1,28,2,0,0,0,0,0,0,1,1,1,0,1,0,4,0,1,3,0,0.06666666666666667,0
1,107250.0,0.2976190476190476,847,116,6,1,14,3,0,0,0,0,1,0,0,1,0,1,1,0,4,0,5,0,1,0.16666666666666666,1
1,130000.0,0.26666666666666666,684,93,6,1,18,1,0,1,0,0,0,0,0,0,1,0,1,0,6,0,4,9,0,0.12162162162162163,1
1,72750.0,0.2147239263803681,696,92,6,1,29,1,0,0,1,0,0,0,0,0,1,0,1,0,4,0,3,8,0,0.12962962962962962,1
1,78250.0,0.29891304347826086,1127,147,11,1,28,3,0,0,0,0,0,0,1,1,0,0,1,0,4,0,3,5,0,0.1388888888888889,1
1,97000.0,0.33476394849785407,1053,145,10,1,26,4,0,0,0,0,1,0,0,0,1,0,1,0,5,1,3,19,0,0.10023866348448687,0
1,61750.0,0.21014492753623187,842,112,6,1,24,3,0,0,0,0,0,0,1,0,0,0,1,0,3,1,0,15,0,0.16216216216216217,1
0,105000.0,0.0,1136,148,11,1,28,3,0,0,0,0,0,0,1,0,0,1,1,0,4,1,1,5,0,0.09705882352941177,0
1,141000.0,0.26461538461538464,1290,172,11,1,24,3,0,0,0,0,1,0,0,0,1,0,1,0,5,0,0,2,0,0.08333333333333333,0
1,78000.0,0.3492063492063492,675,88,6,1,20,3,0,0,0,0,0,1,0,0,0,0,0,1,3,0,5,0,1,0.11,1
1,100750.0,0.2851063829787234,971,137,10,1,13,1,0,1,0,0,0,0,0,0,0,1,0,1,4,0,6,23,1,0.10465116279069768,0
0,105000.0,0.0,788,105,6,1,32,3,0,0,1,0,0,0,0,0,1,0,1,0,6,0,0,18,0,0.028846153846153848,0
1,73250.0,0.23493975903614459,930,130,10,1,24,2,0,0,0,0,1,0,0,0,0,0,0,0,7,1,5,22,1,0.11724137931034483,1
1,71676.8,0.30704986489805947,1139,150,11,1,19,2,0,0,0,0,0,1,0,0,0,1,0,0,6,0,5,10,1,0.15384615384615385,1
1,132250.0,0.346875,769,99,6,1,32,3,0,0,0,1,0,0,0,0,1,0,0,0,5,0,3,4,0,0.08762886597938144,0
1,114250.0,0.22868217054263565,934,128,10,1,25,4,0,0,0,1,0,0,0,0,1,0,1,0,6,0,1,11,0,0.038834951456310676,0
1,77000.0,0.2598870056497175,876,124,10,1,14,2,0,0,0,0,1,0,0,1,0,1,1,0,6,0,6,11,1,0.1282051282051282,1
1,71489.59999999999,0.35510887772194305,1135,149,11,1,32,2,0,0,0,1,0,0,0,0,0,1,0,1,5,0,6,22,1,0.11764705882352941,1
1,96250.0,0.29646017699115046,769,100,6,1,16,2,0,0,1,0,0,0,0,1,0,1,0,1,7,0,5,6,1,0.12,1
1,47250.0,0.2169811320754717,1125,148,11,1,20,1,0,0,0,0,0,1,0,1,0,0,0,1,5,0,4,9,0,0.2440944881889764,1
1,104500.0,0.23628691983122363,1134,151,11,1,19,4,1,0,0,0,0,0,0,0,0,1,1,0,6,1,2,11,0,0.12612612612612611,1
1,56250.0,0.2824427480916031,760,97,6,1,28,2,0,0,0,0,0,0,1,1,0,0,1,0,5,0,2,10,0,0.16666666666666666,1
1,89250.0,0.37727272727272726,924,129,10,1,14,2,0,0,1,0,0,0,0,0,0,0,1,0,7,1,6,14,1,0.12149532710280374,1
0,105000.0,0.0,1264,169,11,1,18,1,0,1,0,0,0,0,0,0,0,0,0,0,4,0,4,17,0,0.06666666666666667,0
0,105000.0,0.0,846,113,6,1,16,2,0,0,1,0,0,0,0,0,1,0,1,0,4,0,3,12,0,0.0,0
0,105000.0,0.0,1110,146,11,1,32,3,0,0,1,0,0,0,0,1,0,1,1,0,3,1,3,20,0,0.03365384615384615,0
1,142000.0,0.3631123919308357,1138,150,11,1,18,3,0,0,0,0,1,0,0,0,1,0,1,0,7,1,6,19,1,0.07476635514018691,0
0,105000.0,0.0,873,121,10,1,22,4,0,0,0,0,0,1,0,0,0,1,1,0,4,0,3,13,0,0.08333333333333333,0
0,105000.0,0.0,708,94,6,1,16,5,0,0,1,0,0,0,0,0,0,1,1,0,5,0,0,7,0,0.02040816326530612,0
1,94500.0,0.24186046511627907,920,129,10,1,18,3,0,0,0,0,1,0,0,1,0,1,0,0,7,0,4,16,0,0.05063291139240506,0
1,132000.0,0.3184713375796178,1288,170,11,1,28,3,0,0,0,1,0,0,0,0,1,0,0,0,5,0,0,23,0,0.03773584905660377,0
1,169500.0,0.33415233415233414,893,120,6,1,24,3,1,0,0,0,0,0,0,1,0,1,1,0,7,1,5,19,1,0.07936507936507936,0
1,74000.0,0.26900584795321636,727,100,6,1,24,2,0,0,0,0,1,0,0,0,0,1,1,0,6,1,5,4,1,0.07894736842105263,0
1,120750.0,0.23722627737226276,1313,172,11,1,35,5,0,0,0,1,0,0,0,0,0,1,1,0,6,0,4,4,0,0.03278688524590164,0
0,105000.0,0.0,1259,165,11,1,25,1,1,0,0,0,0,0,0,0,1,0,1,0,3,0,4,0,0,0.0,0
1,143644.80000000002,0.25637465286543804,694,92,6,1,33,4,1,0,0,0,0,0,0,1,1,0,1,0,4,0,6,21,1,0.08955223880597014,0
1,202000.0,0.37751004016064255,1279,168,11,1,33,4,1,0,0,0,0,0,0,0,1,0,1,0,6,1,4,12,0,0.08955223880597014,0
1,95250.0,0.2112676056338028,893,125,10,1,19,4,1,0,0,0,0,0,0,0,0,1,1,0,5,0,1,20,0,0.09210526315789473,0
0,105000.0,0.0,773,105,6,1,24,3,0,0,0,0,1,0,0,0,1,0,0,1,7,0,3,22,0,0.08771929824561403,0
1,107750.0,0.39776951672862454,863,123,10,1,14,4,0,0,0,0,1,0,0,0,0,1,1,0,5,0,5,9,1,0.0718562874251497,0
1,401000.0,0.25841476655808904,1041,144,10,1,25,1,1,0,0,0,0,0,0,0,1,0,1,0,7,0,4,10,0,0.0273972602739726,0
0,105000.0,0.0,718,96,6,1,18,5,0,1,0,0,0,0,0,1,0,1,1,0,7,0,5,16,1,0.03125,0
1,69250.0,0.2356687898089172,836,119,10,1,14,4,0,0,0,0,1,0,0,0,0,1,1,0,3,1,5,2,1,0.08695652173913043,0
0,105000.0,0.0,881,120,10,1,23,4,0,1,0,0,0,0,0,1,0,1,1,0,6,1,0,4,0,0.06329113924050633,0
1,78250.0,0.21142857142857144,1107,145,11,1,32,2,0,0,0,1,0,0,0,0,0,0,0,1,3,1,4,1,0,0.10204081632653061,0
0,105000.0,0.0,992,140,10,1,16,2,0,0,1,0,0,0,0,0,1,0,1,0,4,1,0,21,0,0.04153354632587859,0
1,167750.0,0.3432098765432099,1291,171,11,1,14,3,0,0,1,0,0,0,0,1,0,0,1,0,7,1,1,0,0,0.1089588377723971,1
0,105000.0,0.0,729,92,6,1,28,1,0,0,0,0,0,0,1,1,0,1,0,1,3,0,5,6,1,0.11834319526627218,1
1,68750.0,0.25949367088607594,1064,145,10,1,18,2,0,0,1,0,0,0,0,1,0,1,1,0,6,1,3,14,0,0.13157894736842105,1
1,74193.6,0.2621193666260657,918,124,10,1,29,1,0,0,1,0,0,0,0,0,1,0,1,0,5,0,0,9,0,0.18181818181818182,1
1,289500.0,0.3644067796610169,824,113,6,1,25,1,1,0,0,0,0,0,0,0,1,0,0,0,4,0,6,13,1,0.08571428571428572,0
1,56500.0,0.31343283582089554,859,117,10,1,28,2,0,0,0,0,0,0,1,1,0,1,0,1,3,1,0,10,0,0.25190839694656486,1
0,105000.0,0.0,935,125,10,1,31,0,0,0,0,0,0,0,1,0,0,0,1,0,5,1,2,2,0,0.1780821917808219,1
1,62000.0,0.3129251700680272,1040,145,10,1,24,3,1,0,0,0,0,0,0,1,0,0,1,0,7,0,3,22,0,0.09523809523809523,0
1,110250.0,0.236,1039,144,10,1,13,2,0,0,0,1,0,0,0,0,1,0,1,0,5,1,3,20,0,0.09271523178807947,0
1,205000.0,0.3231083844580777,1118,147,11,1,17,5,0,0,0,1,0,0,0,1,1,0,1,0,4,1,1,15,0,0.05405405405405406,0
1,105250.0,0.2384937238493724,1078,145,10,1,28,4,0,0,0,0,0,0,1,0,0,0,1,0,5,1,6,23,1,0.08040201005025126,0
0,105000.0,0.0,1133,150,11,1,25,4,0,0,0,1,0,0,0,0,0,0,0,0,5,1,4,8,0,0.059602649006622516,0
0,105000.0,0.0,1083,144,11,1,21,4,1,0,0,0,0,0,0,0,0,1,1,0,3,0,4,2,0,0.0,0
1,152750.0,0.20294117647058824,1260,168,11,1,17,3,0,1,0,0,0,0,0,1,0,0,1,0,3,0,6,20,1,0.17341040462427745,1
1,95750.0,0.19339622641509435,748,100,6,1,15,2,0,0,1,0,0,0,0,0,0,0,1,0,6,0,2,23,0,0.0945945945945946,0
0,105000.0,0.0,1266,167,11,1,12,3,0,1,0,0,0,0,0,0,0,1,1,0,6,0,0,23,0,0.03125,0
1,201750.0,0.3463114754098361,983,139,10,1,15,3,1,0,0,0,0,0,0,0,1,0,1,0,3,0,3,21,0,0.08955223880597014,0
1,70750.0,0.2422360248447205,1001,143,10,1,14,2,0,0,0,0,1,0,0,1,0,0,1,0,5,1,1,8,0,0.09655172413793103,0
1,117750.0,0.2996389891696751,1096,144,11,1,12,2,0,1,0,0,0,0,0,1,0,0,1,0,4,0,0,21,0,0.2236024844720497,1
0,105000.0,0.0,775,102,6,1,25,1,0,0,1,0,0,0,0,0,0,1,1,0,7,0,3,19,0,0.0,0
1,125000.0,0.3050847457627119,916,125,10,1,18,4,0,0,1,0,0,0,0,0,0,0,1,0,6,0,5,17,1,0.08823529411764706,0
1,368250.0,0.23381294964028776,859,117,6,1,19,5,1,0,0,0,0,0,0,1,0,0,0,0,7,1,4,21,0,0.0,0
0,105000.0,0.0,995,138,10,1,25,4,0,0,0,1,0,0,0,1,0,0,1,0,3,0,2,0,0,0.15625,1
0,105000.0,0.0,879,118,6,1,24,2,0,0,0,0,1,0,0,0,0,1,1,0,6,0,3,1,0,0.05063291139240506,0
0,105000.0,0.0,754,95,6,1,28,5,0,0,0,0,0,0,1,1,0,0,1,0,5,0,2,2,0,0.06666666666666667,0
0,105000.0,0.0,1111,146,11,1,19,2,0,0,0,0,0,1,0,0,1,0,1,0,4,1,4,4,0,0.12698412698412698,1
0,105000.0,0.0,688,93,6,1,19,2,1,0,0,0,0,0,0,0,1,0,1,0,5,1,1,12,0,0.041237113402061855,0
0,105000.0,0.0,826,116,10,1,18,3,0,0,1,0,0,0,0,0,0,1,1,0,3,1,5,7,1,0.10256410256410256,0
0,105000.0,0.0,688,94,6,1,24,3,0,0,0,0,1,0,0,0,0,1,1,0,4,0,3,12,0,0.04,0
0,105000.0,0.0,883,123,10,1,25,3,1,0,0,0,0,0,0,0,0,1,0,0,6,0,4,8,0,0.05521472392638037,0
0,105000.0,0.0,757,100,6,1,22,4,0,0,0,0,0,1,0,1,0,0,1,0,6,0,4,8,0,0.13286713286713286,1
0,105000.0,0.0,1037,145,10,1,25,4,0,0,0,1,0,0,0,0,1,0,1,0,3,0,4,7,0,0.02962962962962963,0
1,101250.0,0.2,888,118,6,1,25,4,0,0,0,1,0,0,0,0,0,0,1,0,4,0,1,9,0,0.1111111111111111,1
1,163750.0,0.28083989501312334,989,139,10,1,25,3,1,0,0,0,0,0,0,1,0,0,1,0,4,1,2,19,0,0.10443037974683544,0
1,64250.0,0.22758620689655173,862,114,6,1,21,0,0,1,0,0,0,0,0,1,0,1,1,0,6,1,0,20,0,0.19005847953216373,1
1,113500.0,0.25384615384615383,713,96,6,1,15,2,0,0,1,0,0,0,0,1,1,0,1,0,5,0,5,19,1,0.08,0
0,105000.0,0.0,1120,148,11,1,13,4,0,1,0,0,0,0,0,0,0,1,0,0,7,0,0,2,0,0.02857142857142857,0
1,109750.0,0.28515625,1078,147,10,1,20,3,0,0,0,0,0,1,0,1,0,0,1,0,5,0,2,8,0,0.07142857142857142,0
0,105000.0,0.0,1126,149,11,1,26,4,0,0,0,0,1,0,0,1,0,0,1,0,5,1,0,23,0,0.06578947368421052,0
0,105000.0,0.0,677,91,6,1,17,1,1,0,0,0,0,0,0,0,1,0,0,0,5,0,1,16,0,0.07692307692307693,0
0,105000.0,0.0,1106,146,11,1,12,4,0,1,0,0,0,0,0,0,1,0,1,0,5,0,5,0,1,0.03643724696356275,0
0,105000.0,0.0,679,88,6,1,29,3,0,0,1,0,0,0,0,0,0,0,0,0,3,1,3,3,0,0.08187134502923976,0
0,105000.0,0.0,932,124,6,1,18,1,0,0,0,0,1,0,0,0,0,0,1,0,6,0,3,20,0,0.057692307692307696,0
1,99250.0,0.20361990950226244,1257,167,11,1,26,4,0,0,0,0,1,0,0,0,1,0,1,0,4,0,2,17,0,0.08,0
0,105000.0,0.0,898,124,10,1,16,3,0,0,1,0,0,0,0,1,0,1,1,0,6,0,0,6,0,0.027777777777777776,0
1,78250.0,0.2802197802197802,692,92,6,1,16,1,0,0,1,0,0,0,0,0,0,1,1,0,4,0,6,12,1,0.04,0
1,181250.0,0.3888888888888889,893,120,6,1,12,3,0,1,0,0,0,0,0,0,0,1,0,0,7,0,1,18,0,0.10596026490066225,0
1,123750.0,0.3277027027027027,1126,150,11,1,14,4,0,0,0,0,1,0,0,0,1,0,1,0,6,0,4,10,0,0.05263157894736842,0
0,105000.0,0.0,740,101,6,1,14,1,0,0,0,0,1,0,0,0,1,0,1,0,7,0,6,20,1,0.09302325581395349,0
1,148750.0,0.3698630136986301,885,121,10,1,24,5,0,0,0,0,0,0,1,0,0,1,1,0,4,0,2,20,0,0.05128205128205128,0
1,124500.0,0.18248175182481752,742,100,6,1,14,3,0,0,1,0,0,0,0,0,0,0,0,0,5,0,0,23,0,0.08620689655172414,0
0,105000.0,0.0,1257,166,11,1,25,1,1,0,0,0,0,0,0,0,1,0,0,0,4,0,6,12,1,0.10948905109489052,1
1,160680.0,0.3528784648187633,737,98,6,1,15,3,0,0,1,0,0,0,0,0,0,1,1,0,6,0,4,16,0,0.15625,1
1,60548.799999999996,0.21105990783410133,693,94,6,1,22,4,0,0,0,0,0,1,0,1,0,1,1,0,3,0,2,16,0,0.11666666666666667,1
1,116417.59999999999,0.31125528062764035,860,122,10,1,18,3,0,0,0,0,1,0,0,1,0,1,0,0,4,1,5,17,1,0.09615384615384616,0
1,111500.0,0.3420074349442379,1124,149,11,1,14,1,0,0,1,0,0,0,0,0,1,0,1,0,5,1,0,18,0,0.12598425196850394,1
1,276500.0,0.29057187017001546,872,123,10,1,18,4,1,0,0,0,0,0,0,0,1,0,1,0,7,1,5,4,1,0.06269592476489028,0
1,101250.0,0.18385650224215247,724,93,6,1,32,2,0,0,0,1,0,0,0,1,0,0,1,0,3,1,1,9,0,0.06,0
1,62774.4,0.18901890189018894,1128,148,11,1,22,4,0,0,0,0,0,1,0,0,1,0,1,0,5,0,1,12,0,0.1796875,1
0,105000.0,0.0,906,123,10,1,28,1,0,0,0,0,0,0,1,0,0,1,1,0,4,0,6,19,1,0.19047619047619047,1
1,177250.0,0.24938271604938272,842,119,10,1,33,3,1,0,0,0,0,0,0,1,0,0,1,0,3,0,6,14,1,0.15789473684210525,1
1,124750.0,0.37987012987012986,1021,144,10,1,17,5,0,0,0,1,0,0,0,0,1,0,1,0,4,0,1,13,0,0.1,0
1,42750.0,0.3867924528301887,1116,148,11,1,22,4,0,0,0,0,0,1,0,0,0,1,1,0,5,0,3,4,0,0.08571428571428572,0
1,126250.0,0.21554770318021202,1075,149,10,1,14,3,0,0,1,0,0,0,0,0,0,0,1,0,7,0,0,0,0,0.06666666666666667,0
0,105000.0,0.0,1090,144,11,1,13,3,0,1,0,0,0,0,0,1,0,1,0,1,3,0,3,3,0,0.09881422924901186,0
0,105000.0,0.0,1274,167,11,1,20,3,0,0,0,0,0,1,0,0,0,1,1,0,5,0,3,23,0,0.06666666666666667,0
1,156250.0,0.3681462140992167,886,121,6,1,18,3,0,0,0,0,1,0,0,0,1,0,1,0,5,0,3,22,0,0.11538461538461539,1
1,142500.0,0.3620689655172414,731,101,6,1,26,4,0,0,0,0,1,0,0,0,1,0,1,0,5,0,4,13,0,0.12,1
1,81750.0,0.19337016574585636,1112,147,11,1,13,2,0,0,0,1,0,0,0,0,0,1,1,0,4,1,0,12,0,0.08609271523178808,0
0,105000.0,0.0,1060,147,10,1,18,2,1,0,0,0,0,0,0,0,1,0,1,0,7,1,2,3,0,0.05,0
1,109532.79999999999,0.21114319687446917,1134,148,11,1,20,3,0,0,0,0,0,1,0,0,1,0,0,1,6,0,2,17,0,0.0784313725490196,0
1,118250.0,0.2924187725631769,767,100,6,1,28,3,0,0,0,1,0,0,0,1,0,1,0,1,5,1,5,10,1,0.11538461538461539,1
1,153750.0,0.24285714285714285,1051,144,10,1,33,4,1,0,0,0,0,0,0,0,0,1,1,0,7,1,2,10,0,0.06278026905829596,0
1,161750.0,0.23705722070844687,1144,151,11,1,25,1,0,0,1,0,0,0,0,0,0,1,0,0,6,1,6,7,1,0.0855614973262032,0
1,85000.0,0.37320574162679426,690,90,6,1,22,2,0,0,0,0,0,1,0,1,1,0,1,0,3,0,2,6,0,0.2,1
1,123250.0,0.3116438356164384,689,90,6,1,28,5,0,0,0,0,0,0,1,0,0,1,1,0,3,1,1,2,0,0.04878048780487805,0
1,87750.0,0.2623762376237624,757,98,6,1,20,3,0,0,0,0,0,1,0,0,0,0,1,0,6,0,2,13,0,0.1282051282051282,1
0,105000.0,0.0,1279,169,11,1,22,2,0,0,0,0,0,1,0,0,0,1,0,1,3,0,5,20,1,0.06756756756756757,0
1,75250.0,0.19760479041916168,1293,169,11,1,28,3,0,0,0,0,0,0,1,0,0,1,1,0,5,0,4,18,0,0.12745098039215685,1
1,50750.0,0.23478260869565218,874,114,6,1,22,1,0,0,0,0,0,1,0,0,0,1,1,0,4,0,3,16,0,0.125,1
1,64750.0,0.3503184713375796,852,121,10,1,13,1,0,0,0,1,0,0,0,0,0,1,0,1,4,0,5,15,1,0.039473684210526314,0
0,105000.0,0.0,1023,142,10,1,21,4,1,0,0,0,0,0,0,1,0,0,1,0,6,1,0,20,0,0.09482758620689655,0
1,194750.0,0.3390191897654584,1015,142,10,1,17,3,1,0,0,0,0,0,0,1,0,0,1,0,5,0,5,22,1,0.11956521739130435,1
1,195500.0,0.20642201834862386,1100,146,11,1,25,1,1,0,0,0,0,0,0,0,1,0,1,0,4,0,0,11,0,0.11023622047244094,1
1,219750.0,0.21341463414634146,1333,177,11,1,32,3,0,0,1,0,0,0,0,1,1,0,1,0,7,0,1,11,0,0.16216216216216217,1
1,98750.0,0.18807339449541285,841,116,6,1,24,3,0,0,0,0,1,0,0,0,0,1,1,0,3,1,2,0,0,0.088,0
1,243500.0,0.30313588850174217,1039,147,10,1,19,4,1,0,0,0,0,0,0,0,1,0,1,0,6,0,0,17,0,0.0,0
1,105750.0,0.2874493927125506,817,109,6,1,14,4,0,0,0,0,1,0,0,1,0,0,0,0,4,0,1,20,0,0.08771929824561403,0
1,41059.2,0.2623239436619717,928,124,10,1,31,1,0,0,0,0,0,0,1,1,0,0,1,0,5,0,4,22,0,0.34594594594594597,1
1,65250.0,0.1875,831,114,6,1,14,1,0,0,0,0,1,0,0,0,0,1,1,0,3,0,1,3,0,0.15306122448979592,1
0,105000.0,0.0,867,116,6,1,14,3,0,0,0,0,1,0,0,1,1,0,0,1,5,0,0,5,0,0.0,0
1,160056.0,0.27764100268576547,844,114,6,1,17,3,1,0,0,0,0,0,0,0,0,0,1,0,6,0,3,17,0,0.0425531914893617,0
0,105000.0,0.0,896,120,6,1,22,4,0,0,0,0,0,1,0,1,0,1,1,0,4,0,1,7,0,0.0,0
1,82750.0,0.20108695652173914,680,91,6,1,18,0,0,1,0,0,0,0,0,1,1,0,1,0,4,1,1,21,0,0.05,0
0,105000.0,0.0,716,93,6,1,28,1,0,0,0,0,0,0,1,1,0,0,1,0,4,0,6,6,1,0.12903225806451613,1
0,105000.0,0.0,893,117,6,1,23,4,0,1,0,0,0,0,0,1,0,0,0,0,6,1,0,7,0,0.050724637681159424,0
0,105000.0,0.0,643,86,6,1,18,3,0,0,0,0,1,0,0,0,0,1,1,0,3,0,3,11,0,0.06349206349206349,0
1,119288.0,0.23048441838938588,760,102,6,1,24,3,0,0,0,0,1,0,0,0,0,1,1,0,6,0,1,15,0,0.0425531914893617,0
1,160000.0,0.20728291316526612,898,122,10,1,18,2,0,1,0,0,0,0,0,0,1,0,1,0,7,0,5,20,1,0.1276595744680851,1
0,105000.0,0.0,1095,145,11,1,18,1,0,0,1,0,0,0,0,1,0,1,1,0,3,0,3,16,0,0.1392857142857143,1
0,105000.0,0.0,729,96,6,1,28,2,0,0,0,0,0,0,1,1,1,0,1,0,4,0,0,9,0,0.16666666666666666,1
0,105000.0,0.0,869,115,6,1,24,2,0,0,0,0,0,0,1,0,1,0,0,0,4,0,2,12,0,0.13636363636363635,1
0,105000.0,0.0,695,94,6,1,24,2,0,0,0,0,0,0,1,1,0,1,0,1,3,1,1,20,0,0.09090909090909091,0
1,149250.0,0.2594752186588921,1128,149,11,1,19,4,1,0,0,0,0,0,0,0,0,1,0,0,5,0,4,18,0,0.01818181818181818,0
1,152250.0,0.30362116991643456,1076,147,10,1,17,5,0,0,0,1,0,0,0,0,0,1,1,0,6,0,3,10,0,0.017543859649122806,0
0,105000.0,0.0,883,116,6,1,35,5,0,0,0,1,0,0,0,0,0,1,1,0,3,0,2,1,0,0.043859649122807015,0
1,126750.0,0.3853503184713376,850,121,10,1,14,3,0,0,0,0,1,0,0,0,1,0,1,0,4,0,0,21,0,0.09090909090909091,0
1,100000.0,0.31932773109243695,835,119,10,1,13,1,0,0,0,1,0,0,0,0,1,0,1,0,3,0,1,8,0,0.10755813953488372,1
1,130500.0,0.19377162629757785,1286,171,11,1,14,4,0,0,0,0,1,0,0,1,1,0,1,0,7,0,5,6,1,0.15822784810126583,1
1,110000.0,0.21862348178137653,968,135,10,1,14,2,0,0,0,0,1,0,0,0,1,0,1,0,3,1,4,10,0,0.12941176470588237,1
1,96750.0,0.3670886075949367,1286,170,11,1,25,4,0,0,0,1,0,0,0,0,0,1,1,0,5,0,2,17,0,0.06944444444444445,0
0,105000.0,0.0,823,110,6,1,17,3,0,1,0,0,0,0,0,0,0,1,1,0,4,1,1,8,0,0.05,0
0,105000.0,0.0,923,126,6,1,19,4,1,0,0,0,0,0,0,0,0,0,1,0,6,0,1,15,0,0.02702702702702703,0
1,114750.0,0.2936802973977695,835,119,10,1,24,3,0,0,0,0,1,0,0,0,0,1,1,0,3,0,4,4,0,0.050724637681159424,0
1,96824.0,0.1881689044561199,641,90,6,1,17,3,0,1,0,0,0,0,0,1,0,0,1,0,3,0,3,2,0,0.11206896551724138,1
0,105000.0,0.0,818,116,10,1,25,1,1,0,0,0,0,0,0,0,0,1,1,0,3,0,6,7,1,0.05517241379310345,0
1,63750.0,0.2534246575342466,1037,146,10,1,21,4,1,0,0,0,0,0,0,1,0,1,1,0,6,0,5,16,1,0.13043478260869565,1
0,105000.0,0.0,865,119,10,1,24,3,0,0,0,0,0,0,1,0,0,1,0,0,3,0,4,12,0,0.1111111111111111,1
0,105000.0,0.0,902,123,10,1,33,4,1,0,0,0,0,0,0,1,0,1,0,1,6,0,4,12,0,0.16666666666666666,1
1,132100.8,0.3376521397722811,667,88,6,1,25,3,0,1,0,0,0,0,0,1,0,0,1,0,3,0,3,21,0,0.05263157894736842,0
1,138250.0,0.308868501529052,924,128,10,1,15,3,0,0,1,0,0,0,0,1,0,0,1,0,7,0,1,5,0,0.07692307692307693,0
1,121500.0,0.32989690721649484,1046,147,10,1,25,1,1,0,0,0,0,0,0,1,1,0,1,0,6,0,5,4,1,0.208,1
1,61750.0,0.38562091503267976,1106,147,11,1,18,0,0,0,0,0,1,0,0,0,1,0,1,0,4,1,3,1,0,0.11731843575418995,1
1,76750.0,0.23563218390804597,827,110,6,1,14,2,0,0,0,0,1,0,0,1,0,1,1,0,3,1,5,12,1,0.1111111111111111,1
0,105000.0,0.0,649,88,6,1,14,3,0,1,0,0,0,0,0,1,0,0,1,0,3,0,6,1,1,0.07017543859649122,0
1,56500.0,0.3971631205673759,928,124,10,1,31,2,0,0,0,0,0,0,1,0,0,0,1,0,5,1,6,9,1,0.18269230769230768,1
1,26750.0,0.2459016393442623,916,125,10,1,24,0,0,0,0,0,0,0,1,0,0,0,1,0,5,1,5,14,1,0.20689655172413793,1
1,183750.0,0.2458233890214797,874,124,10,1,18,4,0,0,0,0,1,0,0,0,1,0,1,0,5,0,5,5,1,0.03571428571428571,0
1,48963.2,0.23310810810810814,755,98,6,1,20,0,0,0,0,0,0,1,0,0,1,0,1,0,6,0,6,9,1,0.2631578947368421,1
0,105000.0,0.0,708,98,6,1,21,4,1,0,0,0,0,0,0,1,1,0,1,0,7,0,0,23,0,0.03225806451612903,0
1,217750.0,0.22606924643584522,659,87,6,1,13,3,0,1,0,0,0,0,0,0,1,0,1,0,3,0,1,6,0,0.12056737588652482,1
1,49500.0,0.35,1290,169,11,1,28,2,0,0,0,0,0,0,1,0,0,1,1,0,5,0,5,14,1,0.19696969696969696,1
1,96500.0,0.29955947136563876,1125,148,11,1,15,1,0,0,1,0,0,0,0,0,0,1,1,0,5,0,1,18,0,0.1565217391304348,1
1,117500.0,0.23308270676691728,852,120,10,1,13,2,0,1,0,0,0,0,0,1,0,0,1,0,6,0,6,10,1,0.12,1
1,88500.0,0.2647058823529412,1132,149,11,1,19,3,0,0,0,0,0,1,0,0,0,1,0,0,6,0,1,0,0,0.15289256198347106,1
1,48750.0,0.2743362831858407,765,98,6,1,28,1,0,0,0,0,0,0,1,1,0,1,0,0,5,0,6,19,1,0.20168067226890757,1
1,52500.0,0.359375,1092,149,10,1,24,1,0,0,0,0,0,0,1,1,0,0,1,0,5,0,6,23,1,0.25806451612903225,1
0,105000.0,0.0,672,92,6,1,14,2,0,0,1,0,0,0,0,0,0,1,1,0,4,0,3,17,0,0.06976744186046512,0
1,84250.0,0.22631578947368422,1278,168,11,1,25,4,0,0,0,1,0,0,0,0,0,1,0,1,4,0,0,16,0,0.08333333333333333,0
1,78000.0,0.3315508021390374,862,119,10,1,35,5,0,0,0,1,0,0,0,0,0,1,1,0,3,0,3,0,0,0.08588957055214724,0
0,105000.0,0.0,1132,147,11,1,31,4,0,0,0,0,0,0,1,0,1,0,0,0,4,0,6,22,1,0.045871559633027525,0
1,93500.0,0.34513274336283184,916,124,10,1,20,3,0,0,0,0,0,1,0,0,0,0,0,1,6,0,6,23,1,0.0,0
1,93500.0,0.3377777777777778,900,124,10,1,25,4,0,0,0,1,0,0,0,0,1,0,1,0,5,0,4,5,0,0.12307692307692308,1
0,105000.0,0.0,1032,143,10,1,14,0,0,1,0,0,0,0,0,0,0,1,0,0,5,0,5,0,1,0.12280701754385964,1
1,254000.0,0.2112676056338028,762,102,6,1,19,4,1,0,0,0,0,0,0,0,0,1,1,0,7,0,5,0,1,0.02666666666666667,0
0,105000.0,0.0,1227,164,11,1,15,1,1,0,0,0,0,0,0,0,0,1,1,0,3,1,1,14,0,0.06,0
0,105000.0,0.0,750,98,6,1,17,5,0,0,0,1,0,0,0,0,0,1,1,0,6,0,0,14,0,0.10810810810810811,1
1,93500.0,0.20192307692307693,866,116,6,1,14,4,0,0,0,0,1,0,0,0,1,0,0,0,5,0,0,6,0,0.07142857142857142,0
1,107750.0,0.2964426877470356,954,130,10,1,35,5,0,0,0,1,0,0,0,0,0,1,1,0,6,0,2,12,0,0.0,0
1,77000.0,0.27932960893854747,1087,149,10,1,18,2,0,0,1,0,0,0,0,0,0,1,1,0,6,0,6,5,1,0.16489361702127658,1
0,105000.0,0.0,1025,141,10,1,28,1,0,0,0,0,0,0,1,0,1,0,1,0,3,0,4,1,0,0.17857142857142858,1
0,105000.0,0.0,696,94,6,1,25,2,1,0,0,0,0,0,0,0,0,0,1,0,4,0,5,10,1,0.09734513274336283,0
1,42000.0,0.26804123711340205,727,94,6,1,22,0,0,0,0,0,0,1,0,1,0,0,1,0,5,0,4,14,0,0.18840579710144928,1
1,100027.20000000001,0.2282608695652174,719,96,6,1,21,2,0,1,0,0,0,0,0,0,0,1,1,0,6,0,3,14,0,0.14893617021276595,1
1,199000.0,0.35196687370600416,1297,170,11,1,25,1,0,0,1,0,0,0,0,0,0,1,1,0,6,0,6,5,1,0.03225806451612903,0
1,110500.0,0.3193916349809886,948,128,10,1,32,3,0,0,0,1,0,0,0,0,0,1,1,0,6,0,3,17,0,0.04,0
0,105000.0,0.0,1263,167,11,1,25,4,0,1,0,0,0,0,0,0,0,1,1,0,6,1,1,22,0,0.0,0
1,103000.0,0.20869565217391303,884,120,10,1,33,4,1,0,0,0,0,0,0,0,0,1,0,0,5,1,6,20,1,0.10714285714285714,1
1,89500.0,0.21,702,91,6,1,28,3,0,0,0,0,0,0,1,1,0,0,1,0,3,1,4,21,0,0.10101010101010101,0
0,105000.0,0.0,1057,143,10,1,28,1,0,0,0,0,0,0,1,1,1,0,1,0,4,0,0,7,0,0.08641975308641975,0
1,59000.0,0.2898550724637681,1127,148,11,1,24,1,0,0,0,0,1,0,0,0,0,0,1,0,4,0,2,21,0,0.15492957746478872,1
0,105000.0,0.0,810,111,6,1,14,1,0,0,0,0,1,0,0,0,1,0,1,0,3,0,5,21,1,0.14754098360655737,1
1,242000.0,0.3076923076923077,828,113,6,1,19,5,0,0,0,0,0,1,0,0,1,0,1,0,4,1,2,9,0,0.06,0
1,165500.0,0.37346437346437344,678,90,6,1,20,4,0,0,0,0,0,1,0,1,1,0,1,0,3,0,3,18,0,0.12195121951219512,1
1,152500.0,0.3287671232876712,875,123,10,1,18,2,1,0,0,0,0,0,0,0,1,0,0,0,7,0,1,4,0,0.10909090909090909,1
1,76750.0,0.2254335260115607,1313,175,11,1,18,2,0,0,0,0,1,0,0,0,0,1,1,0,7,0,1,8,0,0.1559633027522936,1
1,231750.0,0.3021978021978022,1245,166,11,1,15,4,1,0,0,0,0,0,0,0,0,0,1,0,5,0,0,15,0,0.07142857142857142,0
1,186097.6,0.23435958160647324,764,103,6,1,14,3,0,0,1,0,0,0,0,0,1,0,1,0,7,0,0,2,0,0.05952380952380952,0
0,105000.0,0.0,900,124,10,1,19,3,0,0,0,0,0,1,0,0,0,0,1,0,5,0,2,11,0,0.015151515151515152,0
1,149500.0,0.3107344632768362,770,102,6,1,25,4,0,0,0,1,0,0,0,1,0,0,1,0,6,0,4,14,0,0.0975609756097561,0
0,105000.0,0.0,952,128,10,1,32,1,0,0,0,1,0,0,0,0,0,0,0,1,6,0,4,7,0,0.08695652173913043,0
0,105000.0,0.0,745,98,6,1,29,3,0,0,1,0,0,0,0,0,1,0,1,0,5,0,2,0,0,0.02,0
1,90000.0,0.2857142857142857,708,94,6,1,35,5,0,0,0,1,0,0,0,0,0,1,1,0,3,0,0,23,0,0.0410958904109589,0
1,139000.0,0.2064516129032258,724,95,6,1,18,1,1,0,0,0,0,0,0,0,1,0,0,1,7,1,2,16,0,0.13286713286713286,1
0,105000.0,0.0,716,92,6,1,28,4,0,0,0,1,0,0,0,0,1,0,1,0,3,0,0,8,0,0.030303030303030304,0
1,72250.0,0.24848484848484848,866,122,10,1,24,2,0,0,0,0,1,0,0,1,0,1,0,1,4,0,2,5,0,0.16883116883116883,1
1,83000.0,0.18579234972677597,1278,168,11,1,35,5,0,0,0,1,0,0,0,0,0,0,1,0,3,0,0,3,0,0.2222222222222222,1
1,91250.0,0.3991228070175439,653,88,6,1,13,1,0,1,0,0,0,0,0,0,0,1,1,0,3,1,6,2,1,0.0,0
0,105000.0,0.0,1134,147,11,1,31,0,0,0,0,0,0,0,1,0,1,0,0,1,4,0,3,0,0,0.1044776119402985,0
1,71000.0,0.37714285714285717,913,118,6,1,28,3,0,0,0,0,0,0,1,0,0,1,1,0,5,0,2,11,0,0.11627906976744186,1
1,131497.6,0.2503459728757266,1029,141,10,1,35,5,0,0,0,1,0,0,0,1,1,0,1,0,3,0,4,7,0,0.12121212121212122,1
1,172750.0,0.34292565947242204,1147,152,11,1,24,4,0,0,0,0,1,0,0,0,1,0,0,1,7,0,1,4,0,0.06666666666666667,0
0,105000.0,0.0,842,116,10,1,25,3,0,1,0,0,0,0,0,1,1,0,1,0,3,1,4,9,0,0.07173913043478261,0
0,105000.0,0.0,914,125,10,1,18,3,0,0,1,0,0,0,0,1,0,0,0,0,6,0,0,18,0,0.09803921568627451,0
1,150750.0,0.325,898,123,10,1,18,4,0,0,1,0,0,0,0,0,1,0,1,0,5,0,6,13,1,0.07317073170731707,0
1,87750.0,0.30434782608695654,726,94,6,1,24,3,0,0,0,0,0,0,1,1,0,1,0,0,4,1,0,17,0,0.11926605504587157,1
1,126250.0,0.2646048109965636,1053,146,10,1,25,1,0,0,1,0,0,0,0,1,0,0,1,0,5,1,0,2,0,0.17105263157894737,1
1,136750.0,0.3323170731707317,892,123,10,1,21,3,0,1,0,0,0,0,0,1,0,0,0,1,6,0,0,20,0,0.19298245614035087,1
1,152250.0,0.22448979591836735,1063,147,10,1,13,4,0,0,0,1,0,0,0,0,0,0,0,0,6,0,6,10,1,0.06,0
1,83750.0,0.3165829145728643,891,121,10,1,28,3,0,0,0,0,0,0,1,1,1,0,1,0,3,0,6,20,1,0.19658119658119658,1
1,121264.0,0.24571170628949734,1029,141,10,1,25,4,0,0,0,1,0,0,0,0,0,1,1,0,4,0,5,0,1,0.0660377358490566,0
1,57250.0,0.375886524822695,748,96,6,1,28,2,0,0,0,0,0,0,1,1,0,1,1,0,4,0,6,11,1,0.12,1
1,193500.0,0.28761061946902655,812,110,6,1,25,1,1,0,0,0,0,0,0,0,1,0,1,0,3,0,1,1,0,0.07692307692307693,0
1,128000.0,0.2525597269624573,1118,148,11,1,19,4,0,0,0,0,0,1,0,0,0,1,1,0,5,0,0,22,0,0.06060606060606061,0
0,105000.0,0.0,1107,148,11,1,14,3,0,0,0,0,1,0,0,0,1,0,0,0,5,0,6,0,1,0.07462686567164178,0
0,105000.0,0.0,841,121,10,1,14,4,0,0,0,0,1,0,0,1,1,0,1,0,4,0,0,17,0,0.04838709677419355,0
1,117250.0,0.26296296296296295,1258,167,11,1,17,2,1,0,0,0,0,0,0,1,0,1,1,0,6,0,6,23,1,0.08695652173913043,0
0,105000.0,0.0,687,90,6,1,16,1,0,0,1,0,0,0,0,1,0,0,0,1,4,0,0,17,0,0.1111111111111111,1
1,130000.0,0.3333333333333333,724,96,6,1,19,4,0,0,0,0,0,1,0,1,0,0,1,0,5,0,3,4,0,0.07692307692307693,0
1,88500.0,0.24752475247524752,909,122,6,1,22,4,0,0,0,0,0,1,0,0,0,0,1,0,6,0,2,6,0,0.08333333333333333,0
1,152000.0,0.3064066852367688,1135,150,11,1,33,3,1,0,0,0,0,0,0,0,0,1,1,0,7,0,2,13,0,0.06086956521739131,0
1,70000.0,0.39080459770114945,763,102,6,1,16,1,0,0,1,0,0,0,0,0,0,0,1,0,7,0,1,14,0,0.1,0
1,67250.0,0.24183006535947713,754,95,6,1,31,2,0,0,0,0,0,0,1,1,0,0,1,0,5,0,1,0,0,0.16981132075471697,1
1,157500.0,0.1896551724137931,1115,148,11,1,19,4,1,0,0,0,0,0,0,1,1,0,0,0,4,0,0,2,0,0.13513513513513514,1
1,190500.0,0.3470715835140998,1033,141,10,1,23,3,0,1,0,0,0,0,0,0,1,0,1,0,6,1,5,21,1,0.10465116279069768,0
1,120250.0,0.375,1132,150,11,1,33,2,1,0,0,0,0,0,0,0,0,1,1,0,7,0,2,5,0,0.0,0
1,152250.0,0.3584905660377358,706,96,6,1,25,1,1,0,0,0,0,0,0,1,0,1,1,0,6,1,4,9,0,0.15037593984962405,1
1,137750.0,0.2993827160493827,1104,145,11,1,25,3,0,1,0,0,0,0,0,0,0,1,1,0,3,0,4,0,0,0.14,1
1,160250.0,0.3564102564102564,864,116,6,1,25,3,1,0,0,0,0,0,0,0,0,1,0,0,4,0,2,20,0,0.0847457627118644,0
1,65500.0,0.3625,1275,169,11,1,28,0,0,0,0,1,0,0,0,0,1,0,1,0,4,0,1,14,0,0.046875,0
1,113000.0,0.234375,1111,148,11,1,33,1,1,0,0,0,0,0,0,0,0,1,0,0,5,0,6,3,1,0.17857142857142858,1
1,165250.0,0.30512820512820515,1114,147,11,1,32,3,0,0,1,0,0,0,0,0,1,0,0,0,3,0,4,11,0,0.13559322033898305,1
1,67250.0,0.32919254658385094,763,100,6,1,33,0,1,0,0,0,0,0,0,0,0,1,0,1,7,0,6,22,1,0.11864406779661017,1
0,105000.0,0.0,835,115,6,1,17,3,0,1,0,0,0,0,0,0,1,0,1,0,5,1,6,20,1,0.07782101167315175,0
1,124500.0,0.1890909090909091,877,119,6,1,24,3,1,0,0,0,0,0,0,1,0,0,1,0,7,1,1,10,0,0.11711711711711711,1
1,81750.0,0.3811881188118812,697,96,6,1,13,2,0,0,0,1,0,0,0,0,0,0,1,0,5,0,0,14,0,0.043478260869565216,0
1,66750.0,0.24342105263157895,721,94,6,1,23,0,0,1,0,0,0,0,0,0,0,1,1,0,6,1,2,18,0,0.15,1
0,105000.0,0.0,710,94,6,1,24,1,0,0,0,0,0,0,1,0,0,1,1,0,4,1,2,15,0,0.09090909090909091,0
1,60250.0,0.22794117647058823,890,125,10,1,18,1,0,0,0,0,1,0,0,0,0,1,1,0,6,1,1,20,0,0.06153846153846154,0
1,154750.0,0.3449197860962567,921,129,10,1,26,4,0,0,0,0,1,0,0,1,0,1,0,0,6,0,0,9,0,0.08235294117647059,0
0,105000.0,0.0,892,124,10,1,25,1,0,0,1,0,0,0,0,0,1,0,0,1,5,1,2,18,0,0.0,0
0,105000.0,0.0,935,125,10,1,28,2,0,0,0,0,0,0,1,0,0,0,1,0,5,1,1,7,0,0.07777777777777778,0
0,105000.0,0.0,1122,149,11,1,33,2,1,0,0,0,0,0,0,0,0,1,1,0,7,1,6,15,1,0.04032258064516129,0
1,91250.0,0.29439252336448596,1304,173,11,1,19,2,0,0,0,0,0,1,0,0,1,0,1,0,6,0,5,4,1,0.19047619047619047,1
0,105000.0,0.0,876,123,10,1,26,4,0,0,0,0,1,0,0,1,0,1,1,0,4,1,1,21,0,0.033707865168539325,0
1,190500.0,0.30666666666666664,692,92,6,1,19,4,1,0,0,0,0,0,0,0,0,1,1,0,4,0,0,0,0,0.0967741935483871,0
0,105000.0,0.0,862,118,10,1,22,2,0,0,0,0,0,1,0,1,0,0,0,0,4,1,6,15,1,0.10852713178294573,1
1,57250.0,0.291044776119403,864,122,10,1,25,1,0,0,1,0,0,0,0,1,0,1,1,0,4,1,6,23,1,0.15384615384615385,1
1,129750.0,0.378125,750,99,6,1,33,4,1,0,0,0,0,0,0,0,1,0,1,0,7,0,5,5,1,0.11764705882352941,1
1,83250.0,0.335,901,125,10,1,17,5,0,0,0,1,0,0,0,1,1,0,1,0,5,0,5,14,1,0.140625,1
1,79500.0,0.34375,982,137,10,1,18,2,0,0,0,0,1,0,0,0,0,0,1,0,3,0,3,0,0,0.06666666666666667,0
0,105000.0,0.0,1129,148,11,1,22,4,0,0,0,0,0,1,0,0,1,0,0,1,5,1,3,22,0,0.10975609756097561,1
1,84000.0,0.25,892,120,6,1,19,3,0,0,0,0,0,1,0,1,0,1,0,0,6,0,5,17,1,0.023809523809523808,0
0,105000.0,0.0,1067,145,10,1,22,1,0,0,0,0,0,1,0,0,0,1,1,0,6,0,2,15,0,0.07017543859649122,0
1,135000.0,0.34355828220858897,884,122,10,1,33,4,1,0,0,0,0,0,0,1,0,1,1,0,6,1,2,22,0,0.13793103448275862,1
0,105000.0,0.0,1001,141,10,1,17,5,0,0,0,1,0,0,0,1,0,0,1,0,4,0,5,18,1,0.06956521739130435,0
0,105000.0,0.0,724,100,6,1,14,4,0,0,0,0,1,0,0,1,0,0,1,0,5,0,0,5,0,0.14130434782608695,1
1,302750.0,0.3410958904109589,1095,145,11,1,12,5,0,1,0,0,0,0,0,1,0,1,1,0,5,0,1,17,0,0.02564102564102564,0
0,105000.0,0.0,1023,138,10,1,28,3,0,0,0,0,0,0,1,0,0,1,1,0,3,1,3,18,0,0.05625,0
0,105000.0,0.0,1097,146,11,1,14,3,0,0,0,0,1,0,0,0,0,1,1,0,4,0,1,6,0,0.02214022140221402,0
1,209250.0,0.3022312373225152,912,125,10,1,25,3,0,1,0,0,0,0,0,0,1,0,1,0,7,0,1,17,0,0.11764705882352941,1
1,64355.200000000004,0.23228571428571426,731,98,6,1,28,1,0,0,0,1,0,0,0,0,0,0,1,0,4,0,6,14,1,0.13043478260869565,1
0,105000.0,0.0,979,138,10,1,21,4,0,1,0,0,0,0,0,0,1,0,1,0,4,0,2,22,0,0.02857142857142857,0
1,208750.0,0.3232931726907631,748,103,6,1,24,4,0,0,0,0,1,0,0,0,1,0,0,0,6,1,0,23,0,0.029411764705882353,0
1,180000.0,0.37104072398190047,761,102,6,1,26,4,0,0,0,0,1,0,0,0,0,1,1,0,7,1,3,6,0,0.03927492447129909,0
1,67250.0,0.31875,1047,144,10,1,22,1,0,0,0,0,0,1,0,1,0,1,1,0,4,0,5,13,1,0.07894736842105263,0
0,105000.0,0.0,1007,140,10,1,17,3,0,1,0,0,0,0,0,0,0,1,0,0,5,0,5,18,1,0.03333333333333333,0
1,55750.0,0.3358208955223881,898,124,10,1,35,5,0,0,0,1,0,0,0,1,0,1,0,0,3,0,5,7,1,0.1,0
0,105000.0,0.0,1024,143,10,1,16,1,0,0,1,0,0,0,0,0,0,1,1,0,5,0,4,12,0,0.04054054054054054,0
1,86028.8,0.18931932589188005,1161,151,11,1,32,2,0,0,0,1,0,0,0,1,0,1,1,0,6,0,6,10,1,0.1527777777777778,1
1,66000.0,0.1917808219178082,1131,151,11,1,26,4,0,0,0,0,1,0,0,1,0,1,1,0,6,1,0,0,0,0.056179775280898875,0
0,105000.0,0.0,1021,142,10,1,24,3,1,0,0,0,0,0,0,1,1,0,1,0,6,0,5,8,1,0.061855670103092786,0
1,127500.0,0.28859060402684567,1087,148,10,1,28,3,0,0,0,1,0,0,0,0,1,0,0,1,6,0,0,9,0,0.05319148936170213,0
1,143750.0,0.27844311377245506,870,119,10,1,23,2,0,1,0,0,0,0,0,1,1,0,1,0,5,1,5,12,1,0.11875,1
1,115500.0,0.3381294964028777,762,104,6,1,19,4,1,0,0,0,0,0,0,0,0,0,1,0,6,0,6,1,1,0.0625,0
1,59500.0,0.3,1094,151,10,1,26,4,0,0,0,0,1,0,0,0,0,1,1,0,7,1,3,8,0,0.14457831325301204,1
1,60500.0,0.23357664233576642,710,94,6,1,35,5,0,0,0,1,0,0,0,0,0,1,1,0,4,1,4,1,0,0.11666666666666667,1
1,41250.0,0.24468085106382978,951,130,6,1,24,0,0,0,0,0,1,0,0,1,0,0,1,0,7,0,4,21,0,0.15,1
1,95750.0,0.2102803738317757,701,94,6,1,25,1,0,0,1,0,0,0,0,0,0,0,0,0,4,0,3,8,0,0.06315789473684211,0
1,83500.0,0.3383084577114428,737,96,6,1,29,3,0,0,1,0,0,0,0,1,0,0,0,0,5,0,4,22,0,0.1891891891891892,1
0,105000.0,0.0,1090,144,11,1,21,4,1,0,0,0,0,0,0,0,0,1,0,0,3,1,6,4,1,0.02857142857142857,0
1,129147.20000000001,0.3147394136807818,1088,144,11,1,14,4,0,0,0,0,1,0,0,0,1,0,1,0,3,1,2,2,0,0.0935483870967742,0
0,105000.0,0.0,701,96,6,1,32,3,0,0,1,0,0,0,0,0,0,1,1,0,3,1,5,12,1,0.041666666666666664,0
1,151250.0,0.2614942528735632,1144,151,11,1,25,1,0,0,1,0,0,0,0,0,1,0,1,0,6,0,6,2,1,0.15151515151515152,1
0,105000.0,0.0,1115,146,11,1,25,4,0,0,0,1,0,0,0,0,1,0,1,0,4,0,3,22,0,0.06060606060606061,0
1,161000.0,0.3229166666666667,888,121,10,1,28,5,0,0,0,0,0,0,1,0,1,0,0,0,4,0,4,10,0,0.07207207207207207,0
0,105000.0,0.0,928,125,10,1,28,3,0,0,0,0,0,0,1,1,0,1,1,0,5,0,5,12,1,0.0449438202247191,0
0,105000.0,0.0,1145,149,11,1,32,3,0,0,0,1,0,0,0,0,0,1,1,0,5,0,5,13,1,0.03773584905660377,0
1,150800.0,0.3669332131996847,1135,150,11,1,18,3,0,0,0,0,1,0,0,1,1,0,1,0,7,0,1,22,0,0.07407407407407407,0
1,103250.0,0.32113821138211385,1112,153,10,1,32,3,0,0,1,0,0,0,0,0,0,0,1,0,7,1,3,8,0,0.09876543209876543,0
0,105000.0,0.0,1067,144,10,1,24,2,0,0,0,0,0,0,1,1,0,1,0,0,5,1,1,5,0,0.1201923076923077,1
1,100942.40000000001,0.28830894022218306,730,98,6,1,18,3,0,0,0,0,1,0,0,0,0,1,1,0,6,0,4,9,0,0.21212121212121213,1
1,153046.4,0.26228153046764296,854,114,6,1,25,1,1,0,0,0,0,0,0,0,1,0,1,0,5,1,0,18,0,0.16379310344827586,1
1,128250.0,0.3180327868852459,1065,149,10,1,14,4,0,0,0,0,1,0,0,0,0,0,1,0,6,1,3,4,0,0.03414634146341464,0
1,111250.0,0.32706766917293234,980,139,10,1,15,1,1,0,0,0,0,0,0,1,0,1,0,0,3,0,5,9,1,0.24324324324324326,1
0,105000.0,0.0,1111,146,11,1,20,3,0,0,0,0,0,1,0,0,1,0,1,0,4,1,6,4,1,0.09375,0
1,114000.0,0.21176470588235294,1015,142,10,1,21,4,1,0,0,0,0,0,0,1,0,0,0,0,6,0,3,3,0,0.15625,1
1,118000.0,0.34385964912280703,1103,145,11,1,29,3,0,0,1,0,0,0,0,1,1,0,0,1,3,1,4,8,0,0.1125,1
1,119000.0,0.30604982206405695,1108,146,11,1,20,3,0,0,0,0,0,1,0,0,1,0,0,1,3,0,2,12,0,0.10638297872340426,0
0,105000.0,0.0,746,98,6,1,33,4,1,0,0,0,0,0,0,0,0,1,1,0,7,0,3,20,0,0.06698564593301436,0
1,131750.0,0.36335403726708076,852,123,10,1,21,4,1,0,0,0,0,0,0,0,1,0,1,0,6,0,2,23,0,0.10909090909090909,1
0,105000.0,0.0,842,117,10,1,14,0,0,1,0,0,0,0,0,1,0,1,1,0,4,0,3,16,0,0.13793103448275862,1
0,105000.0,0.0,1134,150,11,1,14,4,0,0,0,0,1,0,0,0,0,1,1,0,7,1,5,0,1,0.03825136612021858,0
0,105000.0,0.0,1263,167,11,1,13,3,0,1,0,0,0,0,0,0,0,1,1,0,6,1,4,15,0,0.019138755980861243,0
0,105000.0,0.0,1107,147,11,1,14,4,0,0,0,0,1,0,0,1,0,0,1,0,5,1,1,20,0,0.11842105263157894,1
0,105000.0,0.0,1105,146,11,1,18,1,0,0,0,0,1,0,0,0,0,1,1,0,3,0,3,4,0,0.0425531914893617,0
1,59750.0,0.25547445255474455,1091,146,11,1,24,1,0,0,0,0,1,0,0,0,0,1,1,0,3,1,2,0,0,0.06967213114754098,0
0,105000.0,0.0,852,119,10,1,18,3,1,0,0,0,0,0,0,1,1,0,1,0,5,0,5,9,1,0.04054054054054054,0
1,66060.8,0.30658491069048244,875,121,10,1,20,2,0,0,0,0,0,1,0,1,0,1,1,0,4,0,0,13,0,0.20212765957446807,1
0,105000.0,0.0,895,123,10,1,28,3,0,0,0,0,0,0,1,0,0,1,1,0,4,0,4,4,0,0.034482758620689655,0
0,105000.0,0.0,889,123,10,1,24,2,0,0,0,0,1,0,0,0,0,0,0,1,4,0,1,10,0,0.08247422680412371,0
0,105000.0,0.0,1123,149,11,1,14,3,0,0,1,0,0,0,0,1,0,1,1,0,6,0,4,2,0,0.0,0
1,150000.0,0.23529411764705882,647,88,6,1,17,3,1,0,0,0,0,0,0,1,0,1,0,1,3,0,1,13,0,0.12121212121212122,1
1,68750.0,0.3333333333333333,735,94,6,1,31,3,0,0,0,0,0,0,1,1,0,1,1,0,4,1,2,21,0,0.13194444444444445,1
0,105000.0,0.0,1045,140,10,1,35,5,0,0,0,1,0,0,0,0,0,1,1,0,3,0,1,9,0,0.02631578947368421,0
1,81500.0,0.19889502762430938,1030,141,10,1,25,4,0,0,0,1,0,0,0,0,1,0,1,0,3,0,2,1,0,0.125,1
1,108750.0,0.3584905660377358,680,89,6,1,18,3,0,0,0,0,1,0,0,1,0,0,1,0,4,0,6,16,1,0.15517241379310345,1
1,87750.0,0.27941176470588236,704,92,6,1,20,2,0,0,0,0,0,1,0,1,1,0,1,0,5,0,6,12,1,0.22857142857142856,1
0,105000.0,0.0,1245,165,11,1,15,2,0,0,1,0,0,0,0,0,0,1,1,0,3,0,1,19,0,0.024390243902439025,0
0,105000.0,0.0,1112,147,11,1,17,3,0,1,0,0,0,0,0,1,0,1,1,0,6,1,4,22,0,0.11764705882352941,1
1,62750.0,0.20714285714285716,1139,150,11,1,24,1,0,0,0,0,1,0,0,1,0,0,1,0,6,0,0,22,0,0.1346153846153846,1
1,85250.0,0.2512820512820513,889,123,10,1,14,1,0,1,0,0,0,0,0,0,0,1,1,0,7,0,4,17,0,0.2558139534883721,1
0,105000.0,0.0,874,116,6,1,18,3,0,0,1,0,0,0,0,1,0,1,1,0,5,0,4,1,0,0.1,0
0,105000.0,0.0,812,110,6,1,14,4,0,0,0,0,1,0,0,1,0,0,1,0,3,0,4,18,0,0.03954802259887006,0
0,105000.0,0.0,1092,145,11,1,14,1,0,0,0,0,1,0,0,1,0,0,1,0,3,0,5,12,1,0.058823529411764705,0
0,105000.0,0.0,763,104,6,1,32,3,0,0,1,0,0,0,0,0,0,1,1,0,6,0,3,9,0,0.03333333333333333,0
0,105000.0,0.0,808,110,6,1,17,4,1,0,0,0,0,0,0,0,0,1,1,0,5,0,2,5,0,0.033112582781456956,0
1,54080.0,0.336,737,100,6,1,14,1,0,0,0,0,1,0,0,1,0,0,0,0,7,0,6,2,1,0.10526315789473684,0
1,65000.0,0.24324324324324326,1111,146,11,1,28,3,0,0,0,0,0,0,1,0,0,0,0,0,3,0,1,8,0,0.1702127659574468,1
1,122750.0,0.3954248366013072,1283,170,11,1,32,3,0,0,1,0,0,0,0,0,1,0,1,0,3,1,3,1,0,0.08530805687203792,0
1,45750.0,0.3805309734513274,1134,148,11,1,28,1,0,0,0,0,0,0,1,0,0,1,1,0,4,0,2,11,0,0.2,1
1,101250.0,0.19196428571428573,685,92,6,1,24,3,0,0,0,0,0,0,1,0,1,0,1,0,3,1,5,8,1,0.07142857142857142,0
1,127250.0,0.39937106918238996,866,120,10,1,25,1,0,0,1,0,0,0,0,0,1,0,1,0,3,1,4,18,0,0.08943089430894309,0
1,250750.0,0.3448844884488449,694,94,6,1,25,4,0,0,0,1,0,0,0,0,1,0,1,0,4,1,5,1,1,0.006230529595015576,0
1,115250.0,0.2988929889298893,938,129,10,1,25,4,0,0,0,1,0,0,0,0,0,1,0,0,6,0,3,7,0,0.0625,0
1,118750.0,0.33916083916083917,658,90,6,1,21,4,1,0,0,0,0,0,0,0,0,0,1,0,3,1,4,3,0,0.09859154929577464,0
0,105000.0,0.0,897,125,10,1,17,5,0,0,0,1,0,0,0,1,1,0,0,1,5,0,5,16,1,0.038461538461538464,0
1,150250.0,0.393048128342246,1136,151,11,1,14,4,0,0,0,0,1,0,0,0,0,1,1,0,7,0,4,0,0,0.03333333333333333,0
1,70000.0,0.3333333333333333,906,122,10,1,28,2,0,0,0,0,0,0,1,1,1,0,1,0,4,1,4,19,0,0.13978494623655913,1
0,105000.0,0.0,702,91,6,1,28,2,0,0,0,0,0,0,1,1,0,0,1,0,3,0,3,15,0,0.13333333333333333,1
1,70250.0,0.34705882352941175,1110,144,11,1,31,2,0,0,0,0,0,0,1,0,1,0,0,1,3,1,6,21,1,0.11827956989247312,1
1,128336.0,0.18662747979426886,948,131,10,1,25,1,0,0,1,0,0,0,0,1,1,0,1,0,7,0,1,23,0,0.15873015873015872,1
1,179750.0,0.3659090909090909,683,91,6,1,12,3,0,1,0,0,0,0,0,0,1,0,0,1,5,1,6,22,1,0.12340425531914893,1
0,105000.0,0.0,1008,141,10,1,25,1,1,0,0,0,0,0,0,0,1,0,1,0,5,0,2,17,0,0.03389830508474576,0
0,105000.0,0.0,1025,142,10,1,19,5,0,0,0,0,0,1,0,0,0,1,0,1,4,1,4,7,0,0.02054794520547945,0
0,105000.0,0.0,1041,142,10,1,25,4,0,0,0,1,0,0,0,0,1,0,1,0,3,0,4,14,0,0.056910569105691054,0
1,186500.0,0.18491484184914841,1242,164,11,1,23,3,0,1,0,0,0,0,0,1,0,0,1,0,4,0,1,22,0,0.0625,0
1,88750.0,0.225,696,92,6,1,24,2,0,0,0,0,1,0,0,0,0,1,1,0,4,0,1,14,0,0.2,1
1,114000.0,0.3655913978494624,989,136,10,1,33,4,1,0,0,0,0,0,0,1,0,1,1,0,3,0,4,7,0,0.11904761904761904,1
0,105000.0,0.0,714,92,6,1,24,1,0,0,0,0,0,0,1,0,0,1,1,0,4,0,2,11,0,0.14814814814814814,1
1,145500.0,0.23636363636363636,1002,137,10,1,23,3,0,1,0,0,0,0,0,1,0,1,0,0,4,0,0,14,0,0.13636363636363635,1
0,105000.0,0.0,1148,148,11,1,31,2,0,0,0,0,0,0,1,0,1,0,1,0,5,0,5,17,1,0.16853932584269662,1
0,105000.0,0.0,681,90,6,1,13,1,0,1,0,0,0,0,0,0,0,1,1,0,5,1,3,5,0,0.09195402298850575,0
1,101000.0,0.25862068965517243,848,112,6,1,33,4,1,0,0,0,0,0,0,1,0,0,0,0,5,0,5,16,1,0.16363636363636364,1
1,130500.0,0.3888888888888889,665,90,6,1,16,3,0,0,1,0,0,0,0,1,0,1,1,0,3,0,2,5,0,0.205607476635514,1
1,75000.0,0.3050847457627119,1047,142,10,1,32,2,0,0,0,1,0,0,0,0,0,1,1,0,4,0,2,22,0,0.17391304347826086,1
1,99250.0,0.20361990950226244,1109,146,11,1,17,3,0,1,0,0,0,0,0,0,1,0,1,0,5,1,5,1,1,0.1519434628975265,1
0,105000.0,0.0,865,115,6,1,21,3,0,1,0,0,0,0,0,1,0,0,1,0,6,0,6,23,1,0.05555555555555555,0
1,153750.0,0.30578512396694213,1104,147,11,1,24,3,1,0,0,0,0,0,0,1,0,1,0,0,5,0,0,8,0,0.13253012048192772,1
0,105000.0,0.0,1239,165,11,1,13,1,0,0,0,1,0,0,0,0,0,1,1,0,3,0,6,1,1,0.02,0
1,105750.0,0.24481327800829875,860,114,6,1,14,2,0,1,0,0,0,0,0,0,0,0,0,1,6,1,3,2,0,0.1005586592178771,0
0,105000.0,0.0,1083,144,11,1,19,2,1,0,0,0,0,0,0,0,0,1,1,0,3,0,5,6,1,0.09523809523809523,0
0,105000.0,0.0,1276,169,11,1,19,3,0,0,0,0,0,1,0,0,1,0,1,0,5,0,2,23,0,0.06666666666666667,0
0,105000.0,0.0,732,94,6,1,28,1,0,0,0,0,0,0,1,1,0,1,1,0,4,1,1,15,0,0.11666666666666667,1
0,105000.0,0.0,710,96,6,1,24,2,0,0,0,0,1,0,0,1,0,0,1,0,4,0,1,7,0,0.08602150537634409,0
1,106250.0,0.20675105485232068,833,112,6,1,33,4,1,0,0,0,0,0,0,0,0,1,1,0,3,1,5,9,1,0.08151382823871907,0
0,105000.0,0.0,1269,169,11,1,14,1,0,0,0,0,1,0,0,0,0,0,1,0,6,0,6,12,1,0.06666666666666667,0
1,51250.0,0.24786324786324787,1139,150,11,1,17,5,0,0,0,1,0,0,0,1,1,0,0,1,6,0,3,1,0,0.2839506172839506,1
1,169000.0,0.3710843373493976,1129,149,11,1,25,1,0,0,1,0,0,0,0,0,1,0,1,0,5,0,6,9,1,0.037037037037037035,0
1,104000.0,0.24472573839662448,658,91,6,1,19,3,0,0,0,0,0,1,0,1,0,0,0,0,3,0,3,5,0,0.16831683168316833,1
1,105000.0,0.32669322709163345,1263,167,11,1,13,2,0,0,0,1,0,0,0,1,1,0,1,0,4,0,4,11,0,0.1326530612244898,1
0,105000.0,0.0,1095,146,11,1,21,4,1,0,0,0,0,0,0,0,1,0,0,0,4,1,5,10,1,0.056338028169014086,0
0,105000.0,0.0,886,120,6,1,25,1,0,0,1,0,0,0,0,0,0,1,1,0,5,0,1,19,0,0.04455445544554455,0
1,83574.4,0.390224358974359,670,92,6,1,24,2,0,0,0,0,1,0,0,1,0,1,1,0,3,1,1,8,0,0.15469613259668508,1
1,135750.0,0.24838709677419354,857,121,10,1,14,4,0,0,0,0,1,0,0,0,1,0,1,0,4,0,1,9,0,0.1,0
0,105000.0,0.0,714,94,6,1,28,3,0,0,0,1,0,0,0,0,0,1,1,0,4,0,5,2,1,0.06451612903225806,0
1,86250.0,0.193717277486911,674,92,6,1,13,1,0,0,0,1,0,0,0,0,1,0,1,0,4,1,4,1,0,0.08,0
1,92750.0,0.25,916,126,10,1,17,5,0,0,0,1,0,0,0,0,0,1,1,0,6,0,3,8,0,0.07692307692307693,0
1,70000.0,0.2716049382716049,1132,150,11,1,14,2,0,0,0,0,1,0,0,1,0,1,1,0,7,0,1,16,0,0.11458333333333333,1
1,66500.0,0.3375,735,96,6,1,22,2,0,0,0,0,0,1,0,1,0,0,1,0,5,0,2,9,0,0.3055555555555556,1
0,105000.0,0.0,1116,148,11,1,24,2,0,0,0,0,1,0,0,0,0,1,1,0,4,1,3,20,0,0.047619047619047616,0
1,57500.0,0.3916083916083916,1253,166,11,1,24,1,0,0,0,0,0,0,1,0,1,0,1,0,3,1,1,19,0,0.16883116883116883,1
1,90500.0,0.32407407407407407,1290,169,11,1,24,4,0,0,0,0,0,0,1,1,0,0,0,0,5,0,6,20,1,0.08695652173913043,0
1,150000.0,0.3561643835616438,760,100,6,1,25,1,0,0,1,0,0,0,0,0,0,1,1,0,6,0,4,21,0,0.031746031746031744,0
0,105000.0,0.0,741,97,6,1,29,2,0,0,1,0,0,0,0,0,1,0,1,0,5,0,0,4,0,0.09316770186335403,0
0,105000.0,0.0,1142,149,11,1,22,4,0,0,0,0,0,1,0,0,1,0,1,0,6,0,0,6,0,0.07407407407407407,0
0,105000.0,0.0,689,94,6,1,14,4,0,0,0,0,1,0,0,0,0,1,1,0,5,0,6,18,1,0.07317073170731707,0
1,125257.59999999999,0.19943190312453288,824,118,10,1,17,3,0,1,0,0,0,0,0,0,1,0,0,1,4,1,6,5,1,0.11764705882352941,1
1,151250.0,0.28611898016997167,767,99,6,1,31,4,0,0,0,0,0,0,1,0,1,0,0,0,5,1,3,10,0,0.06043956043956044,0
0,105000.0,0.0,1092,145,11,1,21,1,0,1,0,0,0,0,0,0,0,0,1,0,4,0,6,7,1,0.078125,0
0,105000.0,0.0,726,97,6,1,28,3,0,0,0,0,0,0,1,0,1,0,1,0,4,1,3,10,0,0.06179775280898876,0
0,105000.0,0.0,1090,145,11,1,13,2,0,0,0,1,0,0,0,1,0,0,0,0,3,0,4,22,0,0.11627906976744186,1
0,105000.0,0.0,1083,150,10,1,19,4,1,0,0,0,0,0,0,0,0,1,0,1,7,0,0,2,0,0.125,1
0,105000.0,0.0,743,96,6,1,28,1,0,0,0,1,0,0,0,1,0,0,1,0,5,0,6,2,1,0.04878048780487805,0
1,127000.0,0.3344262295081967,1103,144,11,1,23,2,0,1,0,0,0,0,0,0,1,0,1,0,4,0,3,3,0,0.1044776119402985,0
1,136500.0,0.2884012539184953,698,93,6,1,28,3,0,0,0,1,0,0,0,1,0,0,1,0,4,1,1,14,0,0.08695652173913043,0
0,105000.0,0.0,728,98,6,1,24,3,1,0,0,0,0,0,0,0,0,1,1,0,7,0,3,14,0,0.046153846153846156,0
1,264500.0,0.2512396694214876,1298,173,11,1,17,3,0,1,0,0,0,0,0,1,1,0,1,0,7,1,5,6,1,0.10204081632653061,0
1,69500.0,0.19480519480519481,936,125,10,1,31,2,0,0,0,0,0,0,1,0,1,0,1,0,5,0,6,14,1,0.24561403508771928,1
1,72384.0,0.2808100765621141,703,92,6,1,24,2,0,0,0,0,0,0,1,0,1,0,1,0,3,0,4,7,0,0.1485148514851485,1
1,71500.0,0.2874251497005988,723,94,6,1,28,3,0,0,0,0,0,0,1,0,0,1,1,0,4,0,4,8,0,0.13513513513513514,1
1,89500.0,0.27884615384615385,815,109,6,1,22,4,0,0,0,0,0,1,0,0,1,0,0,0,3,0,5,5,1,0.09090909090909091,0
0,105000.0,0.0,863,115,6,1,32,3,0,0,1,0,0,0,0,1,0,0,0,1,4,0,2,17,0,0.10714285714285714,1
1,275500.0,0.3841642228739003,734,97,6,1,23,4,0,1,0,0,0,0,0,1,1,0,1,0,7,0,5,3,1,0.09722222222222222,0
1,120250.0,0.3003533568904594,811,112,6,1,13,1,0,1,0,0,0,0,0,0,1,0,0,1,3,0,6,11,1,0.05263157894736842,0
1,99382.40000000001,0.3610015434745327,930,124,10,1,31,3,0,0,0,0,0,0,1,0,1,0,0,0,5,0,4,11,0,0.1262135922330097,1
1,139000.0,0.24050632911392406,723,98,6,1,14,3,0,0,1,0,0,0,0,1,0,0,1,0,6,0,6,2,1,0.08695652173913043,0
0,105000.0,0.0,1148,151,11,1,25,4,0,0,0,1,0,0,0,1,0,0,1,0,6,0,6,15,1,0.08955223880597014,0
1,151000.0,0.2840909090909091,764,96,6,1,31,5,0,0,0,0,0,0,1,1,0,1,1,0,4,0,2,21,0,0.08,0
1,138000.0,0.34234234234234234,1092,144,11,1,13,2,0,1,0,0,0,0,0,1,1,0,0,1,4,0,3,9,0,0.05357142857142857,0
1,58250.0,0.23484848484848486,936,124,10,1,31,2,0,0,0,0,0,0,1,0,0,1,1,0,5,1,4,10,0,0.15492957746478872,1
1,174000.0,0.27722772277227725,995,136,10,1,23,3,0,1,0,0,0,0,0,0,0,1,1,0,4,0,4,4,0,0.08791208791208792,0
0,105000.0,0.0,1043,145,10,1,19,4,1,0,0,0,0,0,0,1,0,1,1,0,5,1,1,1,0,0.11206896551724138,1
1,62750.0,0.34868421052631576,1094,145,11,1,19,1,0,0,0,0,0,1,0,1,1,0,0,0,3,0,0,23,0,0.2978723404255319,1
1,176750.0,0.275609756097561,1160,153,11,1,32,3,0,0,1,0,0,0,0,1,1,0,1,0,7,0,1,11,0,0.13636363636363635,1
1,93500.0,0.33035714285714285,927,128,10,1,32,3,0,0,1,0,0,0,0,1,0,0,1,0,6,1,0,1,0,0.09523809523809523,0
0,105000.0,0.0,1130,147,11,1,35,5,0,0,0,1,0,0,0,0,0,0,1,0,3,0,2,16,0,0.030303030303030304,0
1,178750.0,0.3675799086757991,1121,148,11,1,18,3,1,0,0,0,0,0,0,1,0,0,1,0,7,0,0,5,0,0.16923076923076924,1
0,105000.0,0.0,1052,144,10,1,22,4,0,0,0,0,0,1,0,0,0,1,1,0,5,0,0,9,0,0.072,0
0,105000.0,0.0,732,96,6,1,25,2,1,0,0,0,0,0,0,0,0,0,1,0,6,0,6,1,1,0.05813953488372093,0
1,70750.0,0.19745222929936307,819,114,6,1,17,3,0,1,0,0,0,0,0,0,0,1,1,0,3,0,2,12,0,0.08333333333333333,0
0,105000.0,0.0,1298,169,11,1,29,1,0,0,1,0,0,0,0,0,1,0,0,0,6,1,3,9,0,0.10869565217391304,1
0,105000.0,0.0,704,94,6,1,18,3,0,0,1,0,0,0,0,1,0,0,0,0,3,0,5,1,1,0.03773584905660377,0
0,105000.0,0.0,826,116,10,1,18,2,1,0,0,0,0,0,0,0,1,0,1,0,4,1,6,2,1,0.025,0
1,159750.0,0.36153846153846153,674,91,6,1,25,1,0,0,1,0,0,0,0,1,0,0,1,0,3,0,6,14,1,0.07692307692307693,0
1,183250.0,0.3378684807256236,1247,166,11,1,18,3,1,0,0,0,0,0,0,0,0,1,1,0,5,0,1,8,0,0.13114754098360656,1
1,93475.2,0.299526963103122,694,93,6,1,24,2,0,0,0,0,1,0,0,0,1,0,1,0,4,0,0,1,0,0.06382978723404255,0
1,101750.0,0.19911504424778761,1091,148,10,1,35,5,0,0,0,1,0,0,0,1,0,0,0,0,5,1,3,12,0,0.06363636363636363,0
1,62000.0,0.2158273381294964,857,121,10,1,18,1,0,0,0,0,1,0,0,1,0,1,1,0,4,0,2,22,0,0.0967741935483871,0
1,80000.0,0.3333333333333333,1119,147,11,1,15,1,0,0,1,0,0,0,0,1,0,1,1,0,5,1,6,3,1,0.10919540229885058,1
1,107000.0,0.21666666666666667,1107,146,11,1,25,1,0,0,1,0,0,0,0,1,0,0,1,0,3,0,0,19,0,0.23255813953488372,1
1,95750.0,0.3771186440677966,1273,168,11,1,14,4,0,0,0,0,1,0,0,0,1,0,1,0,6,0,2,15,0,0.058823529411764705,0
1,201000.0,0.22123893805309736,913,122,6,1,16,4,0,0,1,0,0,0,0,0,0,1,1,0,6,0,1,12,0,0.06521739130434782,0
1,140000.0,0.20512820512820512,696,94,6,1,25,1,1,0,0,0,0,0,0,0,1,0,1,0,6,1,4,10,0,0.09876543209876543,0
0,105000.0,0.0,711,93,6,1,28,2,0,0,0,0,0,0,1,0,1,0,1,0,3,0,4,14,0,0.07608695652173914,0
1,179250.0,0.3555045871559633,1242,165,11,1,15,3,0,0,1,0,0,0,0,1,1,0,1,0,3,1,2,15,0,0.09306569343065693,0
1,67250.0,0.3395061728395062,901,123,10,1,24,2,0,0,0,0,0,0,1,1,1,0,1,0,4,1,5,18,1,0.19318181818181818,1
0,105000.0,0.0,867,116,6,1,35,5,0,0,0,1,0,0,0,1,0,1,1,0,3,0,2,9,0,0.09482758620689655,0
0,105000.0,0.0,873,114,6,1,14,2,0,1,0,0,0,0,0,0,0,1,1,0,7,1,6,13,1,0.04044117647058824,0
1,124750.0,0.25524475524475526,886,124,10,1,25,1,0,0,1,0,0,0,0,0,0,1,1,0,5,1,2,13,0,0.05102040816326531,0
0,105000.0,0.0,943,124,6,1,28,2,0,0,0,1,0,0,0,1,1,0,0,1,6,0,5,1,1,0.07746478873239436,0
1,203000.0,0.3048016701461378,1289,171,11,1,24,4,0,0,0,0,1,0,0,0,1,0,0,0,7,0,4,4,0,0.1,0
1,179250.0,0.363013698630137,1257,166,11,1,12,3,0,1,0,0,0,0,0,0,0,1,1,0,6,0,4,4,0,0.12121212121212122,1
1,55250.0,0.3,1125,148,11,1,26,4,0,0,0,0,1,0,0,0,0,0,1,0,5,0,1,13,0,0.0979020979020979,0
1,219250.0,0.31021194605009633,988,137,10,1,33,4,1,0,0,0,0,0,0,1,1,0,0,1,3,1,3,4,0,0.14035087719298245,1
1,118000.0,0.37800687285223367,870,114,6,1,20,3,0,0,0,0,0,1,0,0,1,0,1,0,5,0,2,3,0,0.10810810810810811,1
0,105000.0,0.0,659,88,6,1,20,3,0,0,0,0,0,1,0,0,0,0,1,0,3,0,3,20,0,0.14285714285714285,1
0,105000.0,0.0,1067,147,10,1,25,1,0,0,1,0,0,0,0,0,0,1,1,0,6,0,0,6,0,0.05063291139240506,0
1,79750.0,0.20786516853932585,1305,172,11,1,35,5,0,0,0,1,0,0,0,0,1,0,1,0,6,1,2,11,0,0.024752475247524754,0
0,105000.0,0.0,1104,146,11,1,25,2,1,0,0,0,0,0,0,0,1,0,0,0,5,1,4,10,0,0.03225806451612903,0
0,105000.0,0.0,762,98,6,1,28,2,0,0,0,0,0,0,1,1,1,0,0,1,5,0,6,2,1,0.15217391304347827,1
1,66560.0,0.26886664863402754,1065,146,10,1,24,2,0,0,0,0,0,0,1,0,1,0,0,0,4,1,0,9,0,0.18493150684931506,1
1,195750.0,0.37214137214137216,838,119,10,1,25,1,1,0,0,0,0,0,0,1,0,0,0,1,4,1,1,3,0,0.07142857142857142,0
0,105000.0,0.0,859,120,10,1,33,0,1,0,0,0,0,0,0,0,0,1,1,0,4,0,3,12,0,0.0891089108910891,0
0,105000.0,0.0,676,92,6,1,21,4,1,0,0,0,0,0,0,0,1,0,1,0,4,0,1,12,0,0.02857142857142857,0
0,105000.0,0.0,1282,170,11,1,24,1,0,0,0,0,1,0,0,1,0,1,1,0,5,1,3,1,0,0.06896551724137931,0
0,105000.0,0.0,851,117,10,1,29,2,0,0,1,0,0,0,0,0,0,1,1,0,3,1,1,21,0,0.10362694300518134,0
1,72750.0,0.2781065088757396,1143,151,11,1,15,1,0,0,1,0,0,0,0,1,0,0,1,0,7,0,5,7,1,0.14285714285714285,1
0,105000.0,0.0,826,119,10,1,25,1,1,0,0,0,0,0,0,0,0,1,1,0,4,0,5,13,1,0.10655737704918032,0
1,139500.0,0.2,1023,143,10,1,18,3,0,0,0,0,1,0,0,1,1,0,1,0,5,1,6,21,1,0.10816326530612246,1
1,194250.0,0.25,916,124,10,1,29,5,0,0,1,0,0,0,0,0,0,1,1,0,5,0,3,12,0,0.0,0
0,105000.0,0.0,1097,144,11,1,18,3,0,0,1,0,0,0,0,1,0,1,1,0,4,0,0,21,0,0.06557377049180328,0
1,48000.0,0.205607476635514,727,94,6,1,24,2,0,0,0,0,0,0,1,0,0,0,1,0,4,0,4,13,0,0.2073170731707317,1
0,105000.0,0.0,722,94,6,1,22,3,0,0,0,0,0,1,0,0,1,0,0,1,4,0,3,17,0,0.04602510460251046,0
1,97750.0,0.23873873873873874,997,140,10,1,24,2,0,0,0,0,1,0,0,0,1,0,1,0,3,1,5,3,1,0.09174311926605505,0
1,223500.0,0.20841683366733466,879,121,10,1,12,4,0,1,0,0,0,0,0,1,0,1,0,0,6,0,1,18,0,0.1,0
0,105000.0,0.0,681,92,6,1,13,1,0,0,0,1,0,0,0,1,0,1,0,0,3,1,1,6,0,0.06896551724137931,0
0,105000.0,0.0,1284,170,11,1,32,3,0,0,1,0,0,0,0,1,0,1,1,0,4,0,6,6,1,0.05555555555555555,0
0,105000.0,0.0,985,136,10,1,22,3,0,0,0,0,0,1,0,0,0,0,0,0,3,0,4,7,0,0.05454545454545454,0
1,94000.0,0.27522935779816515,1101,144,11,1,33,4,1,0,0,0,0,0,0,0,0,1,1,0,3,0,1,18,0,0.2692307692307692,1
0,105000.0,0.0,1106,145,11,1,13,1,0,0,0,1,0,0,0,0,0,1,1,0,3,0,1,21,0,0.05128205128205128,0
1,122500.0,0.2624113475177305,896,125,10,1,16,3,0,0,1,0,0,0,0,1,0,0,1,0,6,1,6,19,1,0.078125,0
1,202250.0,0.2336244541484716,911,127,10,1,13,4,0,0,0,1,0,0,0,0,1,0,0,0,6,0,6,20,1,0.08,0
1,90250.0,0.33640552995391704,1071,150,10,1,26,4,0,0,0,0,1,0,0,1,1,0,1,0,5,0,1,14,0,0.13256484149855907,1
0,105000.0,0.0,848,116,10,1,20,1,0,0,0,0,0,1,0,0,0,1,0,1,3,0,4,23,0,0.08490566037735849,0
1,47500.0,0.2882882882882883,896,122,10,1,17,5,0,0,0,1,0,0,0,0,0,1,1,0,5,0,3,6,0,0.0784313725490196,0
0,105000.0,0.0,860,116,6,1,33,3,1,0,0,0,0,0,0,1,0,1,1,0,5,0,2,10,0,0.045454545454545456,0
1,50500.0,0.3442622950819672,1061,147,10,1,19,1,0,0,0,0,0,1,0,0,0,1,0,0,6,0,4,7,0,0.2153846153846154,1
1,123500.0,0.19708029197080293,1102,145,11,1,19,3,0,0,0,0,0,1,0,1,1,0,1,0,3,0,2,11,0,0.1797752808988764,1
1,142875.19999999998,0.3171239588437041,1262,169,11,1,19,3,1,0,0,0,0,0,0,1,0,1,1,0,7,0,0,12,0,0.08045977011494253,0
0,105000.0,0.0,1024,142,10,1,21,1,0,1,0,0,0,0,0,0,0,0,0,1,4,0,6,20,1,0.1,0
1,273500.0,0.3169230769230769,663,90,6,1,14,4,0,1,0,0,0,0,0,0,1,0,1,0,4,0,0,5,0,0.1,0
1,90500.0,0.25120772946859904,665,92,6,1,14,1,0,0,1,0,0,0,0,1,0,1,0,1,3,1,5,15,1,0.12352941176470589,1
1,81750.0,0.3484848484848485,1096,145,11,1,19,1,0,0,0,0,0,1,0,0,1,0,0,0,4,0,4,22,0,0.23255813953488372,1
1,63750.0,0.19148936170212766,680,94,6,1,14,4,0,0,0,0,1,0,0,0,0,0,1,0,4,0,4,23,0,0.1388888888888889,1
1,202250.0,0.20222222222222222,1106,145,11,1,13,3,0,1,0,0,0,0,0,0,1,0,1,0,5,0,6,2,1,0.1297709923664122,1
0,105000.0,0.0,866,122,10,1,19,4,1,0,0,0,0,0,0,0,0,1,1,0,4,0,5,5,1,0.05555555555555555,0
0,105000.0,0.0,1247,164,11,1,24,4,0,0,0,0,1,0,0,1,0,0,0,1,3,0,3,3,0,0.021505376344086023,0
0,105000.0,0.0,731,94,6,1,28,3,0,0,0,0,0,0,1,0,0,1,1,0,4,0,5,21,1,0.08,0
1,67000.0,0.24836601307189543,902,117,6,1,31,1,0,0,0,0,0,0,1,1,1,0,0,1,4,1,0,2,0,0.17218543046357615,1
1,98750.0,0.3943089430894309,1276,169,11,1,35,5,0,0,0,1,0,0,0,0,1,0,1,0,4,0,6,3,1,0.11764705882352941,1
1,223250.0,0.23865877712031558,1122,147,11,1,22,5,0,0,0,0,0,1,0,1,1,0,1,0,4,0,1,2,0,0.05,0
0,105000.0,0.0,1105,146,11,1,25,2,1,0,0,0,0,0,0,0,0,1,0,1,5,0,2,21,0,0.06779661016949153,0
0,105000.0,0.0,1081,148,10,1,25,4,0,0,0,1,0,0,0,0,0,1,1,0,5,0,0,4,0,0.05263157894736842,0
1,143500.0,0.39215686274509803,762,102,6,1,15,3,0,0,1,0,0,0,0,1,0,1,0,0,7,0,1,1,0,0.2,1
1,80000.0,0.20224719101123595,1126,149,11,1,17,5,0,0,0,1,0,0,0,0,1,0,1,0,5,0,1,11,0,0.08536585365853659,0
1,109750.0,0.3371212121212121,963,131,10,1,35,5,0,0,0,1,0,0,0,0,0,1,1,0,6,0,6,2,1,0.023809523809523808,0
1,65500.0,0.33121019108280253,871,114,6,1,18,2,0,0,1,0,0,0,0,0,0,0,1,0,4,0,4,1,0,0.0547945205479452,0
1,154250.0,0.2471590909090909,723,97,6,1,18,3,0,0,0,0,1,0,0,0,1,0,1,0,5,0,5,0,1,0.05405405405405406,0
1,167500.0,0.27319587628865977,1143,151,11,1,19,4,1,0,0,0,0,0,0,1,1,0,1,0,7,1,1,21,0,0.10185185185185185,0
1,108250.0,0.37218045112781956,1120,149,11,1,24,3,0,0,0,0,1,0,0,0,0,0,1,0,5,0,2,0,0,0.046153846153846156,0
1,218000.0,0.2868369351669941,912,127,10,1,18,5,0,0,0,0,1,0,0,1,0,1,1,0,6,0,4,15,0,0.0425531914893617,0
0,105000.0,0.0,787,105,6,1,25,1,0,0,1,0,0,0,0,1,1,0,1,0,7,0,5,8,1,0.0,0
1,57000.0,0.2727272727272727,868,119,10,1,20,1,0,0,0,0,0,1,0,0,0,1,0,0,3,0,6,6,1,0.25,1
0,105000.0,0.0,892,120,10,1,28,1,0,0,0,0,0,0,1,0,0,1,1,0,3,1,2,18,0,0.11333333333333333,1
1,70250.0,0.3273809523809524,1113,147,11,1,24,3,0,0,0,0,0,0,1,0,0,0,1,0,3,1,3,9,0,0.09217391304347826,0
1,112000.0,0.34686346863468637,846,112,6,1,32,3,0,0,0,1,0,0,0,0,0,0,1,0,3,0,0,5,0,0.03333333333333333,0
0,105000.0,0.0,1246,166,11,1,17,3,0,1,0,0,0,0,0,1,0,1,1,0,5,0,2,4,0,0.10828025477707007,1
0,105000.0,0.0,1287,172,11,1,28,4,0,0,0,1,0,0,0,0,0,1,1,0,3,0,5,16,1,0.010416666666666666,0
0,105000.0,0.0,1001,140,10,1,24,3,1,0,0,0,0,0,0,0,1,0,0,0,5,1,6,9,1,0.10810810810810811,1
0,105000.0,0.0,804,115,10,1,12,2,0,1,0,0,0,0,0,0,0,1,0,0,3,0,4,10,0,0.07936507936507936,0
0,105000.0,0.0,832,112,6,1,17,5,0,0,0,1,0,0,0,0,0,1,0,1,3,0,4,17,0,0.07100591715976332,0
1,198750.0,0.2603938730853392,913,123,10,1,23,3,0,1,0,0,0,0,0,1,1,0,0,0,7,1,1,2,0,0.10738255033557047,1
0,105000.0,0.0,1097,147,11,1,24,1,0,0,0,0,1,0,0,0,0,0,1,0,3,0,3,17,0,0.0641025641025641,0
0,105000.0,0.0,1274,167,11,1,22,0,0,0,0,0,0,1,0,1,0,1,0,0,5,0,3,9,0,0.1895734597156398,1
1,65500.0,0.38271604938271603,912,127,10,1,19,1,0,0,0,0,0,1,0,0,1,0,1,0,6,0,2,6,0,0.16853932584269662,1
1,91000.0,0.3225806451612903,1054,145,10,1,20,2,0,0,0,0,0,1,0,0,1,0,1,0,4,0,5,17,1,0.20833333333333334,1
0,105000.0,0.0,1242,165,11,1,15,2,0,0,1,0,0,0,0,1,0,0,1,0,3,0,5,1,1,0.05660377358490566,0
0,105000.0,0.0,918,128,10,1,18,1,0,0,0,0,1,0,0,1,0,1,0,1,7,0,4,4,0,0.041666666666666664,0
0,105000.0,0.0,1118,149,11,1,14,3,0,0,0,0,1,0,0,0,1,0,1,0,5,0,1,8,0,0.05454545454545454,0
1,126250.0,0.3656957928802589,953,134,10,1,17,2,1,0,0,0,0,0,0,1,0,1,1,0,3,0,3,22,0,0.19480519480519481,1
0,105000.0,0.0,685,94,6,1,26,4,0,0,0,0,1,0,0,0,0,1,0,0,3,0,2,9,0,0.03278688524590164,0
1,60750.0,0.1865671641791045,1092,151,10,1,17,5,0,0,0,1,0,0,0,0,1,0,0,0,6,1,5,1,1,0.13580246913580246,1
0,105000.0,0.0,946,129,10,1,32,2,0,0,0,1,0,0,0,1,0,0,0,0,6,0,6,8,1,0.0625,0
0,105000.0,0.0,1115,147,11,1,18,0,1,0,0,0,0,0,0,0,0,1,1,0,7,0,2,13,0,0.11538461538461539,1
1,126000.0,0.27986348122866894,819,115,10,1,12,2,0,1,0,0,0,0,0,0,0,1,1,0,3,0,2,2,0,0.11428571428571428,1
0,105000.0,0.0,689,94,6,1,13,2,0,1,0,0,0,0,0,1,0,0,1,0,6,1,4,3,0,0.10679611650485436,0
0,105000.0,0.0,756,99,6,1,25,4,0,0,0,1,0,0,0,1,0,0,1,0,6,0,4,10,0,0.08823529411764706,0
1,136500.0,0.2830188679245283,867,121,10,1,32,3,0,0,1,0,0,0,0,0,0,0,1,0,3,1,2,3,0,0.06779661016949153,0
1,133000.0,0.19661016949152543,900,125,10,1,15,2,0,0,1,0,0,0,0,0,1,0,1,0,6,1,6,13,1,0.14814814814814814,1
1,98750.0,0.18807339449541285,699,92,6,1,28,4,0,0,0,0,0,0,1,0,0,1,1,0,3,1,3,13,0,0.03529411764705882,0
0,105000.0,0.0,842,116,6,1,24,3,1,0,0,0,0,0,0,1,0,0,1,0,4,0,2,4,0,0.125,1
0,105000.0,0.0,853,121,10,1,17,2,1,0,0,0,0,0,0,0,1,0,0,0,6,0,6,16,1,0.058394160583941604,0
1,87750.0,0.352112676056338,1264,167,11,1,24,2,0,0,0,0,1,0,0,0,1,0,1,0,4,1,4,4,0,0.06787330316742081,0
1,138250.0,0.21035598705501618,1253,165,11,1,25,2,0,1,0,0,0,0,0,0,1,0,0,0,4,0,5,4,1,0.08426966292134831,0
0,105000.0,0.0,800,110,6,1,15,1,0,0,1,0,0,0,0,0,0,1,1,0,3,0,5,9,1,0.0,0
0,105000.0,0.0,1100,146,11,1,33,2,1,0,0,0,0,0,0,0,0,1,0,1,3,0,0,18,0,0.1111111111111111,1
1,86500.0,0.36792452830188677,930,131,10,1,24,2,0,0,0,0,1,0,0,0,0,1,1,0,7,0,6,5,1,0.1144578313253012,1
0,105000.0,0.0,1093,151,10,1,25,1,0,0,1,0,0,0,0,0,0,1,1,0,5,0,5,3,1,0.05084745762711865,0
1,104250.0,0.21030042918454936,1058,147,10,1,25,4,0,0,0,1,0,0,0,0,1,0,1,0,5,0,1,20,0,0.12244897959183673,1
1,98500.0,0.2171945701357466,1111,147,11,1,24,3,0,0,0,0,1,0,0,0,0,1,1,0,3,0,6,21,1,0.07746478873239436,0
1,70500.0,0.31137724550898205,907,122,6,1,22,4,0,0,0,0,0,1,0,0,0,1,0,0,5,0,1,0,0,0.11827956989247312,1
1,44500.0,0.28846153846153844,1324,173,11,1,31,1,0,0,0,0,0,0,1,0,0,0,0,0,5,1,0,15,0,0.15151515151515152,1
0,105000.0,0.0,880,121,10,1,31,3,0,0,0,0,0,0,1,0,1,0,1,0,3,0,5,19,1,0.09090909090909091,0
1,74250.0,0.2215568862275449,691,90,6,1,32,1,0,0,0,1,0,0,0,0,0,1,1,0,3,0,0,17,0,0.08333333333333333,0
1,233292.8,0.34884063305115937,664,90,6,1,14,4,0,1,0,0,0,0,0,0,1,0,0,0,4,0,0,22,0,0.14736842105263157,1
0,105000.0,0.0,702,90,6,1,31,3,0,0,0,0,0,0,1,0,1,0,0,1,3,0,1,7,0,0.08620689655172414,0
1,93250.0,0.3782608695652174,834,116,10,1,22,2,0,0,0,0,0,1,0,1,1,0,1,0,3,1,0,19,0,0.10606060606060606,0
1,54750.0,0.21951219512195122,782,98,6,1,31,1,0,0,0,0,0,0,1,0,1,0,1,0,5,0,5,3,1,0.20689655172413793,1
1,80828.8,0.300087489063867,1043,140,10,1,31,3,0,0,0,0,0,0,1,0,0,1,0,1,3,1,4,20,0,0.10891089108910891,1
0,105000.0,0.0,726,95,6,1,18,0,0,1,0,0,0,0,0,1,0,0,0,0,7,0,1,14,0,0.06,0
0,105000.0,0.0,928,125,10,1,28,2,0,0,0,0,0,0,1,0,0,1,1,0,5,0,5,21,1,0.23529411764705882,1
1,93500.0,0.34513274336283184,892,123,10,1,22,4,0,0,0,0,0,1,0,0,0,1,0,1,5,1,5,18,1,0.11904761904761904,1
0,105000.0,0.0,1130,149,11,1,25,0,0,1,0,0,0,0,0,0,0,1,1,0,7,0,1,8,0,0.06557377049180328,0
0,105000.0,0.0,904,123,10,1,33,4,1,0,0,0,0,0,0,0,0,1,1,0,6,0,3,13,0,0.075,0
1,123000.0,0.2676056338028169,865,119,10,1,13,2,0,1,0,0,0,0,0,0,0,1,1,0,5,0,3,10,0,0.08695652173913043,0
0,105000.0,0.0,1102,145,11,1,22,1,0,0,0,0,0,1,0,0,1,0,1,0,3,0,4,12,0,0.05714285714285714,0
0,105000.0,0.0,860,114,6,1,17,5,0,0,0,1,0,0,0,1,0,0,1,0,4,0,1,18,0,0.08196721311475409,0
1,157500.0,0.23529411764705882,797,110,6,1,18,3,1,0,0,0,0,0,0,1,0,1,0,0,4,0,3,9,0,0.15217391304347827,1
0,105000.0,0.0,1105,146,11,1,15,4,1,0,0,0,0,0,0,1,0,0,1,0,6,1,6,19,1,0.0,0
0,105000.0,0.0,651,90,6,1,19,2,1,0,0,0,0,0,0,1,1,0,1,0,3,0,6,20,1,0.06532663316582915,0
0,105000.0,0.0,1142,151,11,1,15,3,0,0,1,0,0,0,0,0,0,0,1,0,7,0,0,7,0,0.0684931506849315,0
1,116500.0,0.3475177304964539,710,92,6,1,25,4,0,0,0,1,0,0,0,1,1,0,1,0,3,1,3,0,0,0.061946902654867256,0
1,97000.0,0.24434389140271492,1120,149,11,1,24,3,0,0,0,0,1,0,0,0,0,1,1,0,5,1,2,6,0,0.0658682634730539,0
0,105000.0,0.0,1135,148,11,1,31,2,0,0,0,0,0,0,1,0,1,0,1,0,4,1,0,10,0,0.1686746987951807,1
1,117750.0,0.32978723404255317,1133,150,11,1,16,1,0,0,1,0,0,0,0,0,1,0,1,0,6,0,6,6,1,0.13432835820895522,1
0,105000.0,0.0,753,100,6,1,19,4,1,0,0,0,0,0,0,0,1,0,1,0,6,0,1,19,0,0.0,0
0,105000.0,0.0,730,96,6,1,13,1,0,0,0,1,0,0,0,1,0,1,1,0,5,1,2,23,0,0.09550561797752809,0
0,105000.0,0.0,938,129,10,1,28,3,0,0,0,1,0,0,0,0,0,0,1,0,6,0,1,4,0,0.058823529411764705,0
1,153250.0,0.19705882352941176,750,100,6,1,15,3,0,0,1,0,0,0,0,1,1,0,1,0,7,0,2,11,0,0.10526315789473684,0
0,105000.0,0.0,844,119,10,1,12,2,0,1,0,0,0,0,0,0,1,0,1,0,5,0,5,9,1,0.0625,0
0,105000.0,0.0,1079,150,10,1,24,3,0,0,0,0,1,0,0,1,0,1,0,1,7,0,5,5,1,0.125,1
1,95750.0,0.24311926605504589,1109,153,10,1,25,4,0,0,0,1,0,0,0,0,0,0,1,0,6,0,1,8,0,0.08737864077669903,0
1,73000.0,0.2085889570552147,1047,142,10,1,24,2,0,0,0,0,0,0,1,1,1,0,1,0,4,0,1,11,0,0.20909090909090908,1
1,322732.8,0.3368347714239777,875,119,6,1,25,1,1,0,0,0,0,0,0,1,1,0,1,0,7,0,0,1,0,0.026785714285714284,0
1,275250.0,0.18316831683168316,774,105,6,1,24,5,0,0,0,0,1,0,0,0,1,0,0,1,7,1,1,3,0,0.04854368932038835,0
1,143395.19999999998,0.19541884816753935,1107,148,11,1,14,4,0,0,0,0,1,0,0,0,0,1,0,1,5,0,5,11,1,0.0625,0
0,105000.0,0.0,889,120,6,1,26,4,0,0,0,0,1,0,0,0,0,1,1,0,5,1,6,8,1,0.07885304659498207,0
1,54000.0,0.32558139534883723,928,130,10,1,24,1,0,0,0,0,1,0,0,0,0,0,1,0,7,0,6,20,1,0.046511627906976744,0
1,76000.0,0.2824858757062147,1264,168,11,1,14,1,0,0,0,0,1,0,0,1,1,0,0,0,3,0,2,5,0,0.06666666666666667,0
0,105000.0,0.0,1139,149,11,1,28,1,0,0,0,0,0,0,1,0,0,1,0,0,5,1,1,17,0,0.10743801652892562,1
1,94500.0,0.34934497816593885,752,101,6,1,18,2,0,0,0,0,1,0,0,1,0,0,1,0,7,1,2,23,0,0.08771929824561403,0
0,105000.0,0.0,824,114,10,1,12,2,0,1,0,0,0,0,0,1,1,0,1,0,3,0,6,16,1,0.06802721088435375,0
1,110250.0,0.36666666666666664,963,135,10,1,14,4,0,0,0,0,1,0,0,0,0,1,1,0,3,1,6,3,1,0.0784313725490196,0
0,105000.0,0.0,1112,145,11,1,31,3,0,0,0,0,0,0,1,1,0,0,0,1,3,0,2,21,0,0.11666666666666667,1
0,105000.0,0.0,864,118,10,1,23,5,0,1,0,0,0,0,0,0,1,0,1,0,5,0,5,13,1,0.04285714285714286,0
0,105000.0,0.0,682,94,6,1,16,3,0,0,1,0,0,0,0,0,0,0,1,0,4,0,2,14,0,0.06493506493506493,0
1,61000.0,0.20588235294117646,841,112,6,1,24,2,0,0,0,0,0,0,1,0,0,1,1,0,3,0,6,8,1,0.1935483870967742,1
1,104250.0,0.21794871794871795,715,94,6,1,35,5,0,0,0,1,0,0,0,1,1,0,1,0,3,0,0,15,0,0.0625,0
1,101000.0,0.3643724696356275,1123,149,11,1,14,4,0,0,0,0,1,0,0,0,0,1,0,1,6,1,0,13,0,0.11158798283261803,1
1,60000.0,0.23529411764705882,888,121,10,1,20,1,0,0,0,0,0,1,0,1,0,0,1,0,5,0,4,21,0,0.17834394904458598,1
1,82908.8,0.25732400524704857,1042,142,10,1,23,0,0,1,0,0,0,0,0,0,1,0,1,0,7,1,1,7,0,0.16176470588235295,1
1,128980.8,0.3276699029126213,1061,149,10,1,14,3,0,0,0,0,1,0,0,0,1,0,1,0,7,0,4,4,0,0.05791505791505792,0
1,64500.0,0.2328767123287671,862,121,10,1,24,1,0,0,0,0,0,0,1,0,1,0,1,0,3,0,5,9,1,0.07894736842105263,0
1,122250.0,0.3754152823920266,908,116,6,1,32,3,0,0,0,1,0,0,0,0,1,0,1,0,5,0,2,22,0,0.05555555555555555,0
0,105000.0,0.0,1041,144,10,1,24,3,0,0,0,0,1,0,0,1,0,1,1,0,5,0,0,18,0,0.08461538461538462,0
0,105000.0,0.0,744,96,6,1,28,2,0,0,0,0,0,0,1,0,0,1,1,0,4,0,2,18,0,0.10909090909090909,1
0,105000.0,0.0,1251,166,11,1,15,3,1,0,0,0,0,0,0,0,1,0,1,0,6,0,3,20,0,0.03896103896103896,0
1,86250.0,0.22164948453608246,859,121,10,1,22,4,0,0,0,0,0,1,0,0,0,1,0,0,4,1,4,23,0,0.11312217194570136,1
1,106750.0,0.38257575757575757,736,98,6,1,17,3,0,1,0,0,0,0,0,0,0,1,1,0,7,1,6,16,1,0.11650485436893204,1
1,55750.0,0.39568345323741005,812,117,10,1,18,0,0,0,0,0,1,0,0,1,0,0,1,0,3,0,5,1,1,0.09333333333333334,0
0,105000.0,0.0,1059,143,10,1,28,1,0,0,0,0,0,0,1,0,0,0,1,0,4,0,5,18,1,0.09090909090909091,0
1,75000.0,0.21428571428571427,897,123,6,1,18,1,0,0,0,0,1,0,0,1,1,0,1,0,6,1,2,18,0,0.125,1
1,226000.0,0.20634920634920634,710,93,6,1,25,4,0,1,0,0,0,0,0,1,0,0,1,0,5,0,0,16,0,0.06666666666666667,0
1,100000.0,0.2608695652173913,752,96,6,1,22,3,0,0,0,0,0,1,0,1,0,1,1,0,6,1,5,19,1,0.109375,1
1,49750.0,0.19090909090909092,744,100,6,1,14,4,0,0,0,0,1,0,0,0,0,1,1,0,6,0,5,9,1,0.16883116883116883,1
0,105000.0,0.0,678,91,6,1,13,3,0,1,0,0,0,0,0,0,1,0,0,0,4,0,1,6,0,0.07246376811594203,0
1,159750.0,0.28225806451612906,1257,167,11,1,12,3,0,1,0,0,0,0,0,0,0,1,1,0,3,0,0,14,0,0.0855614973262032,0
0,105000.0,0.0,834,116,6,1,19,4,1,0,0,0,0,0,0,0,0,1,1,0,4,0,0,8,0,0.09523809523809523,0
0,105000.0,0.0,896,121,10,1,23,3,0,1,0,0,0,0,0,1,0,1,1,0,6,1,4,23,0,0.0410958904109589,0
1,167250.0,0.2486910994764398,904,121,6,1,15,3,0,0,1,0,0,0,0,0,1,0,0,1,6,0,2,16,0,0.05,0
1,211250.0,0.32341269841269843,1270,168,11,1,21,3,0,1,0,0,0,0,0,1,1,0,1,0,6,0,5,19,1,0.11475409836065574,1
0,105000.0,0.0,716,97,6,1,18,3,0,0,0,0,1,0,0,1,1,0,1,0,6,0,5,0,1,0.042735042735042736,0
1,36920.0,0.2682926829268293,927,125,10,1,24,0,0,0,0,0,0,0,1,0,1,0,1,0,5,0,3,16,0,0.24193548387096775,1
1,143750.0,0.2628398791540785,724,101,6,1,32,3,0,0,1,0,0,0,0,0,1,0,1,0,4,1,5,3,1,0.10101010101010101,0
0,105000.0,0.0,849,118,10,1,25,4,0,0,0,1,0,0,0,0,1,0,0,0,3,1,6,3,1,0.10465116279069768,0
1,80246.4,0.33491583944756154,1305,173,11,1,32,3,0,0,1,0,0,0,0,1,0,0,1,0,7,0,4,5,0,0.21428571428571427,1
1,75750.0,0.30726256983240224,1267,167,11,1,13,2,0,0,0,1,0,0,0,0,0,1,0,0,5,0,3,9,0,0.041666666666666664,0
1,102000.0,0.2564102564102564,848,112,6,1,26,4,0,0,0,0,1,0,0,0,0,1,1,0,3,0,6,2,1,0.11666666666666667,1
1,194000.0,0.3697478991596639,841,113,6,1,12,3,0,1,0,0,0,0,0,0,1,0,0,0,6,0,5,18,1,0.07692307692307693,0
0,105000.0,0.0,1135,148,11,1,28,0,0,0,0,1,0,0,0,1,1,0,1,0,5,1,2,12,0,0.07352941176470588,0
1,71750.0,0.36,996,141,10,1,17,5,0,0,0,1,0,0,0,0,1,0,0,0,3,1,6,19,1,0.12903225806451613,1
0,105000.0,0.0,916,126,10,1,17,5,0,0,0,1,0,0,0,0,1,0,0,1,6,0,3,16,0,0.02702702702702703,0
1,251750.0,0.3272425249169435,648,88,6,1,17,4,1,0,0,0,0,0,0,1,0,1,1,0,4,0,0,6,0,0.05813953488372093,0
0,105000.0,0.0,1267,169,11,1,24,3,1,0,0,0,0,0,0,0,0,0,1,0,7,1,2,9,0,0.09239130434782608,0
1,143000.0,0.375,1107,147,11,1,18,3,1,0,0,0,0,0,0,0,0,1,1,0,6,1,3,14,0,0.09782608695652174,0
0,105000.0,0.0,1059,147,10,1,24,3,0,0,0,0,1,0,0,0,0,1,0,0,6,0,0,4,0,0.11428571428571428,1
0,105000.0,0.0,910,124,6,1,24,1,0,0,0,0,1,0,0,1,0,1,0,1,7,0,2,3,0,0.1388888888888889,1
1,206000.0,0.20087336244541484,762,101,6,1,15,4,0,0,1,0,0,0,0,1,0,0,0,0,7,0,6,17,1,0.05737704918032787,0
1,55848.0,0.3431039802530083,718,93,6,1,20,1,0,0,0,0,0,1,0,1,0,0,0,0,5,0,4,5,0,0.22356495468277945,1
1,156250.0,0.27823691460055094,958,135,10,1,12,3,0,1,0,0,0,0,0,0,0,1,1,0,3,0,2,14,0,0.10869565217391304,1
1,103750.0,0.37890625,910,127,10,1,35,5,0,0,0,1,0,0,0,0,0,1,1,0,5,0,5,6,1,0.05405405405405406,0
1,114750.0,0.25475285171102663,700,94,6,1,12,2,0,1,0,0,0,0,0,0,0,1,1,0,7,0,6,17,1,0.08888888888888889,0
0,105000.0,0.0,821,109,6,1,14,4,0,0,1,0,0,0,0,1,0,0,1,0,3,0,5,21,1,0.06206896551724138,0
1,138000.0,0.22508038585209003,1126,148,11,1,14,3,0,0,0,0,1,0,0,1,1,0,0,1,6,0,4,13,0,0.09,0
0,105000.0,0.0,746,102,6,1,24,1,0,0,0,0,1,0,0,0,0,0,1,0,6,0,6,6,1,0.045454545454545456,0
0,105000.0,0.0,831,117,10,1,17,2,1,0,0,0,0,0,0,1,0,1,1,0,4,0,2,1,0,0.09278350515463918,0
0,105000.0,0.0,852,114,6,1,13,4,0,0,0,1,0,0,0,0,0,0,1,0,4,1,5,13,1,0.0273972602739726,0
1,246000.0,0.39215686274509803,674,88,6,1,18,4,1,0,0,0,0,0,0,0,0,1,1,0,4,0,5,2,1,0.015384615384615385,0
1,93500.0,0.3377777777777778,936,131,10,1,24,3,0,0,0,0,1,0,0,0,0,1,1,0,7,1,6,10,1,0.06140350877192982,0
0,105000.0,0.0,932,129,10,1,16,0,0,0,1,0,0,0,0,0,1,0,1,0,7,1,5,21,1,0.05714285714285714,0
1,50500.0,0.21238938053097345,1301,173,11,1,24,0,0,0,0,0,1,0,0,1,0,1,1,0,5,0,1,22,0,0.08620689655172414,0
1,113500.0,0.3727598566308244,1111,146,11,1,12,2,0,1,0,0,0,0,0,0,0,1,0,0,6,0,3,22,0,0.1348314606741573,1
1,99250.0,0.2663755458515284,865,116,6,1,15,2,0,0,1,0,0,0,0,0,0,0,1,0,5,0,3,20,0,0.10638297872340426,0
0,105000.0,0.0,838,119,10,1,25,1,0,0,1,0,0,0,0,0,0,0,0,0,3,0,5,21,1,0.045454545454545456,0
1,150000.0,0.23008849557522124,1142,150,11,1,14,3,0,0,1,0,0,0,0,0,0,1,1,0,6,1,6,4,1,0.08888888888888889,0
1,100250.0,0.3080168776371308,850,117,10,1,20,3,0,0,0,0,0,1,0,0,0,1,0,0,3,0,1,6,0,0.043478260869565216,0
1,139000.0,0.36950146627565983,853,117,6,1,14,3,0,0,0,0,1,0,0,0,1,0,1,0,5,0,1,21,0,0.1,0
1,110000.0,0.24,899,120,6,1,28,3,0,0,0,1,0,0,0,1,0,0,1,0,5,0,6,18,1,0.18333333333333332,1
1,83250.0,0.3010204081632653,895,118,6,1,20,3,0,0,0,0,0,1,0,0,0,1,0,0,5,0,3,9,0,0.1111111111111111,1
1,121750.0,0.3602693602693603,1063,147,10,1,18,3,0,0,1,0,0,0,0,0,1,0,1,0,5,0,1,4,0,0.10256410256410256,0
0,105000.0,0.0,1021,144,10,1,19,4,1,0,0,0,0,0,0,1,1,0,0,0,7,0,4,17,0,0.0,0
1,68078.4,0.19641873278236904,1105,152,10,1,32,3,0,0,1,0,0,0,0,1,1,0,1,0,7,0,5,15,1,0.10909090909090909,1
1,84250.0,0.3316831683168317,1282,170,11,1,25,4,0,0,0,1,0,0,0,0,0,0,1,0,4,0,6,14,1,0.038461538461538464,0
1,71250.0,0.3430232558139535,1282,170,11,1,22,2,0,0,0,0,0,1,0,1,0,1,1,0,4,0,3,4,0,0.14705882352941177,1
0,105000.0,0.0,1051,143,10,1,24,1,0,0,0,0,0,0,1,1,1,0,0,0,4,0,2,9,0,0.03488372093023256,0
1,150250.0,0.29745042492917845,914,124,10,1,25,3,0,1,0,0,0,0,0,0,0,0,1,0,7,0,4,5,0,0.08928571428571429,0
1,114250.0,0.3074074074074074,935,124,6,1,35,5,0,0,0,1,0,0,0,0,0,1,1,0,5,0,4,12,0,0.05,0
0,105000.0,0.0,1128,148,11,1,25,0,0,1,0,0,0,0,0,1,0,1,0,0,6,0,0,0,0,0.10256410256410256,0
0,105000.0,0.0,879,121,10,1,17,5,0,0,0,1,0,0,0,1,0,0,0,0,4,0,5,11,1,0.08571428571428572,0
1,192500.0,0.273542600896861,924,124,6,1,14,4,0,0,0,0,1,0,0,0,1,0,0,1,7,1,0,9,0,0.04838709677419355,0
1,158500.0,0.2140845070422535,640,87,6,1,14,3,0,1,0,0,0,0,0,1,0,0,1,0,3,0,5,13,1,0.11079545454545454,1
1,158500.0,0.2534435261707989,1059,149,10,1,14,4,0,0,0,0,1,0,0,1,1,0,1,0,7,0,6,16,1,0.17117117117117117,1
0,105000.0,0.0,1086,144,11,1,15,0,1,0,0,0,0,0,0,0,1,0,1,0,4,0,0,2,0,0.11148648648648649,1
1,82250.0,0.23118279569892472,1118,149,11,1,14,4,0,0,0,0,1,0,0,1,0,0,1,0,6,0,3,14,0,0.10869565217391304,1
1,257441.6,0.27161011031978777,900,124,10,1,32,3,0,0,1,0,0,0,0,0,1,0,1,0,5,1,5,4,1,0.125,1
0,105000.0,0.0,1240,164,11,1,14,4,0,0,0,0,1,0,0,1,0,0,0,0,4,1,0,0,0,0.055776892430278883,0
1,131250.0,0.3173076923076923,917,128,10,1,18,3,0,0,0,0,1,0,0,1,0,0,1,0,7,0,5,5,1,0.12195121951219512,1
1,188500.0,0.2505800464037123,686,90,6,1,14,4,0,1,0,0,0,0,0,0,0,0,0,1,4,0,1,4,0,0.0425531914893617,0
1,158500.0,0.25824175824175827,879,125,10,1,24,4,0,0,0,0,1,0,0,0,0,1,1,0,5,1,6,0,1,0.057692307692307696,0
1,152131.2,0.2237736765420107,894,119,6,1,32,3,0,0,1,0,0,0,0,0,1,0,0,0,3,1,1,14,0,0.07352941176470588,0
1,106000.0,0.19574468085106383,852,119,10,1,13,1,0,1,0,0,0,0,0,0,1,0,1,0,5,0,5,2,1,0.08823529411764706,0
0,105000.0,0.0,957,131,10,1,35,5,0,0,0,1,0,0,0,0,0,0,0,1,6,0,0,8,0,0.0,0
1,148750.0,0.3518005540166205,1040,147,10,1,24,3,0,0,0,0,1,0,0,0,1,0,1,0,5,0,2,10,0,0.14634146341463414,1
1,200500.0,0.31157894736842107,702,95,6,1,13,3,0,1,0,0,0,0,0,0,1,0,1,0,6,0,3,1,0,0.11403508771929824,1
0,105000.0,0.0,886,121,10,1,24,3,0,0,0,0,0,0,1,0,1,0,0,0,4,0,5,13,1,0.045454545454545456,0
1,86500.0,0.39814814814814814,851,110,6,1,31,3,0,0,0,0,0,0,1,0,1,0,1,0,3,0,5,16,1,0.058823529411764705,0
0,105000.0,0.0,885,121,10,1,24,3,0,0,0,0,0,0,1,0,1,0,1,0,4,1,0,21,0,0.027932960893854747,0
1,85155.2,0.19749009247027738,846,118,10,1,33,4,1,0,0,0,0,0,0,0,0,0,1,0,4,0,4,5,0,0.14285714285714285,1
1,101712.0,0.32820512820512826,1248,165,11,1,16,1,0,0,1,0,0,0,0,0,1,0,1,0,3,0,4,18,0,0.0,0
0,105000.0,0.0,884,124,10,1,16,3,0,0,1,0,0,0,0,1,0,0,1,0,5,0,3,8,0,0.06060606060606061,0
0,105000.0,0.0,914,122,6,1,16,3,0,0,1,0,0,0,0,0,0,0,1,0,7,0,3,9,0,0.12396694214876033,1
1,192250.0,0.3390928725701944,864,121,10,1,18,3,1,0,0,0,0,0,0,0,1,0,1,0,6,1,2,21,0,0.07878787878787878,0
1,192250.0,0.21577726218097448,815,110,6,1,17,5,0,0,0,1,0,0,0,0,1,0,1,0,3,1,3,9,0,0.045454545454545456,0
1,81000.0,0.38,875,121,10,1,26,4,0,0,0,0,1,0,0,1,1,0,0,1,4,0,0,18,0,0.05357142857142857,0
1,101250.0,0.2,914,124,10,1,20,3,0,0,0,0,0,1,0,0,0,1,0,0,6,0,4,20,0,0.1016949152542373,0
0,105000.0,0.0,1082,145,11,1,21,4,1,0,0,0,0,0,0,0,0,0,0,0,3,0,6,7,1,0.025974025974025976,0
0,105000.0,0.0,1103,147,11,1,13,1,0,0,0,1,0,0,0,0,1,0,1,0,4,0,5,17,1,0.02531645569620253,0
1,162750.0,0.3435114503816794,1113,146,11,1,33,4,1,0,0,0,0,0,0,1,0,1,1,0,4,1,1,13,0,0.08695652173913043,0
0,105000.0,0.0,1038,143,10,1,28,3,0,0,0,1,0,0,0,1,1,0,1,0,4,1,2,10,0,0.10330578512396695,0
0,105000.0,0.0,725,98,6,1,25,4,0,0,0,1,0,0,0,0,0,0,0,1,5,0,1,23,0,0.025,0
1,147250.0,0.32193732193732194,1047,143,10,1,18,2,0,1,0,0,0,0,0,0,1,0,0,0,7,0,5,1,1,0.10588235294117647,0
1,102500.0,0.19383259911894274,1095,145,11,1,24,3,0,0,0,0,1,0,0,1,0,0,1,0,3,0,5,21,1,0.11428571428571428,1
1,91750.0,0.24401913875598086,838,119,10,1,13,2,0,0,0,1,0,0,0,0,0,1,1,0,3,0,1,6,0,0.05555555555555555,0
1,145849.6,0.19845857418111748,822,116,10,1,14,3,0,0,1,0,0,0,0,0,0,1,1,0,3,0,3,18,0,0.05802047781569966,0
0,105000.0,0.0,704,92,6,1,21,3,0,1,0,0,0,0,0,0,0,1,1,0,4,0,4,19,0,0.0851063829787234,0
1,143000.0,0.18959842001316662,1040,145,10,1,25,1,1,0,0,0,0,0,0,0,0,1,1,0,7,1,4,11,0,0.0392156862745098,0
0,105000.0,0.0,673,91,6,1,14,0,0,0,0,0,1,0,0,0,1,0,1,0,3,1,1,5,0,0.10638297872340426,0
1,97250.0,0.26339285714285715,920,125,10,1,20,3,0,0,0,0,0,1,0,0,0,1,0,1,6,0,3,4,0,0.1509433962264151,1
0,105000.0,0.0,1131,148,11,1,18,3,0,0,1,0,0,0,0,0,1,0,1,0,6,1,3,4,0,0.0821917808219178,0
0,105000.0,0.0,704,94,6,1,22,4,0,0,0,0,0,1,0,0,0,0,1,0,3,0,1,21,0,0.15384615384615385,1
0,105000.0,0.0,912,127,10,1,13,1,0,0,0,1,0,0,0,0,0,0,1,0,6,0,3,18,0,0.06060606060606061,0
1,64250.0,0.3836477987421384,1287,170,11,1,14,4,0,0,0,0,1,0,0,0,0,1,0,0,7,0,1,18,0,0.10454545454545454,0
0,105000.0,0.0,706,94,6,1,17,5,0,0,0,1,0,0,0,1,0,1,0,0,4,0,3,17,0,0.03333333333333333,0
0,105000.0,0.0,876,122,10,1,19,4,1,0,0,0,0,0,0,0,0,1,1,0,4,0,3,19,0,0.023255813953488372,0
1,59750.0,0.363013698630137,1046,145,10,1,28,2,0,0,0,0,0,0,1,1,0,0,1,0,3,0,2,4,0,0.24545454545454545,1
1,171500.0,0.2935323383084577,981,136,10,1,22,4,0,0,0,0,0,1,0,0,0,1,1,0,3,0,4,22,0,0.03968253968253968,0
0,105000.0,0.0,1279,168,11,1,17,5,0,0,0,1,0,0,0,1,0,1,0,0,5,1,6,1,1,0.06748466257668712,0
0,105000.0,0.0,1327,174,11,1,32,1,0,0,0,1,0,0,0,1,1,0,1,0,6,1,1,18,0,0.030120481927710843,0
1,51521.6,0.3381415632338141,937,127,10,1,29,1,0,0,1,0,0,0,0,0,0,1,0,0,6,0,3,4,0,0.25806451612903225,1
1,62250.0,0.2708333333333333,1096,144,11,1,22,2,0,0,0,0,0,1,0,1,0,0,1,0,3,0,3,8,0,0.13793103448275862,1
0,105000.0,0.0,1131,150,11,1,19,4,1,0,0,0,0,0,0,0,0,1,1,0,6,1,1,7,0,0.08247422680412371,0
0,105000.0,0.0,904,126,10,1,19,4,1,0,0,0,0,0,0,1,0,1,1,0,6,1,4,3,0,0.07468879668049792,0
1,90250.0,0.23039215686274508,1135,147,11,1,28,3,0,0,0,0,0,0,1,0,1,0,1,0,4,1,2,14,0,0.24,1
0,105000.0,0.0,1028,143,10,1,16,3,0,0,1,0,0,0,0,1,1,0,1,0,3,0,6,8,1,0.04,0
1,67750.0,0.3475609756097561,1092,144,11,1,17,5,0,0,0,1,0,0,0,0,1,0,0,0,3,0,3,14,0,0.0975609756097561,0
0,105000.0,0.0,936,131,10,1,24,3,0,0,0,0,1,0,0,0,1,0,0,1,7,1,2,11,0,0.03773584905660377,0
1,165500.0,0.3408521303258145,649,88,6,1,14,3,0,1,0,0,0,0,0,0,0,1,1,0,3,0,4,14,0,0.13793103448275862,1
0,105000.0,0.0,1155,151,11,1,25,1,0,0,1,0,0,0,0,0,1,0,1,0,7,0,6,10,1,0.02564102564102564,0
0,105000.0,0.0,1066,144,10,1,22,0,0,0,0,0,0,1,0,0,1,0,1,0,6,0,5,22,1,0.14432989690721648,1
1,172500.0,0.2835820895522388,877,116,6,1,13,3,0,1,0,0,0,0,0,0,0,1,1,0,6,1,2,7,0,0.15217391304347827,1
1,59092.8,0.2669310555216595,749,96,6,1,28,2,0,0,0,0,0,0,1,0,0,1,0,0,4,0,0,15,0,0.1780821917808219,1
0,105000.0,0.0,643,88,6,1,24,3,1,0,0,0,0,0,0,0,1,0,1,0,3,0,3,9,0,0.06896551724137931,0
1,112500.0,0.3208955223880597,692,94,6,1,17,5,0,0,0,1,0,0,0,1,0,1,0,0,4,0,2,4,0,0.109375,1
0,105000.0,0.0,669,89,6,1,17,3,0,1,0,0,0,0,0,1,1,0,0,0,3,1,1,23,0,0.15463917525773196,1
0,105000.0,0.0,903,118,6,1,28,2,0,0,0,0,0,0,1,0,1,0,1,0,4,1,2,10,0,0.1095890410958904,1
0,105000.0,0.0,831,112,6,1,18,0,0,1,0,0,0,0,0,1,0,1,1,0,3,1,4,4,0,0.09278350515463918,0
1,80000.0,0.192090395480226,1265,169,11,1,16,1,0,0,1,0,0,0,0,0,0,0,1,0,3,0,0,20,0,0.23255813953488372,1
1,54250.0,0.3046875,862,116,6,1,17,5,0,0,0,1,0,0,0,0,0,1,1,0,3,0,4,4,0,0.09411764705882353,0
1,155084.80000000002,0.27435778754917844,1242,165,11,1,18,3,1,0,0,0,0,0,0,0,0,1,1,0,4,0,0,14,0,0.038461538461538464,0
1,100256.0,0.21580603368498988,1285,172,11,1,24,2,0,0,0,0,1,0,0,0,1,0,1,0,5,0,3,21,0,0.13043478260869565,1
0,105000.0,0.0,1058,145,10,1,18,4,0,1,0,0,0,0,0,0,0,1,1,0,6,0,5,3,1,0.02586206896551724,0
1,196750.0,0.3431578947368421,1266,166,11,1,23,3,0,1,0,0,0,0,0,0,1,0,1,0,6,0,3,3,0,0.15217391304347827,1
1,123500.0,0.22939068100358423,821,115,10,1,18,4,0,0,1,0,0,0,0,0,0,1,1,0,3,0,4,22,0,0.1348314606741573,1
1,78500.0,0.2057142857142857,766,103,6,1,24,2,0,0,0,0,1,0,0,1,0,0,1,0,7,0,6,15,1,0.10101010101010101,0
0,105000.0,0.0,814,116,10,1,21,3,0,1,0,0,0,0,0,0,1,0,1,0,3,0,6,0,1,0.02127659574468085,0
0,105000.0,0.0,832,112,6,1,17,5,0,0,0,1,0,0,0,1,0,1,1,0,3,0,5,8,1,0.16,1
1,124363.2,0.2486818980667839,1037,145,10,1,32,3,0,0,0,1,0,0,0,0,1,0,1,0,3,0,2,17,0,0.0,0
1,82000.0,0.3434343434343434,702,94,6,1,26,4,0,0,0,0,1,0,0,0,0,1,1,0,4,0,3,1,0,0.07777777777777778,0
1,78250.0,0.2802197802197802,907,121,6,1,22,4,0,0,0,0,0,1,0,1,1,0,1,0,6,0,1,4,0,0.15151515151515152,1
1,41250.0,0.35,1127,147,11,1,29,0,0,0,1,0,0,0,0,0,0,1,0,0,5,0,1,9,0,0.10526315789473684,0
1,78977.59999999999,0.2608795235913879,1084,144,11,1,23,0,0,1,0,0,0,0,0,1,0,1,0,0,3,0,0,22,0,0.2537313432835821,1
0,105000.0,0.0,884,120,10,1,20,3,0,0,0,0,0,1,0,0,1,0,0,0,5,0,4,13,0,0.0,0
0,105000.0,0.0,894,120,10,1,23,3,0,1,0,0,0,0,0,0,0,1,1,0,6,1,2,2,0,0.04054054054054054,0
1,126750.0,0.3904761904761905,851,117,6,1,25,1,1,0,0,0,0,0,0,0,1,0,1,0,7,0,4,2,0,0.12903225806451613,1
0,105000.0,0.0,1109,147,11,1,26,4,0,0,0,0,1,0,0,1,0,0,1,0,3,1,5,13,1,0.0593607305936073,0
1,126000.0,0.34210526315789475,653,88,6,1,12,1,0,1,0,0,0,0,0,0,1,0,1,0,3,0,2,10,0,0.06521739130434782,0
0,105000.0,0.0,930,121,6,1,31,3,0,0,0,0,0,0,1,0,1,0,1,0,4,0,4,13,0,0.0449438202247191,0
0,105000.0,0.0,644,88,6,1,14,1,0,1,0,0,0,0,0,0,0,1,1,0,3,1,1,9,0,0.11007025761124122,1
1,206750.0,0.31568228105906315,1051,145,10,1,24,4,0,0,0,0,1,0,0,0,1,0,1,0,5,1,5,19,1,0.07865168539325842,0
0,105000.0,0.0,1117,148,11,1,19,3,0,0,0,0,0,1,0,0,0,1,0,0,4,0,3,18,0,0.05434782608695652,0
1,91500.0,0.26540284360189575,750,99,6,1,18,2,0,0,1,0,0,0,0,0,1,0,1,0,6,0,0,13,0,0.07692307692307693,0
1,148250.0,0.34818941504178275,955,131,10,1,35,5,0,0,0,1,0,0,0,0,1,0,1,0,6,0,2,4,0,0.0,0
0,105000.0,0.0,930,129,10,1,35,5,0,0,0,1,0,0,0,0,1,0,1,0,5,1,2,1,0,0.033707865168539325,0
1,68750.0,0.3532934131736527,1153,152,11,1,35,5,0,0,0,1,0,0,0,1,0,1,1,0,6,0,2,1,0,0.15384615384615385,1
0,105000.0,0.0,1003,139,10,1,14,4,0,1,0,0,0,0,0,0,0,0,0,1,5,0,1,21,0,0.043859649122807015,0
1,158662.4,0.222027972027972,1263,170,11,1,19,3,1,0,0,0,0,0,0,0,0,1,1,0,4,1,6,15,1,0.07650273224043716,0
1,34000.0,0.27848101265822783,1075,145,10,1,28,0,0,0,0,0,0,0,1,0,0,1,0,1,5,0,3,9,0,0.12121212121212122,1
1,137176.0,0.3112277557291,1108,147,11,1,19,2,1,0,0,0,0,0,0,0,1,0,0,1,6,0,6,12,1,0.05970149253731343,0
1,119250.0,0.3664383561643836,1130,149,11,1,25,1,1,0,0,0,0,0,0,0,1,0,1,0,7,0,5,14,1,0.1038961038961039,0
1,77250.0,0.19298245614035087,900,124,10,1,13,1,0,0,0,1,0,0,0,0,0,1,0,0,5,0,2,5,0,0.15789473684210525,1
1,200000.0,0.2942430703624733,951,134,10,1,17,3,1,0,0,0,0,0,0,1,0,0,1,0,3,1,0,1,0,0.05660377358490566,0
0,105000.0,0.0,910,127,10,1,24,3,0,0,0,0,1,0,0,1,1,0,1,0,6,1,1,11,0,0.05309734513274336,0
1,113250.0,0.39361702127659576,708,94,6,1,20,3,0,0,0,0,0,1,0,1,1,0,0,0,4,0,3,14,0,0.14285714285714285,1
1,49750.0,0.3416666666666667,1061,143,10,1,31,2,0,0,0,0,0,0,1,0,0,0,1,0,4,0,1,23,0,0.2,1
1,111500.0,0.2440944881889764,874,119,10,1,23,2,0,1,0,0,0,0,0,0,0,0,1,0,5,0,2,1,0,0.125,1
1,102500.0,0.23275862068965517,712,93,6,1,31,3,0,0,0,0,0,0,1,0,1,0,1,0,3,0,3,9,0,0.08403361344537816,0
0,105000.0,0.0,846,118,10,1,13,2,0,1,0,0,0,0,0,0,0,0,1,0,5,0,2,9,0,0.13043478260869565,1
1,111500.0,0.23715415019762845,812,112,6,1,21,4,1,0,0,0,0,0,0,0,0,1,0,1,4,0,4,15,0,0.23880597014925373,1
0,105000.0,0.0,1121,148,11,1,13,4,0,1,0,0,0,0,0,0,0,0,1,0,7,0,5,11,1,0.02631578947368421,0
1,139755.19999999998,0.361497195805901,1269,170,11,1,19,3,1,0,0,0,0,0,0,0,0,0,1,0,5,0,5,16,1,0.08426966292134831,0
1,86000.0,0.21761658031088082,882,120,10,1,20,2,0,0,0,0,0,1,0,1,1,0,1,0,4,0,1,13,0,0.2631578947368421,1
1,93121.6,0.20128565689031747,913,127,10,1,25,4,0,0,0,1,0,0,0,1,1,0,1,0,5,0,2,2,0,0.061224489795918366,0
0,105000.0,0.0,1114,155,10,1,19,4,1,0,0,0,0,0,0,1,0,1,1,0,7,0,4,22,0,0.03571428571428571,0
0,105000.0,0.0,820,116,10,1,25,1,1,0,0,0,0,0,0,0,0,1,1,0,3,0,6,3,1,0.04580152671755725,0
0,105000.0,0.0,1124,148,11,1,33,1,1,0,0,0,0,0,0,0,0,1,0,1,5,0,4,16,0,0.1267605633802817,1
1,175750.0,0.2020460358056266,1122,148,11,1,14,3,0,0,1,0,0,0,0,0,1,0,1,0,6,1,2,4,0,0.05056179775280899,0
1,210142.4,0.38442472215559287,1248,165,11,1,14,3,0,1,0,0,0,0,0,1,1,0,0,0,4,1,2,19,0,0.1282051282051282,1
1,100750.0,0.2088888888888889,823,108,6,1,23,2,0,1,0,0,0,0,0,1,0,1,0,0,4,1,2,2,0,0.11320754716981132,1
0,105000.0,0.0,1110,145,11,1,28,3,0,0,0,0,0,0,1,0,0,0,1,0,3,0,0,20,0,0.06944444444444445,0
1,196750.0,0.2665198237885463,658,88,6,1,25,3,1,0,0,0,0,0,0,0,1,0,1,0,3,1,2,6,0,0.13333333333333333,1
1,182250.0,0.2684085510688836,1298,172,11,1,25,1,0,0,1,0,0,0,0,0,1,0,1,0,7,0,3,22,0,0.10569105691056911,0
1,77750.0,0.29120879120879123,717,94,6,1,24,3,0,0,0,0,0,0,1,1,0,1,1,0,4,0,3,7,0,0.16363636363636364,1
0,105000.0,0.0,1141,150,11,1,22,4,0,0,0,0,0,1,0,0,0,0,1,0,6,0,2,3,0,0.08571428571428572,0
0,105000.0,0.0,663,90,6,1,17,1,1,0,0,0,0,0,0,0,0,1,1,0,4,0,3,8,0,0.11,1
0,105000.0,0.0,1138,151,11,1,14,3,0,0,1,0,0,0,0,1,0,0,0,1,7,0,1,15,0,0.02857142857142857,0
1,79250.0,0.25824175824175827,734,95,6,1,28,3,0,0,0,0,0,0,1,1,0,0,0,0,4,1,3,10,0,0.12751677852348994,1
1,162250.0,0.3010471204188482,637,89,6,1,15,2,1,0,0,0,0,0,0,0,1,0,1,0,3,0,6,11,1,0.20512820512820512,1
1,165750.0,0.24603174603174602,1112,148,11,1,19,4,1,0,0,0,0,0,0,1,1,0,1,0,4,0,0,20,0,0.1111111111111111,1
1,117750.0,0.23595505617977527,1270,168,11,1,25,2,1,0,0,0,0,0,0,0,0,0,1,0,6,1,1,16,0,0.10714285714285714,1
1,140500.0,0.24375,683,90,6,1,17,5,0,0,0,1,0,0,0,0,1,0,0,0,3,0,1,15,0,0.08,0
1,58000.0,0.33093525179856115,674,90,6,1,25,4,0,0,0,1,0,0,0,0,0,1,1,0,3,1,1,0,0,0.075,0
0,105000.0,0.0,886,123,10,1,14,4,0,0,0,0,1,0,0,1,1,0,1,0,5,0,5,9,1,0.06172839506172839,0
1,79750.0,0.32105263157894737,1087,148,10,1,32,3,0,0,1,0,0,0,0,1,0,1,1,0,6,1,5,13,1,0.09523809523809523,0
0,105000.0,0.0,1124,147,11,1,24,4,0,0,0,0,0,0,1,0,1,0,1,0,4,1,3,9,0,0.05813953488372093,0
0,105000.0,0.0,856,119,10,1,18,0,0,0,1,0,0,0,0,1,1,0,0,1,4,0,6,23,1,0.10526315789473684,0
0,105000.0,0.0,1255,166,11,1,28,0,0,0,0,0,0,0,1,0,0,1,1,0,3,1,5,2,1,0.13043478260869565,1
0,105000.0,0.0,971,131,6,1,32,3,0,0,1,0,0,0,0,0,1,0,1,0,7,0,1,0,0,0.07142857142857142,0
0,105000.0,0.0,1115,146,11,1,22,4,0,0,0,0,0,1,0,0,0,1,1,0,4,0,5,7,1,0.1,0
1,94500.0,0.273972602739726,1127,148,11,1,20,3,0,0,0,0,0,1,0,0,0,0,0,0,5,0,6,5,1,0.1702127659574468,1
0,105000.0,0.0,1038,141,10,1,29,2,0,0,1,0,0,0,0,1,1,0,1,0,4,0,5,23,1,0.12727272727272726,1
1,59000.0,0.3262411347517731,1029,142,10,1,19,2,0,0,0,0,0,1,0,0,0,1,1,0,4,0,2,4,0,0.07017543859649122,0
0,105000.0,0.0,1008,142,10,1,25,1,1,0,0,0,0,0,0,1,0,1,1,0,6,0,0,19,0,0.058823529411764705,0
0,105000.0,0.0,712,96,6,1,18,1,1,0,0,0,0,0,0,0,1,0,0,0,7,1,1,3,0,0.06637168141592921,0
0,105000.0,0.0,881,116,6,1,32,4,0,0,0,1,0,0,0,0,1,0,0,1,4,1,4,11,0,0.020942408376963352,0
1,110500.0,0.2248995983935743,1272,168,11,1,24,3,0,0,0,0,1,0,0,0,0,1,1,0,5,0,2,2,0,0.09523809523809523,0
0,105000.0,0.0,709,96,6,1,25,1,0,0,1,0,0,0,0,1,1,0,0,0,4,0,6,2,1,0.1116751269035533,1
1,39750.0,0.37755102040816324,1111,146,11,1,28,0,0,0,0,0,0,0,1,0,1,0,0,0,3,1,4,7,0,0.2708333333333333,1
0,105000.0,0.0,1263,167,11,1,28,3,0,0,0,0,0,0,1,1,0,0,0,1,3,0,1,9,0,0.1125,1
1,149000.0,0.1884498480243161,860,123,10,1,33,3,1,0,0,0,0,0,0,0,0,0,1,0,5,0,5,3,1,0.09482758620689655,0
1,75250.0,0.3551912568306011,1021,138,10,1,28,3,0,0,0,0,0,0,1,0,0,1,1,0,3,1,3,12,0,0.06930693069306931,0
0,105000.0,0.0,987,139,10,1,14,2,0,0,1,0,0,0,0,0,0,1,1,0,3,1,0,14,0,0.08450704225352113,0
0,105000.0,0.0,924,124,6,1,19,4,1,0,0,0,0,0,0,0,0,1,1,0,7,0,5,19,1,0.0945945945945946,0
0,105000.0,0.0,897,118,6,1,25,1,0,1,0,0,0,0,0,0,0,1,0,1,7,0,6,3,1,0.11940298507462686,1
0,105000.0,0.0,1105,146,11,1,25,1,1,0,0,0,0,0,0,1,0,0,1,0,4,1,3,11,0,0.03414634146341464,0
1,230500.0,0.23032629558541268,1122,147,11,1,33,4,1,0,0,0,0,0,0,0,0,1,0,0,6,1,3,14,0,0.0641025641025641,0
0,105000.0,0.0,892,121,10,1,31,1,0,0,0,0,0,0,1,0,0,1,1,0,3,1,0,8,0,0.13333333333333333,1
0,105000.0,0.0,879,123,10,1,13,3,0,1,0,0,0,0,0,1,0,1,1,0,7,0,0,8,0,0.045454545454545456,0
0,105000.0,0.0,1044,143,10,1,28,2,0,0,0,0,0,0,1,0,0,1,1,0,4,0,1,16,0,0.06060606060606061,0
1,76750.0,0.3670212765957447,760,98,6,1,28,3,0,0,0,0,0,0,1,0,0,1,1,0,5,0,3,20,0,0.125,1
1,79601.6,0.24409268180775406,879,122,10,1,32,2,0,0,0,1,0,0,0,0,0,1,0,0,4,0,0,19,0,0.13114754098360656,1
0,105000.0,0.0,1104,146,11,1,22,1,0,0,0,0,0,1,0,1,0,0,1,0,4,1,4,2,0,0.08527131782945736,0
0,105000.0,0.0,1313,173,11,1,22,4,0,0,0,0,0,1,0,0,0,1,0,0,6,1,2,2,0,0.11206896551724138,1
0,105000.0,0.0,1122,149,11,1,25,3,1,0,0,0,0,0,0,0,0,1,1,0,7,0,4,1,0,0.06557377049180328,0
1,210750.0,0.23270440251572327,804,115,10,1,18,3,1,0,0,0,0,0,0,0,1,0,1,0,3,0,2,8,0,0.041666666666666664,0
1,151250.0,0.2714285714285714,722,96,6,1,14,3,0,0,1,0,0,0,0,1,1,0,1,0,6,0,5,20,1,0.11666666666666667,1
1,63000.0,0.2972972972972973,743,96,6,1,28,2,0,0,0,0,0,0,1,0,0,1,0,0,4,0,6,10,1,0.12048192771084337,1
1,175000.0,0.2800982800982801,856,121,10,1,21,4,1,0,0,0,0,0,0,1,1,0,1,0,5,0,6,5,1,0.11627906976744186,1
0,105000.0,0.0,1096,145,11,1,24,3,0,0,0,0,1,0,0,0,1,0,1,0,3,1,5,13,1,0.022857142857142857,0
0,105000.0,0.0,699,94,6,1,14,1,0,0,0,0,1,0,0,0,0,0,1,0,4,0,3,14,0,0.0851063829787234,0
1,214500.0,0.2976190476190476,1293,169,11,1,32,5,0,0,0,1,0,0,0,0,0,1,1,0,5,1,0,9,0,0.029411764705882353,0
1,94000.0,0.24299065420560748,1099,147,11,1,14,4,0,0,0,0,1,0,0,0,0,1,1,0,4,0,6,17,1,0.10909090909090909,1
1,108000.0,0.2074688796680498,1100,147,11,1,14,2,0,0,0,0,1,0,0,1,1,0,1,0,5,1,1,11,0,0.09863013698630137,0
1,184750.0,0.25295508274231676,1279,169,11,1,14,3,0,0,1,0,0,0,0,0,1,0,0,0,5,1,5,16,1,0.05106382978723404,0
0,105000.0,0.0,686,89,6,1,22,3,0,0,0,0,0,1,0,1,0,0,0,0,3,0,4,8,0,0.13043478260869565,1
1,190500.0,0.18571428571428572,663,90,6,1,17,3,1,0,0,0,0,0,0,0,1,0,0,0,4,0,4,7,0,0.13333333333333333,1
0,105000.0,0.0,1065,145,10,1,24,4,0,0,0,0,0,0,1,0,1,0,1,0,5,0,2,1,0,0.04081632653061224,0
1,95500.0,0.2636363636363636,1111,148,11,1,15,2,0,0,1,0,0,0,0,0,0,0,1,0,5,1,2,10,0,0.16831683168316833,1
1,154500.0,0.2785515320334262,732,100,6,1,24,4,0,0,0,0,1,0,0,0,0,0,1,0,5,0,4,16,0,0.02912621359223301,0
1,57990.4,0.2550860719874804,869,119,10,1,28,1,0,0,0,0,0,0,1,0,1,0,1,0,3,0,3,16,0,0.1875,1
0,105000.0,0.0,875,118,6,1,17,3,0,1,0,0,0,0,0,0,0,1,0,0,7,0,4,2,0,0.05829596412556054,0
0,105000.0,0.0,847,113,6,1,22,4,0,0,0,0,0,1,0,1,0,0,0,1,4,0,4,17,0,0.06866952789699571,0
0,105000.0,0.0,1130,148,11,1,33,4,1,0,0,0,0,0,0,1,0,1,1,0,7,0,6,10,1,0.07092198581560284,0
1,108500.0,0.38661710037174724,710,94,6,1,13,1,0,1,0,0,0,0,0,0,0,1,1,0,7,1,5,0,1,0.10033444816053512,0
1,71250.0,0.20754716981132076,1144,151,11,1,24,1,0,0,0,0,1,0,0,0,0,1,1,0,7,1,2,5,0,0.07006369426751592,0
1,86750.0,0.19270833333333334,984,137,10,1,14,1,0,1,0,0,0,0,0,1,0,1,1,0,4,0,2,11,0,0.24390243902439024,1
0,105000.0,0.0,890,121,10,1,28,1,0,0,0,0,0,0,1,1,1,0,1,0,4,1,4,23,0,0.15609756097560976,1
0,105000.0,0.0,918,128,10,1,18,3,0,0,0,0,1,0,0,0,1,0,1,0,7,1,4,1,0,0.06474820143884892,0
0,105000.0,0.0,822,114,6,1,21,4,1,0,0,0,0,0,0,0,0,1,1,0,5,0,0,20,0,0.16666666666666666,1
1,87984.0,0.26674861708666264,879,114,6,1,31,3,0,0,0,0,0,0,1,0,1,0,0,0,4,0,5,16,1,0.16037735849056603,1
1,118500.0,0.27636363636363637,673,90,6,1,22,4,0,0,0,0,0,1,0,0,1,0,1,0,3,0,0,14,0,0.12903225806451613,1
0,105000.0,0.0,912,126,10,1,19,4,0,0,0,0,0,1,0,1,1,0,1,0,6,1,3,10,0,0.03571428571428571,0
1,79250.0,0.2956989247311828,1113,147,11,1,19,4,1,0,0,0,0,0,0,0,0,0,1,0,4,0,0,20,0,0.11320754716981132,1
0,105000.0,0.0,1264,166,11,1,28,1,0,0,0,0,0,0,1,1,0,1,1,0,3,0,3,12,0,0.16666666666666666,1
0,105000.0,0.0,1106,146,11,1,13,3,0,0,0,1,0,0,0,1,0,1,1,0,4,1,4,18,0,0.05476673427991886,0
0,105000.0,0.0,874,120,10,1,28,1,0,0,0,0,0,0,1,1,1,0,1,0,3,0,3,22,0,0.14893617021276595,1
0,105000.0,0.0,722,98,6,1,19,1,0,0,0,0,0,1,0,1,0,1,1,0,5,0,5,0,1,0.19117647058823528,1
1,62500.0,0.2638888888888889,878,120,10,1,24,2,0,0,0,0,0,0,1,0,1,0,0,0,4,0,4,22,0,0.26595744680851063,1
1,96500.0,0.329004329004329,1310,174,11,1,17,5,0,0,0,1,0,0,0,0,0,1,1,0,6,0,0,20,0,0.15517241379310345,1
1,154750.0,0.3041095890410959,909,122,10,1,23,3,0,1,0,0,0,0,0,0,0,0,0,0,7,0,5,23,1,0.0,0
1,64250.0,0.25170068027210885,913,121,6,1,28,2,0,0,0,0,0,0,1,0,1,0,1,0,4,0,0,19,0,0.15789473684210525,1
0,105000.0,0.0,701,92,6,1,28,3,0,0,0,1,0,0,0,0,0,1,1,0,3,0,4,23,0,0.06896551724137931,0
1,112250.0,0.24609375,1235,165,11,1,18,2,1,0,0,0,0,0,0,0,0,1,1,0,4,0,1,6,0,0.10810810810810811,1
1,121500.0,0.19330855018587362,814,114,10,1,14,2,0,1,0,0,0,0,0,1,0,1,1,0,3,0,3,12,0,0.2413793103448276,1
0,105000.0,0.0,1111,146,11,1,29,3,0,0,1,0,0,0,0,0,0,1,1,0,4,1,4,3,0,0.10909090909090909,1
0,105000.0,0.0,1103,146,11,1,17,1,1,0,0,0,0,0,0,0,0,1,0,0,5,0,4,10,0,0.1,0
0,105000.0,0.0,873,116,6,1,20,2,0,0,0,0,0,1,0,0,0,1,0,0,5,0,2,6,0,0.15,1
0,105000.0,0.0,1279,168,11,1,35,5,0,0,0,1,0,0,0,0,1,0,0,0,4,0,5,15,1,0.0,0
1,88250.0,0.24378109452736318,912,122,10,1,31,3,0,0,0,0,0,0,1,1,1,0,1,0,4,0,6,19,1,0.06,0
1,132750.0,0.2532894736842105,711,96,6,1,19,4,0,0,0,0,0,1,0,0,0,1,1,0,4,1,5,19,1,0.05747126436781609,0
1,104750.0,0.3946360153256705,718,98,6,1,12,2,0,1,0,0,0,0,0,0,0,0,1,0,7,1,2,6,0,0.13953488372093023,1
1,116209.59999999999,0.2900214263850628,1127,147,11,1,14,2,0,1,0,0,0,0,0,1,0,1,1,0,6,0,4,1,0,0.10909090909090909,1
1,63250.0,0.3885350318471338,1295,171,11,1,29,1,0,0,1,0,0,0,0,1,0,1,0,1,4,0,0,11,0,0.3333333333333333,1
1,104250.0,0.3048780487804878,924,125,10,1,22,3,0,0,0,0,0,1,0,0,1,0,1,0,6,0,5,5,1,0.11475409836065574,1
0,105000.0,0.0,1093,144,11,1,33,4,1,0,0,0,0,0,0,0,1,0,1,0,3,1,6,22,1,0.04716981132075472,0
1,173250.0,0.2718204488778055,789,110,6,1,19,3,1,0,0,0,0,0,0,0,0,1,0,1,3,1,6,17,1,0.056657223796033995,0
1,91500.0,0.3876651982378855,871,113,6,1,28,3,0,0,0,0,0,0,1,1,1,0,0,0,3,0,2,17,0,0.2708333333333333,1
1,59500.0,0.3,1148,152,11,1,24,1,0,0,0,0,1,0,0,0,0,1,1,0,7,0,3,11,0,0.12244897959183673,1
1,67750.0,0.25161290322580643,911,127,10,1,24,1,0,0,0,0,1,0,0,0,0,0,1,0,6,1,0,5,0,0.14285714285714285,1
0,105000.0,0.0,1148,150,11,1,28,1,0,0,0,1,0,0,0,0,0,1,1,0,6,0,4,12,0,0.10256410256410256,0
0,105000.0,0.0,1260,166,11,1,14,3,0,0,1,0,0,0,0,0,0,1,1,0,4,0,5,4,1,0.08955223880597014,0
0,105000.0,0.0,1103,145,11,1,18,3,0,1,0,0,0,0,0,0,0,1,1,0,4,0,6,3,1,0.038461538461538464,0
1,158750.0,0.20113314447592068,697,94,6,1,14,3,0,0,1,0,0,0,0,0,1,0,1,0,5,0,2,8,0,0.0625,0
0,105000.0,0.0,999,140,10,1,18,1,1,0,0,0,0,0,0,0,0,1,1,0,6,0,0,10,0,0.08962264150943396,0
1,152500.0,0.3989501312335958,734,98,6,1,21,4,1,0,0,0,0,0,0,0,0,1,1,0,7,1,6,15,1,0.12457912457912458,1
0,105000.0,0.0,680,90,6,1,18,1,0,0,1,0,0,0,0,0,0,1,1,0,3,0,1,2,0,0.18518518518518517,1
0,105000.0,0.0,863,112,6,1,24,4,0,0,0,0,0,0,1,0,0,1,1,0,4,1,6,11,1,0.059322033898305086,0
1,112000.0,0.38267148014440433,847,116,6,1,33,2,1,0,0,0,0,0,0,0,0,1,1,0,5,0,4,22,0,0.052083333333333336,0
0,105000.0,0.0,743,97,6,1,31,4,0,0,0,0,0,0,1,1,1,0,1,0,4,0,3,12,0,0.05970149253731343,0
0,105000.0,0.0,690,91,6,1,22,0,0,0,0,0,0,1,0,0,1,0,1,0,3,1,5,22,1,0.10675381263616558,0
0,105000.0,0.0,916,122,10,1,31,3,0,0,0,0,0,0,1,0,0,0,1,0,4,1,0,22,0,0.06976744186046512,0
1,82908.8,0.30512438868807146,922,124,10,1,28,3,0,0,0,0,0,0,1,1,0,0,1,0,5,0,5,22,1,0.08888888888888889,0
1,164250.0,0.3367088607594937,761,100,6,1,22,4,0,0,0,0,0,1,0,0,0,0,0,0,6,1,2,15,0,0.03636363636363636,0
0,105000.0,0.0,887,117,6,1,19,3,0,0,0,0,0,1,0,1,0,0,0,0,6,1,6,4,1,0.08571428571428572,0
1,200000.0,0.3838383838383838,1012,143,10,1,14,4,0,0,0,0,1,0,0,0,1,0,1,0,3,0,5,15,1,0.09523809523809523,0
0,105000.0,0.0,856,119,10,1,18,0,0,0,1,0,0,0,0,1,1,0,0,0,3,0,6,5,1,0.2032520325203252,1
1,59500.0,0.2753623188405797,1139,148,11,1,28,2,0,0,0,0,0,0,1,1,0,0,0,0,5,0,6,22,1,0.24,1
1,287000.0,0.1892744479495268,726,97,6,1,25,4,1,0,0,0,0,0,0,1,1,0,1,0,7,0,0,4,0,0.024390243902439025,0
1,151250.0,0.3604336043360434,1278,167,11,1,25,3,0,1,0,0,0,0,0,0,0,0,1,0,5,0,6,6,1,0.175,1
0,105000.0,0.0,1114,146,11,1,22,4,0,0,0,0,0,1,0,1,0,0,0,1,4,0,6,18,1,0.0891089108910891,0
1,324500.0,0.27393617021276595,782,105,6,1,25,1,0,0,1,0,0,0,0,1,1,0,1,0,7,1,1,0,0,0.0297029702970297,0
1,180000.0,0.3018867924528302,1107,152,10,1,32,3,0,0,1,0,0,0,0,0,1,0,1,0,7,0,2,18,0,0.1016949152542373,0
0,105000.0,0.0,1284,171,11,1,14,2,0,0,0,0,1,0,0,0,0,1,1,0,7,0,3,3,0,0.041666666666666664,0
1,138250.0,0.271875,871,121,10,1,15,2,1,0,0,0,0,0,0,1,0,1,1,0,6,1,5,3,1,0.1125,1
1,110250.0,0.2145748987854251,864,119,10,1,18,1,0,1,0,0,0,0,0,0,0,1,1,0,5,0,4,2,0,0.1188118811881188,1
1,87750.0,0.28780487804878047,858,121,10,1,32,3,0,0,1,0,0,0,0,1,0,0,1,0,3,1,2,16,0,0.075,0
1,105000.0,0.25,894,127,10,1,24,3,0,0,0,0,1,0,0,0,0,1,1,0,5,0,4,16,0,0.05714285714285714,0
1,306000.0,0.26136363636363635,1239,164,11,1,17,3,0,1,0,0,0,0,0,1,0,1,1,0,3,1,0,17,0,0.056179775280898875,0
0,105000.0,0.0,1272,167,11,1,22,3,0,0,0,0,0,1,0,0,1,0,1,0,4,1,0,22,0,0.023809523809523808,0
1,127000.0,0.22996515679442509,873,121,10,1,25,4,0,0,0,1,0,0,0,1,0,1,0,0,4,0,6,12,1,0.2,1
1,48500.0,0.3559322033898305,1254,164,11,1,28,1,0,0,0,0,0,0,1,0,0,1,1,0,3,0,1,3,0,0.1953125,1
1,144250.0,0.34195402298850575,1266,168,11,1,13,4,0,0,0,1,0,0,0,1,0,1,0,0,4,0,6,10,1,0.06060606060606061,0
1,110500.0,0.2801556420233463,888,123,10,1,16,2,0,0,1,0,0,0,0,1,0,1,1,0,5,0,1,6,0,0.08888888888888889,0
0,105000.0,0.0,1117,147,11,1,22,4,0,0,0,0,0,1,0,1,1,0,1,0,4,1,6,0,1,0.10328638497652583,0
1,105123.2,0.26769494430162816,830,108,6,1,23,2,0,1,0,0,0,0,0,0,0,0,1,0,4,0,2,6,0,0.11290322580645161,1
0,105000.0,0.0,897,120,6,1,32,3,0,0,1,0,0,0,0,1,0,1,1,0,5,0,3,1,0,0.025974025974025976,0
1,73250.0,0.20245398773006135,870,123,10,1,14,0,0,0,1,0,0,0,0,0,1,0,1,0,5,0,5,10,1,0.12698412698412698,1
0,105000.0,0.0,1021,143,10,1,24,3,1,0,0,0,0,0,0,0,1,0,1,0,6,0,0,3,0,0.05172413793103448,0
1,127750.0,0.35161290322580646,712,96,6,1,21,4,1,0,0,0,0,0,0,0,1,0,1,0,7,1,4,21,0,0.15350877192982457,1
0,105000.0,0.0,1276,168,11,1,17,3,0,1,0,0,0,0,0,0,1,0,1,0,7,1,2,3,0,0.06944444444444445,0
1,53500.0,0.328125,856,122,10,1,18,0,0,0,0,0,1,0,0,0,1,0,0,1,5,0,3,9,0,0.10714285714285714,1
0,105000.0,0.0,1131,149,11,1,29,2,0,0,1,0,0,0,0,1,0,0,1,0,5,0,1,14,0,0.04,0
1,56250.0,0.3082706766917293,898,122,6,1,14,1,0,0,0,0,1,0,0,0,0,1,1,0,7,0,3,10,0,0.02564102564102564,0
1,87000.0,0.22448979591836735,1265,166,11,1,25,1,1,0,0,0,0,0,0,0,0,0,1,0,5,0,0,0,0,0.13559322033898305,1
0,105000.0,0.0,1270,166,11,1,24,1,0,0,0,0,0,0,1,0,1,0,1,0,4,0,2,15,0,0.07142857142857142,0
1,154148.8,0.37915573053368323,1084,143,11,1,18,2,1,0,0,0,0,0,0,1,1,0,1,0,3,1,1,17,0,0.12345679012345678,1
0,105000.0,0.0,665,89,6,1,21,4,1,0,0,0,0,0,0,0,1,0,1,0,3,1,4,2,0,0.03278688524590164,0
0,105000.0,0.0,714,93,6,1,25,3,0,1,0,0,0,0,0,0,1,0,1,0,5,0,1,6,0,0.04743083003952569,0
0,105000.0,0.0,911,123,6,1,16,1,0,0,1,0,0,0,0,0,1,0,1,0,6,1,2,18,0,0.038461538461538464,0
0,105000.0,0.0,1123,146,11,1,28,1,0,0,0,0,0,0,1,0,1,0,0,0,4,1,6,15,1,0.11363636363636363,1
0,105000.0,0.0,910,125,10,1,18,2,0,0,1,0,0,0,0,0,0,1,1,0,6,0,6,0,1,0.09090909090909091,0
1,83000.0,0.32323232323232326,1158,152,11,1,35,5,0,0,0,1,0,0,0,0,0,0,1,0,6,0,4,6,0,0.10526315789473684,0
1,86750.0,0.37089201877934275,1284,168,11,1,24,3,0,0,0,0,0,0,1,0,0,1,0,1,5,0,6,4,1,0.04081632653061224,0
0,105000.0,0.0,744,98,6,1,32,3,0,0,1,0,0,0,0,0,0,1,1,0,5,0,3,12,0,0.09523809523809523,0
1,216500.0,0.26452905811623245,879,121,10,1,14,3,0,1,0,0,0,0,0,0,1,0,0,1,6,1,3,12,0,0.09036144578313253,0
1,82000.0,0.30927835051546393,863,112,6,1,20,2,0,0,0,0,0,1,0,1,1,0,1,0,5,1,4,8,0,0.17142857142857143,1
1,123500.0,0.38562091503267976,1260,168,11,1,21,4,1,0,0,0,0,0,0,0,0,0,1,0,3,0,1,16,0,0.08,0
0,105000.0,0.0,1096,145,11,1,24,4,0,0,0,0,1,0,0,0,0,1,1,0,3,0,5,4,1,0.0,0
1,77500.0,0.35106382978723405,1111,147,11,1,19,2,0,0,0,0,0,1,0,1,0,0,0,0,4,0,0,3,0,0.1724137931034483,1
0,105000.0,0.0,718,94,6,1,25,4,0,0,0,1,0,0,0,0,1,0,1,0,4,0,0,5,0,0.04938271604938271,0
1,62500.0,0.35526315789473684,908,120,6,1,32,1,0,0,0,1,0,0,0,0,0,1,1,0,4,1,4,12,0,0.0953757225433526,0
0,105000.0,0.0,690,88,6,1,28,3,0,0,0,0,0,0,1,0,0,1,1,0,3,0,1,6,0,0.12903225806451613,1
1,70750.0,0.2422360248447205,1104,147,11,1,32,3,0,0,1,0,0,0,0,1,0,0,0,0,3,1,5,23,1,0.15384615384615385,1
1,167750.0,0.2794871794871795,1261,166,11,1,14,4,0,0,0,0,1,0,0,1,0,1,1,0,4,0,3,3,0,0.11627906976744186,1
1,108250.0,0.3843283582089552,1127,148,11,1,32,3,0,0,0,1,0,0,0,0,0,1,1,0,4,0,0,15,0,0.15384615384615385,1
1,143750.0,0.29376854599406527,892,122,10,1,28,3,0,0,0,1,0,0,0,0,1,0,1,0,4,1,6,15,1,0.06132075471698113,0
1,53250.0,0.28225806451612906,896,118,6,1,24,2,0,0,0,0,0,0,1,0,0,1,1,0,4,1,3,5,0,0.24489795918367346,1
0,105000.0,0.0,1264,167,11,1,28,0,0,0,0,1,0,0,0,1,1,0,0,1,3,0,2,0,0,0.06818181818181818,0
1,104500.0,0.24369747899159663,1291,172,11,1,24,3,0,0,0,0,1,0,0,0,0,0,0,0,7,0,1,2,0,0.056338028169014086,0
1,106000.0,0.33725490196078434,1107,147,11,1,21,4,1,0,0,0,0,0,0,0,0,1,1,0,5,0,3,12,0,0.18478260869565216,1
0,105000.0,0.0,1065,144,10,1,18,0,0,0,1,0,0,0,0,0,0,1,1,0,6,1,0,10,0,0.16279069767441862,1
0,105000.0,0.0,1015,142,10,1,25,1,1,0,0,0,0,0,0,0,1,0,0,1,4,0,2,6,0,0.023809523809523808,0
1,260250.0,0.20517241379310344,826,117,10,1,25,1,1,0,0,0,0,0,0,0,1,0,1,0,3,0,4,9,0,0.06338028169014084,0
1,67000.0,0.36585365853658536,831,115,10,1,22,1,0,0,0,0,0,1,0,0,0,1,1,0,3,1,2,14,0,0.10526315789473684,0
0,105000.0,0.0,938,128,10,1,32,3,0,0,1,0,0,0,0,1,0,0,1,0,6,0,6,1,1,0.1111111111111111,1
1,172500.0,0.23076923076923078,1259,167,11,1,33,3,1,0,0,0,0,0,0,1,0,1,1,0,5,0,5,10,1,0.15384615384615385,1
1,137000.0,0.31901840490797545,1274,168,11,1,32,3,0,0,1,0,0,0,0,0,0,0,0,1,4,1,5,5,1,0.0625,0
0,105000.0,0.0,816,115,10,1,18,2,0,1,0,0,0,0,0,1,0,1,1,0,3,0,5,16,1,0.1079136690647482,1
1,56500.0,0.3382352941176471,1146,149,11,1,31,1,0,0,0,0,0,0,1,1,1,0,1,0,5,0,1,9,0,0.16326530612244897,1
0,105000.0,0.0,839,119,10,1,21,4,1,0,0,0,0,0,0,0,1,0,1,0,4,1,2,5,0,0.013245033112582781,0
1,142500.0,0.20189274447949526,958,133,10,1,32,3,0,0,1,0,0,0,0,1,0,0,1,0,7,1,1,10,0,0.06315789473684211,0
1,99000.0,0.23214285714285715,918,124,10,1,22,3,0,0,0,0,0,1,0,0,0,1,1,0,6,1,2,16,0,0.056818181818181816,0
1,109500.0,0.26877470355731226,1134,150,11,1,24,3,0,0,0,0,1,0,0,0,0,1,1,0,6,1,1,5,0,0.06302521008403361,0
1,119500.0,0.22962962962962963,831,115,10,1,17,1,1,0,0,0,0,0,0,0,1,0,1,0,3,0,5,4,1,0.12612612612612611,1
0,105000.0,0.0,1022,140,10,1,18,2,0,1,0,0,0,0,0,1,0,1,1,0,6,0,1,14,0,0.20588235294117646,1
1,166000.0,0.3844282238442822,908,126,6,1,19,4,1,0,0,0,0,0,0,0,0,0,1,0,6,1,3,0,0,0.023952095808383235,0
1,134250.0,0.3166144200626959,1281,168,11,1,18,4,0,0,1,0,0,0,0,0,0,0,0,0,6,1,4,23,0,0.03225806451612903,0
1,90500.0,0.22549019607843138,672,92,6,1,19,3,0,0,0,0,0,1,0,0,0,1,0,0,3,1,3,1,0,0.11661807580174927,1
1,70750.0,0.28484848484848485,1061,144,10,1,20,1,0,0,0,0,0,1,0,0,1,0,0,0,6,0,6,22,1,0.17857142857142858,1
1,95250.0,0.2361111111111111,823,114,6,1,25,1,1,0,0,0,0,0,0,0,0,1,1,0,3,1,1,8,0,0.07207207207207207,0
1,76000.0,0.26285714285714284,1028,139,10,1,22,2,0,0,0,0,0,1,0,1,0,0,1,0,4,1,2,9,0,0.14485981308411214,1
0,105000.0,0.0,1296,171,11,1,32,3,0,0,1,0,0,0,0,0,1,0,1,0,6,1,3,7,0,0.11818181818181818,1
1,192500.0,0.30022075055187636,947,131,10,1,25,1,0,0,1,0,0,0,0,0,0,1,1,0,7,0,1,11,0,0.04225352112676056,0
1,226000.0,0.37410071942446044,1124,149,11,1,33,3,1,0,0,0,0,0,0,0,1,0,0,0,7,1,5,13,1,0.08333333333333333,0
1,90250.0,0.2560386473429952,1106,146,11,1,13,2,0,0,0,1,0,0,0,1,0,0,1,0,3,1,5,3,1,0.1485148514851485,1
0,105000.0,0.0,907,127,10,1,26,4,0,0,0,0,1,0,0,1,0,0,1,0,5,0,5,6,1,0.09302325581395349,0
1,138250.0,0.3541666666666667,1272,170,11,1,17,1,1,0,0,0,0,0,0,0,1,0,1,0,5,0,4,9,0,0.1,0
0,105000.0,0.0,1018,143,10,1,25,1,1,0,0,0,0,0,0,1,1,0,1,0,4,0,4,2,0,0.2,1
0,105000.0,0.0,898,125,10,1,14,2,0,0,1,0,0,0,0,1,0,1,0,1,6,0,6,7,1,0.03731343283582089,0
1,60250.0,0.22794117647058823,816,116,10,1,12,0,0,1,0,0,0,0,0,0,0,1,1,0,4,0,5,1,1,0.11666666666666667,1
1,58572.8,0.3483870967741936,874,123,10,1,17,5,0,0,0,1,0,0,0,1,0,1,1,0,5,1,5,22,1,0.16216216216216217,1
1,210250.0,0.22573839662447256,1098,144,11,1,21,4,0,1,0,0,0,0,0,0,0,0,1,0,3,0,6,23,1,0.03636363636363636,0
0,105000.0,0.0,708,92,6,1,31,2,0,0,0,0,0,0,1,1,1,0,1,0,3,0,2,13,0,0.15217391304347827,1
1,127000.0,0.2895622895622896,759,97,6,1,22,3,0,0,0,0,0,1,0,0,1,0,1,0,6,0,2,14,0,0.05,0
1,78750.0,0.3507853403141361,745,96,6,1,24,3,0,0,0,0,0,0,1,0,0,1,1,0,5,0,2,6,0,0.10204081632653061,0
1,113250.0,0.20948616600790515,906,126,10,1,24,3,0,0,0,0,1,0,0,0,0,1,1,0,6,0,1,8,0,0.05952380952380952,0
1,166587.2,0.30209879160483355,1245,165,11,1,18,3,1,0,0,0,0,0,0,1,0,1,0,0,5,0,1,17,0,0.1346153846153846,1
1,154750.0,0.2005813953488372,839,112,6,1,18,3,0,1,0,0,0,0,0,0,0,1,1,0,3,0,5,1,1,0.07317073170731707,0
1,124750.0,0.37987012987012986,681,92,6,1,17,3,0,1,0,0,0,0,0,1,1,0,0,1,5,1,0,21,0,0.16666666666666666,1
0,105000.0,0.0,881,121,10,1,17,5,0,0,0,1,0,0,0,1,0,1,1,0,4,0,4,21,0,0.0,0
1,133750.0,0.30158730158730157,994,139,10,1,15,3,0,0,1,0,0,0,0,0,0,0,1,0,3,0,1,10,0,0.11475409836065574,1
1,160000.0,0.2702702702702703,918,126,10,1,22,4,0,0,0,0,0,1,0,1,0,1,1,0,6,0,3,10,0,0.024390243902439025,0
0,105000.0,0.0,1142,151,11,1,25,1,0,0,1,0,0,0,0,0,1,0,1,0,6,0,4,20,0,0.04081632653061224,0
1,66250.0,0.31210191082802546,924,129,10,1,15,0,0,0,1,0,0,0,0,0,0,1,0,0,7,1,1,23,0,0.1377551020408163,1
1,196250.0,0.18287037037037038,899,123,6,1,19,4,1,0,0,0,0,0,0,1,0,0,0,1,5,0,1,12,0,0.06779661016949153,0
0,105000.0,0.0,1119,146,11,1,24,3,0,0,0,0,0,0,1,1,0,0,0,1,4,1,6,13,1,0.08695652173913043,0
1,144750.0,0.22935779816513763,704,94,6,1,18,4,0,0,1,0,0,0,0,1,0,1,1,0,5,0,0,6,0,0.027777777777777776,0
0,105000.0,0.0,877,121,10,1,14,2,0,0,0,0,1,0,0,0,1,0,1,0,5,0,6,23,1,0.12371134020618557,1
0,105000.0,0.0,818,117,10,1,15,2,1,0,0,0,0,0,0,0,1,0,1,0,4,0,3,8,0,0.11475409836065574,1
1,27250.0,0.373134328358209,868,112,6,1,28,0,0,0,0,0,0,0,1,0,0,0,1,0,4,1,5,12,1,0.1896551724137931,1
1,99250.0,0.21973094170403587,704,94,6,1,25,1,0,0,1,0,0,0,0,1,0,1,1,0,3,0,4,14,0,0.19444444444444445,1
1,221750.0,0.2709551656920078,1126,148,11,1,18,5,0,0,1,0,0,0,0,0,1,0,1,0,5,0,0,9,0,0.17142857142857143,1
1,95250.0,0.3141592920353982,1089,145,11,1,14,1,0,1,0,0,0,0,0,0,0,0,0,0,4,1,4,21,0,0.14027149321266968,1
1,29750.0,0.25,908,116,6,1,28,0,0,0,0,0,0,0,1,0,0,0,1,0,5,0,1,15,0,0.10526315789473684,0
0,105000.0,0.0,754,98,6,1,20,2,0,0,0,0,0,1,0,0,1,0,1,0,6,0,4,13,0,0.13513513513513514,1
1,174500.0,0.3459715639810427,1120,147,11,1,14,4,0,0,1,0,0,0,0,1,0,0,1,0,5,1,5,0,1,0.05656108597285068,0
1,103500.0,0.3700787401574803,880,121,10,1,24,4,0,0,0,0,0,0,1,0,0,1,1,0,4,0,4,11,0,0.09944751381215469,0
1,28204.8,0.3692122669873722,718,92,6,1,28,0,0,0,0,0,0,0,1,0,0,0,1,0,3,0,0,8,0,0.24444444444444444,1
1,89000.0,0.3127962085308057,914,126,10,1,17,5,0,0,0,1,0,0,0,0,1,0,0,1,6,0,2,15,0,0.08333333333333333,0
0,105000.0,0.0,1282,170,11,1,19,4,0,0,0,0,0,1,0,0,1,0,0,1,6,0,6,15,1,0.0,0
0,105000.0,0.0,926,125,10,1,28,2,0,0,0,0,0,0,1,0,0,1,1,0,5,0,0,6,0,0.06451612903225806,0
1,56500.0,0.32592592592592595,718,94,6,1,29,1,0,0,1,0,0,0,0,1,0,1,1,0,4,1,2,12,0,0.2229299363057325,1
1,104000.0,0.26666666666666666,1267,168,11,1,13,3,0,0,0,1,0,0,0,0,0,1,1,0,4,0,1,3,0,0.03773584905660377,0
1,48250.0,0.3504273504273504,858,119,10,1,29,1,0,0,1,0,0,0,0,0,0,1,1,0,3,0,6,20,1,0.0851063829787234,0
1,98500.0,0.32340425531914896,1002,140,10,1,12,1,0,1,0,0,0,0,0,0,0,1,1,0,4,0,4,6,0,0.15625,1
0,105000.0,0.0,1304,171,11,1,35,5,0,0,0,1,0,0,0,0,1,0,1,0,6,0,5,9,1,0.1509433962264151,1
1,84250.0,0.2893401015228426,768,102,6,1,26,4,0,0,0,0,1,0,0,0,1,0,1,0,7,0,3,8,0,0.13580246913580246,1
0,105000.0,0.0,807,109,6,1,17,5,0,0,0,1,0,0,0,1,0,0,0,1,3,0,6,23,1,0.03773584905660377,0
1,79000.0,0.1839080459770115,1139,148,11,1,28,3,0,0,0,0,0,0,1,1,0,1,1,0,5,0,4,10,0,0.06666666666666667,0
0,105000.0,0.0,704,96,6,1,24,3,0,0,0,0,1,0,0,0,0,1,1,0,5,1,5,17,1,0.05693950177935943,0
1,84750.0,0.37799043062200954,759,100,6,1,32,3,0,0,1,0,0,0,0,0,0,0,1,0,6,0,3,7,0,0.044444444444444446,0
0,105000.0,0.0,824,117,10,1,24,3,1,0,0,0,0,0,0,0,1,0,1,0,3,1,1,10,0,0.021739130434782608,0
1,103500.0,0.30327868852459017,1125,150,11,1,14,4,0,0,0,0,1,0,0,0,0,0,0,1,6,0,0,14,0,0.10584958217270195,0
1,120000.0,0.208955223880597,1117,147,11,1,17,2,1,0,0,0,0,0,0,0,0,0,0,0,7,0,1,6,0,0.07462686567164178,0
0,105000.0,0.0,743,100,6,1,32,3,0,0,1,0,0,0,0,0,0,1,0,0,5,1,4,8,0,0.058823529411764705,0
0,105000.0,0.0,1095,145,11,1,24,0,0,0,0,0,1,0,0,0,0,0,1,0,3,1,4,3,0,0.014492753623188406,0
1,39750.0,0.34375,875,116,6,1,28,1,0,0,0,0,0,0,1,0,0,1,1,0,4,0,5,0,1,0.0,0
1,119250.0,0.302491103202847,1316,174,11,1,25,4,0,0,0,1,0,0,0,1,0,1,0,0,6,1,6,9,1,0.041666666666666664,0
1,78250.0,0.25139664804469275,877,120,10,1,13,0,0,1,0,0,0,0,0,1,0,0,1,0,6,1,4,18,0,0.12195121951219512,1
1,44000.0,0.37037037037037035,822,114,10,1,17,5,0,0,0,1,0,0,0,1,0,1,1,0,3,0,1,20,0,0.11538461538461539,1
1,91750.0,0.36160714285714285,1131,147,11,1,22,3,0,0,0,0,0,1,0,1,0,1,1,0,5,1,6,4,1,0.14782608695652175,1
1,62750.0,0.38064516129032255,863,114,6,1,33,0,1,0,0,0,0,0,0,0,0,1,1,0,4,0,1,20,0,0.10126582278481013,0
0,105000.0,0.0,863,110,6,1,31,1,0,0,0,0,0,0,1,0,0,1,1,0,3,0,3,14,0,0.09574468085106383,0
1,99750.0,0.21875,752,95,6,1,20,3,0,0,0,0,0,1,0,1,0,0,0,1,6,0,6,3,1,0.1657754010695187,1
0,105000.0,0.0,1119,149,11,1,24,3,1,0,0,0,0,0,0,0,0,0,1,0,7,0,2,5,0,0.045454545454545456,0
1,105000.0,0.2786885245901639,1113,146,11,1,20,3,0,0,0,0,0,1,0,1,0,1,1,0,4,0,3,21,0,0.18354430379746836,1
1,114250.0,0.3908450704225352,864,118,6,1,25,1,1,0,0,0,0,0,0,0,0,1,1,0,5,0,5,17,1,0.15294117647058825,1
1,93000.0,0.32432432432432434,701,93,6,1,28,3,0,0,0,0,0,0,1,0,1,0,1,0,3,0,2,10,0,0.1415525114155251,1
0,105000.0,0.0,1103,145,11,1,14,2,0,0,1,0,0,0,0,0,0,1,1,0,4,0,3,13,0,0.053763440860215055,0
0,105000.0,0.0,1238,164,11,1,15,3,0,0,1,0,0,0,0,1,0,0,1,0,3,1,4,10,0,0.061452513966480445,0
1,148324.80000000002,0.3191514437242191,1288,171,11,1,18,3,1,0,0,0,0,0,0,0,0,0,1,0,7,0,5,9,1,0.10526315789473684,0
1,125000.0,0.27586206896551724,1131,156,10,1,32,3,0,0,1,0,0,0,0,0,0,1,0,1,7,0,6,22,1,0.0821917808219178,0
1,121118.4,0.32993977631201604,1152,151,11,1,35,5,0,0,0,1,0,0,0,0,1,0,1,0,5,0,0,22,0,0.1,0
1,146250.0,0.3884297520661157,1122,147,11,1,33,4,1,0,0,0,0,0,0,0,0,1,1,0,6,0,6,23,1,0.06382978723404255,0
1,149500.0,0.3837837837837838,1029,142,10,1,18,3,1,0,0,0,0,0,0,0,0,0,1,0,7,0,0,21,0,0.07792207792207792,0
1,84750.0,0.38571428571428573,1115,148,11,1,14,4,0,0,0,0,1,0,0,0,1,0,1,0,5,1,0,6,0,0.05909090909090909,0
0,105000.0,0.0,1052,143,10,1,32,4,0,0,0,1,0,0,0,1,1,0,1,0,4,0,6,18,1,0.015625,0
0,105000.0,0.0,1282,168,11,1,24,3,0,0,0,0,0,0,1,0,0,0,1,0,5,1,6,5,1,0.09689922480620156,0
0,105000.0,0.0,1094,145,11,1,13,3,0,0,0,1,0,0,0,0,0,0,0,0,3,0,6,13,1,0.045454545454545456,0
1,73250.0,0.3901098901098901,1101,145,11,1,24,2,0,0,0,0,1,0,0,0,0,1,0,0,3,0,1,19,0,0.13043478260869565,1
0,105000.0,0.0,1311,174,11,1,22,4,0,0,0,0,0,1,0,1,1,0,0,0,6,0,5,0,1,0.19047619047619047,1
1,74000.0,0.3825136612021858,1250,167,11,1,14,1,0,0,0,0,1,0,0,1,0,1,0,1,5,0,6,16,1,0.23529411764705882,1
1,53250.0,0.38636363636363635,1120,148,11,1,24,1,0,0,0,0,0,0,1,1,1,0,1,0,4,0,1,16,0,0.24,1
1,127750.0,0.25,1103,145,11,1,15,2,0,0,1,0,0,0,0,1,1,0,0,0,3,0,4,14,0,0.046511627906976744,0
1,140500.0,0.22151898734177214,973,134,10,1,16,3,0,0,1,0,0,0,0,0,0,1,1,0,3,0,4,19,0,0.025,0
1,99840.0,0.3800202497468781,870,118,6,1,25,4,0,0,0,1,0,0,0,1,0,1,0,0,5,0,3,1,0,0.08045977011494253,0
1,72250.0,0.3854748603351955,1131,148,11,1,29,2,0,0,1,0,0,0,0,0,1,0,0,1,4,0,4,10,0,0.21568627450980393,1
1,149250.0,0.27953890489913547,1129,149,11,1,14,4,0,0,0,0,1,0,0,1,0,1,0,0,6,0,5,3,1,0.046511627906976744,0
1,58500.0,0.27941176470588236,1272,167,11,1,28,1,0,0,0,0,0,0,1,0,1,0,1,0,4,0,5,0,1,0.15,1
1,93000.0,0.2777777777777778,683,90,6,1,28,3,0,0,0,0,0,0,1,0,1,0,1,0,3,0,4,21,0,0.2,1
1,84750.0,0.21578947368421053,854,112,6,1,25,1,0,1,0,0,0,0,0,1,0,1,1,0,5,0,1,2,0,0.16393442622950818,1
0,105000.0,0.0,851,117,10,1,13,2,0,0,0,1,0,0,0,0,0,1,1,0,3,0,6,23,1,0.0,0
1,47632.0,0.2248062015503876,754,96,6,1,28,1,0,0,0,0,0,0,1,0,0,1,1,0,5,0,1,21,0,0.1949685534591195,1
1,112000.0,0.4,935,127,6,1,26,4,0,0,0,0,1,0,0,1,0,0,0,0,7,0,1,4,0,0.168141592920354,1
1,132496.0,0.3864471184293857,835,116,6,1,14,3,0,0,1,0,0,0,0,0,0,1,1,0,4,0,5,18,1,0.06451612903225806,0
0,105000.0,0.0,1122,148,11,1,24,3,0,0,0,0,0,0,1,1,0,1,0,0,4,0,4,6,0,0.0963855421686747,0
0,105000.0,0.0,885,117,6,1,20,1,0,0,0,0,0,1,0,1,0,0,1,0,4,0,3,17,0,0.058823529411764705,0
1,132250.0,0.26557377049180325,1270,168,11,1,18,2,0,1,0,0,0,0,0,0,1,0,1,0,7,0,4,3,0,0.18032786885245902,1
0,105000.0,0.0,1121,148,11,1,24,3,0,0,0,0,1,0,0,0,0,1,1,0,5,0,0,13,0,0.030303030303030304,0
1,130000.0,0.375,704,94,6,1,25,1,1,0,0,0,0,0,0,0,0,1,0,1,5,1,1,14,0,0.1044776119402985,0
0,105000.0,0.0,995,141,10,1,24,3,1,0,0,0,0,0,0,1,0,1,0,0,3,1,4,10,0,0.05084745762711865,0
1,59000.0,0.23880597014925373,1300,172,11,1,24,1,0,0,0,0,0,0,1,0,1,0,1,0,4,0,5,0,1,0.26666666666666666,1
1,150000.0,0.3379501385041551,997,138,10,1,20,4,0,0,0,0,0,1,0,0,0,1,1,0,3,1,0,16,0,0.047619047619047616,0
1,260750.0,0.34444444444444444,668,92,6,1,19,4,1,0,0,0,0,0,0,1,0,1,1,0,4,0,2,6,0,0.08866995073891626,0
0,105000.0,0.0,730,96,6,1,14,3,0,0,1,0,0,0,0,0,0,1,1,0,6,0,6,15,1,0.1,0
1,61750.0,0.22302158273381295,1093,144,11,1,20,2,0,0,0,0,0,1,0,0,0,1,1,0,3,1,4,1,0,0.08196721311475409,0
1,88000.0,0.2995169082125604,699,93,6,1,18,1,0,0,0,0,1,0,0,0,1,0,0,0,4,0,4,8,0,0.0967741935483871,0
1,152755.19999999998,0.37053472376303526,1067,144,10,1,22,4,0,0,0,0,0,1,0,1,0,0,1,0,6,0,4,1,0,0.044444444444444446,0
1,99500.0,0.36885245901639346,873,121,10,1,18,2,1,0,0,0,0,0,0,1,0,0,1,0,6,0,0,19,0,0.18181818181818182,1
1,159750.0,0.2493150684931507,1257,169,11,1,17,3,0,1,0,0,0,0,0,0,0,1,1,0,3,0,6,9,1,0.17647058823529413,1
0,105000.0,0.0,921,118,6,1,31,1,0,0,0,0,0,0,1,0,0,1,1,0,5,0,1,19,0,0.21951219512195122,1
1,171000.0,0.23711340206185566,794,105,6,1,32,3,0,0,1,0,0,0,0,1,0,0,1,0,7,0,5,5,1,0.09090909090909091,0
0,105000.0,0.0,666,88,6,1,21,4,1,0,0,0,0,0,0,0,0,1,1,0,3,0,6,5,1,0.05235602094240838,0
0,105000.0,0.0,884,121,10,1,18,2,0,0,1,0,0,0,0,0,0,0,0,0,5,0,5,1,1,0.15384615384615385,1
1,92750.0,0.3511111111111111,1158,153,11,1,32,3,0,0,1,0,0,0,0,0,0,1,0,0,7,1,4,1,0,0.09216589861751152,0
0,105000.0,0.0,1126,148,11,1,15,3,0,0,1,0,0,0,0,0,0,1,0,1,6,0,1,11,0,0.03773584905660377,0
0,105000.0,0.0,1013,140,10,1,25,4,0,0,0,1,0,0,0,0,1,0,0,0,3,0,2,12,0,0.07692307692307693,0
1,66750.0,0.3719512195121951,726,94,6,1,28,3,0,0,0,0,0,0,1,0,0,0,1,0,4,1,0,9,0,0.10144927536231885,0
0,105000.0,0.0,832,116,10,1,16,1,0,0,1,0,0,0,0,0,0,1,1,0,3,0,5,9,1,0.08695652173913043,0
1,106250.0,0.3840304182509506,1130,148,11,1,22,3,0,0,0,0,0,1,0,1,0,0,1,0,5,1,6,12,1,0.234375,1
1,111750.0,0.24705882352941178,711,94,6,1,25,1,0,1,0,0,0,0,0,0,1,0,1,0,6,0,5,20,1,0.08,0
0,105000.0,0.0,999,141,10,1,18,4,0,0,0,0,1,0,0,0,1,0,1,0,4,0,1,1,0,0.058823529411764705,0
1,161250.0,0.21823204419889503,912,118,6,1,33,4,1,0,0,0,0,0,0,0,0,1,1,0,6,0,3,23,0,0.21428571428571427,1
1,109250.0,0.3754646840148699,1310,174,11,1,24,3,0,0,0,0,1,0,0,1,0,1,1,0,6,1,4,20,0,0.1016949152542373,0
0,105000.0,0.0,1293,170,11,1,28,2,0,0,0,0,0,0,1,1,0,0,1,0,3,0,3,12,0,0.11678832116788321,1
0,105000.0,0.0,895,125,10,1,25,4,0,0,0,1,0,0,0,0,1,0,1,0,5,0,0,22,0,0.09090909090909091,0
0,105000.0,0.0,916,124,10,1,29,2,0,0,1,0,0,0,0,1,0,0,1,0,5,0,4,15,0,0.10638297872340426,0
0,105000.0,0.0,1101,153,10,1,16,2,0,0,1,0,0,0,0,0,0,1,0,1,7,0,1,15,0,0.08108108108108109,0
1,82000.0,0.31794871794871793,1274,168,11,1,28,1,0,0,0,1,0,0,0,1,0,0,0,0,4,0,3,16,0,0.1774193548387097,1
1,210250.0,0.2068230277185501,877,121,10,1,25,3,0,1,0,0,0,0,0,1,1,0,1,0,5,1,5,4,1,0.25,1
1,43000.0,0.3619047619047619,701,92,6,1,24,0,0,0,0,0,0,0,1,1,1,0,1,0,3,0,5,4,1,0.2602739726027397,1
1,132250.0,0.2768729641693811,1040,145,10,1,13,2,0,1,0,0,0,0,0,0,1,0,0,0,6,0,5,15,1,0.09523809523809523,0
0,105000.0,0.0,933,131,10,1,24,2,0,0,0,0,1,0,0,0,1,0,1,0,7,1,6,19,1,0.06030150753768844,0
1,54500.0,0.19834710743801653,818,116,10,1,14,0,0,1,0,0,0,0,0,0,0,0,1,0,4,0,3,8,0,0.13245033112582782,1
1,90000.0,0.3177570093457944,860,118,6,1,25,1,1,0,0,0,0,0,0,0,0,1,1,0,7,0,0,13,0,0.06666666666666667,0
1,297250.0,0.23328380386329867,701,94,6,1,15,5,1,0,0,0,0,0,0,1,0,0,1,0,6,0,2,0,0,0.07142857142857142,0
0,105000.0,0.0,902,127,10,1,14,4,0,0,1,0,0,0,0,0,0,0,1,0,6,0,6,7,1,0.04642857142857143,0
1,131500.0,0.22895622895622897,860,120,10,1,32,3,0,0,1,0,0,0,0,1,1,0,1,0,3,1,5,21,1,0.09322033898305085,0
0,105000.0,0.0,898,118,6,1,20,2,0,0,0,0,0,1,0,0,0,0,1,0,6,0,3,1,0,0.04580152671755725,0
1,60000.0,0.3448275862068966,1293,169,11,1,31,1,0,0,0,0,0,0,1,0,1,0,0,0,5,0,5,3,1,0.1956521739130435,1
0,105000.0,0.0,1135,149,11,1,17,5,0,0,0,1,0,0,0,0,1,0,0,0,6,0,3,3,0,0.01486988847583643,0
0,105000.0,0.0,1273,167,11,1,26,4,0,0,0,0,1,0,0,1,0,0,0,1,5,0,0,16,0,0.06451612903225806,0
0,105000.0,0.0,1135,148,11,1,28,3,0,0,0,0,0,0,1,0,0,0,1,0,4,0,2,18,0,0.14545454545454545,1
1,67750.0,0.3674698795180723,739,98,6,1,25,4,0,0,0,1,0,0,0,0,0,1,0,0,5,0,1,14,0,0.08029197080291971,0
1,72000.0,0.36363636363636365,1123,148,11,1,28,1,0,0,0,1,0,0,0,1,0,0,0,0,4,1,3,11,0,0.1125,1
1,122250.0,0.27208480565371024,710,94,6,1,35,5,0,0,0,1,0,0,0,0,1,0,0,1,3,1,1,2,0,0.0958904109589041,0
0,105000.0,0.0,850,119,10,1,23,2,0,1,0,0,0,0,0,0,1,0,1,0,5,1,6,18,1,0.07216494845360824,0
0,105000.0,0.0,1088,144,11,1,25,3,1,0,0,0,0,0,0,0,1,0,1,0,3,1,1,10,0,0.10619469026548672,0
1,72000.0,0.38202247191011235,711,96,6,1,14,2,0,0,0,0,1,0,0,1,0,0,0,1,5,1,5,18,1,0.13043478260869565,1
0,105000.0,0.0,1139,151,11,1,15,4,0,0,1,0,0,0,0,0,1,0,0,0,7,1,1,18,0,0.03162055335968379,0
1,169750.0,0.2131578947368421,896,126,10,1,33,3,1,0,0,0,0,0,0,0,0,1,1,0,7,0,6,22,1,0.03333333333333333,0
0,105000.0,0.0,927,127,10,1,35,5,0,0,0,1,0,0,0,1,0,0,0,1,4,0,3,23,0,0.10344827586206896,0
1,144500.0,0.39444444444444443,690,92,6,1,28,3,0,0,0,1,0,0,0,1,1,0,1,0,3,0,4,16,0,0.07692307692307693,0
1,72176.0,0.35599242065371856,928,125,10,1,28,3,0,0,0,0,0,0,1,1,0,0,1,0,5,0,1,20,0,0.08571428571428572,0
1,164750.0,0.2971576227390181,846,118,10,1,17,3,1,0,0,0,0,0,0,0,0,1,1,0,5,0,4,13,0,0.18309859154929578,1
1,127500.0,0.3548387096774194,833,112,6,1,18,2,1,0,0,0,0,0,0,1,0,1,1,0,3,1,2,17,0,0.16304347826086957,1
1,105500.0,0.2845528455284553,833,111,6,1,14,3,0,0,0,0,1,0,0,1,0,0,1,0,4,0,1,11,0,0.125,1
1,73250.0,0.26627218934911245,1114,146,11,1,29,1,0,0,1,0,0,0,0,1,1,0,1,0,3,1,5,21,1,0.2054794520547945,1
1,108000.0,0.3058823529411765,1121,148,11,1,22,4,0,0,0,0,0,1,0,0,1,0,1,0,5,0,0,9,0,0.13513513513513514,1
1,75250.0,0.3089887640449438,916,127,10,1,24,1,0,0,0,0,1,0,0,0,1,0,1,0,6,0,0,13,0,0.12082262210796915,1
1,132750.0,0.2703583061889251,1266,168,11,1,16,2,0,0,1,0,0,0,0,1,1,0,1,0,5,1,2,5,0,0.12987012987012986,1
1,138652.8,0.379209726443769,934,131,10,1,24,3,0,0,0,0,1,0,0,0,1,0,1,0,7,1,0,16,0,0.05142857142857143,0
0,105000.0,0.0,1108,147,11,1,24,3,0,0,0,0,1,0,0,0,0,0,0,0,4,1,4,6,0,0.078125,0
1,66750.0,0.19594594594594594,1133,149,11,1,32,1,0,0,0,1,0,0,0,0,0,1,1,0,4,0,3,11,0,0.16666666666666666,1
1,293750.0,0.28717201166180756,944,125,6,1,26,4,0,0,0,0,1,0,0,0,1,0,1,0,6,1,5,11,1,0.020833333333333332,0
1,86000.0,0.33816425120772947,982,139,10,1,14,1,0,1,0,0,0,0,0,1,0,1,1,0,3,0,3,19,0,0.14285714285714285,1
1,112250.0,0.23228346456692914,1253,167,11,1,19,4,1,0,0,0,0,0,0,0,1,0,0,0,4,0,4,19,0,0.16666666666666666,1
1,101250.0,0.2,1285,171,11,1,33,2,1,0,0,0,0,0,0,1,0,0,1,0,5,1,5,23,1,0.13574660633484162,1
0,105000.0,0.0,1122,148,11,1,15,3,0,0,1,0,0,0,0,0,1,0,1,0,6,1,2,0,0,0.05357142857142857,0
1,92560.0,0.3744292237442922,660,87,6,1,17,5,0,0,0,1,0,0,0,1,0,0,1,0,3,1,2,5,0,0.10277324632952692,0
0,105000.0,0.0,1063,145,10,1,18,1,0,0,1,0,0,0,0,1,0,1,1,0,6,1,4,18,0,0.21818181818181817,1
1,114500.0,0.3161764705882353,655,88,6,1,14,2,0,1,0,0,0,0,0,0,0,1,1,0,4,0,2,13,0,0.15151515151515152,1
1,65500.0,0.3096774193548387,892,127,10,1,14,1,0,0,0,0,1,0,0,0,0,1,1,0,6,0,0,6,0,0.14634146341463414,1
1,98750.0,0.3943089430894309,838,117,10,1,18,3,0,0,1,0,0,0,0,0,1,0,1,0,3,0,1,3,0,0.14925373134328357,1
0,105000.0,0.0,898,127,10,1,18,2,0,0,0,0,1,0,0,0,0,1,1,0,6,1,2,4,0,0.04411764705882353,0
0,105000.0,0.0,1302,171,11,1,28,2,0,0,0,0,0,0,1,0,1,0,1,0,4,0,5,9,1,0.125,1
1,93500.0,0.2922374429223744,1110,147,11,1,25,4,0,0,0,1,0,0,0,0,0,1,0,0,3,0,0,5,0,0.18446601941747573,1
0,105000.0,0.0,721,96,6,1,33,4,1,0,0,0,0,0,0,1,0,1,1,0,7,0,0,11,0,0.060240963855421686,0
0,105000.0,0.0,727,96,6,1,14,3,0,0,1,0,0,0,0,0,0,1,1,0,6,1,1,3,0,0.048034934497816595,0
0,105000.0,0.0,856,119,10,1,20,3,0,0,0,0,0,1,0,1,1,0,1,0,3,0,1,17,0,0.04411764705882353,0
1,141500.0,0.25846153846153846,1091,144,11,1,17,2,1,0,0,0,0,0,0,0,1,0,1,0,3,0,0,7,0,0.1076923076923077,1
1,142500.0,0.30357142857142855,1028,143,10,1,17,5,0,0,0,1,0,0,0,0,1,0,1,0,5,0,2,2,0,0.1388888888888889,1
1,139250.0,0.32732732732732733,661,92,6,1,24,3,0,0,0,0,1,0,0,1,1,0,1,0,3,0,6,20,1,0.08602150537634409,0
0,105000.0,0.0,902,123,10,1,20,3,0,0,0,0,0,1,0,0,0,1,1,0,5,1,5,7,1,0.09259259259259259,0
1,68750.0,0.27044025157232704,676,90,6,1,22,2,0,0,0,0,0,1,0,1,0,1,1,0,3,0,2,15,0,0.13829787234042554,1
1,119500.0,0.3402777777777778,690,94,6,1,16,3,0,0,1,0,0,0,0,0,0,0,1,0,3,0,4,8,0,0.052083333333333336,0
1,96250.0,0.3547008547008547,922,128,10,1,24,3,0,0,0,0,1,0,0,0,0,1,0,0,6,1,0,22,0,0.09448818897637795,0
0,105000.0,0.0,1116,146,11,1,28,3,0,0,0,0,0,0,1,1,0,1,1,0,3,0,5,12,1,0.05426356589147287,0
0,105000.0,0.0,749,102,6,1,14,4,0,0,0,0,1,0,0,0,0,1,1,0,7,0,6,1,1,0.061224489795918366,0
1,144000.0,0.28059701492537314,712,97,6,1,24,3,0,0,0,0,1,0,0,0,1,0,1,0,5,1,6,12,1,0.10869565217391304,1
0,105000.0,0.0,769,100,6,1,17,5,0,0,0,1,0,0,0,0,1,0,1,0,6,0,5,3,1,0.13793103448275862,1
1,58250.0,0.23484848484848486,1118,146,11,1,28,2,0,0,0,0,0,0,1,0,0,1,0,0,3,0,3,4,0,0.2328767123287671,1
1,174500.0,0.3140096618357488,1262,167,11,1,13,3,0,1,0,0,0,0,0,0,0,1,1,0,7,1,5,4,1,0.0784313725490196,0
0,105000.0,0.0,918,123,10,1,31,2,0,0,0,0,0,0,1,1,0,0,1,0,4,1,4,17,0,0.1206896551724138,1
0,105000.0,0.0,726,95,6,1,28,2,0,0,0,0,0,0,1,0,1,0,1,0,4,0,1,21,0,0.12790697674418605,1
0,105000.0,0.0,808,117,10,1,14,4,0,0,0,0,1,0,0,0,0,0,0,0,3,1,2,22,0,0.056338028169014086,0
1,38480.0,0.33707865168539325,849,112,6,1,24,1,0,0,0,0,0,0,1,0,0,0,0,1,3,0,1,6,0,0.25,1
1,97500.0,0.3261802575107296,724,92,6,1,31,4,0,0,0,0,0,0,1,0,0,1,1,0,4,0,5,4,1,0.1111111111111111,1
1,197250.0,0.35281837160751567,1081,151,10,1,19,4,1,0,0,0,0,0,0,1,0,0,0,1,7,0,6,16,1,0.12698412698412698,1
1,265750.0,0.22537562604340566,878,123,10,1,18,4,1,0,0,0,0,0,0,0,1,0,1,0,7,0,2,17,0,0.05806451612903226,0
1,87750.0,0.2623762376237624,933,125,10,1,31,3,0,0,0,0,0,0,1,0,1,0,0,0,5,0,6,9,1,0.1076923076923077,1
1,140750.0,0.2012779552715655,843,119,10,1,17,5,0,0,0,1,0,0,0,1,1,0,1,0,3,0,0,5,0,0.18518518518518517,1
1,112500.0,0.36363636363636365,1119,147,11,1,14,2,0,1,0,0,0,0,0,0,0,1,1,0,6,0,3,4,0,0.11290322580645161,1
1,83000.0,0.3883495145631068,882,117,6,1,24,1,0,0,0,0,1,0,0,1,1,0,1,0,5,0,0,10,0,0.037037037037037035,0
0,105000.0,0.0,987,138,10,1,19,1,0,0,0,0,0,1,0,1,0,1,1,0,3,0,6,20,1,0.1956521739130435,1
1,125777.59999999999,0.28880713173906897,705,95,6,1,19,4,1,0,0,0,0,0,0,1,1,0,1,0,4,0,4,0,0,0.16666666666666666,1
0,105000.0,0.0,1142,151,11,1,24,4,0,0,0,0,1,0,0,1,0,0,1,0,7,0,1,0,0,0.12,1
0,105000.0,0.0,1274,169,11,1,21,3,0,1,0,0,0,0,0,0,0,0,1,0,7,1,5,22,1,0.05732484076433121,0
1,123750.0,0.3277027027027027,1327,175,11,1,32,3,0,0,0,1,0,0,0,0,1,0,0,0,6,1,4,10,0,0.09345794392523364,0
1,57470.4,0.3710580607132331,643,88,6,1,17,0,1,0,0,0,0,0,0,1,0,0,1,0,3,1,6,1,1,0.07482993197278912,0
0,105000.0,0.0,1051,145,10,1,25,4,0,0,0,1,0,0,0,1,0,0,0,0,4,1,4,21,0,0.018518518518518517,0
1,195750.0,0.37214137214137216,997,138,10,1,21,4,0,1,0,0,0,0,0,0,0,0,0,0,4,0,6,0,1,0.07692307692307693,0
0,105000.0,0.0,1132,150,11,1,19,4,1,0,0,0,0,0,0,0,0,0,1,0,6,0,1,3,0,0.038461538461538464,0
0,105000.0,0.0,876,122,10,1,35,5,0,0,0,1,0,0,0,0,1,0,0,0,3,1,0,10,0,0.020338983050847456,0
0,105000.0,0.0,1052,143,10,1,32,3,0,0,0,1,0,0,0,0,0,1,1,0,4,0,6,17,1,0.030534351145038167,0
1,106250.0,0.32677165354330706,1227,164,11,1,17,3,0,1,0,0,0,0,0,1,0,0,0,1,3,1,4,21,0,0.17757009345794392,1
1,41250.0,0.3163265306122449,1145,148,11,1,28,0,0,0,0,0,0,0,1,0,1,0,1,0,5,1,5,10,1,0.14285714285714285,1
0,105000.0,0.0,846,116,6,1,19,0,0,0,0,0,0,1,0,0,0,1,0,1,3,1,4,9,0,0.13970588235294118,1
1,151750.0,0.21470588235294116,1240,166,11,1,15,3,0,0,1,0,0,0,0,0,1,0,1,0,3,0,4,6,0,0.04411764705882353,0
1,58250.0,0.3591549295774648,1292,169,11,1,29,1,0,0,1,0,0,0,0,0,0,1,1,0,6,0,2,11,0,0.15625,1
1,85250.0,0.20526315789473684,1272,166,11,1,31,3,0,0,0,0,0,0,1,0,1,0,1,0,4,0,0,21,0,0.17391304347826086,1
1,183250.0,0.31494252873563217,1095,145,11,1,14,3,0,0,1,0,0,0,0,1,1,0,1,0,3,1,4,21,0,0.08602150537634409,0
1,69750.0,0.3684210526315789,700,92,6,1,28,3,0,0,0,0,0,0,1,0,0,1,1,0,3,0,6,19,1,0.1111111111111111,1
0,105000.0,0.0,689,95,6,1,26,4,0,0,0,0,1,0,0,1,1,0,0,1,3,0,1,2,0,0.14285714285714285,1
1,96000.0,0.26244343891402716,983,136,10,1,22,3,0,0,0,0,0,1,0,0,0,0,0,0,3,1,3,10,0,0.14285714285714285,1
1,185250.0,0.375,882,123,10,1,13,3,0,1,0,0,0,0,0,0,1,0,1,0,7,0,4,12,0,0.07462686567164178,0
0,105000.0,0.0,860,118,10,1,21,1,0,1,0,0,0,0,0,0,0,1,1,0,4,1,0,14,0,0.046875,0
1,64000.0,0.2097902097902098,1016,141,10,1,19,2,0,0,0,0,0,1,0,0,0,1,1,0,4,0,6,23,1,0.12698412698412698,1
0,105000.0,0.0,992,137,10,1,20,0,0,0,0,0,0,1,0,1,0,1,0,1,3,1,4,18,0,0.08695652173913043,0
0,105000.0,0.0,892,121,10,1,18,2,0,1,0,0,0,0,0,0,0,1,1,0,6,1,4,16,0,0.06666666666666667,0
1,183976.0,0.36648199445983376,1275,168,11,1,15,3,0,0,1,0,0,0,0,0,1,0,1,0,6,1,3,23,0,0.07975460122699386,0
1,123500.0,0.2357142857142857,842,119,10,1,33,2,1,0,0,0,0,0,0,1,0,0,0,0,3,0,2,14,0,0.18333333333333332,1
0,105000.0,0.0,864,120,10,1,33,3,1,0,0,0,0,0,0,1,1,0,1,0,4,0,1,13,0,0.08571428571428572,0
1,178500.0,0.2711864406779661,936,131,10,1,24,4,0,0,0,0,1,0,0,1,0,1,0,0,7,1,0,10,0,0.038461538461538464,0
1,99500.0,0.29914529914529914,1095,145,11,1,21,1,0,1,0,0,0,0,0,0,0,1,0,0,4,1,6,6,1,0.11475409836065574,1
1,124384.0,0.30930166808029397,656,87,6,1,17,3,0,1,0,0,0,0,0,1,0,0,1,0,3,0,4,7,0,0.23076923076923078,1
0,105000.0,0.0,714,98,6,1,19,4,1,0,0,0,0,0,0,0,0,1,1,0,5,1,2,18,0,0.1111111111111111,1
1,69513.6,0.3496296296296296,1075,144,10,1,28,3,0,0,0,0,0,0,1,1,0,0,1,0,5,0,3,9,0,0.2,1
1,49750.0,0.28448275862068967,1082,145,10,1,31,1,0,0,0,0,0,0,1,1,1,0,1,0,5,0,1,20,0,0.08333333333333333,0
1,63500.0,0.32894736842105265,1150,149,11,1,28,1,0,0,0,0,0,0,1,0,1,0,0,1,5,1,0,6,0,0.17647058823529413,1
1,55500.0,0.3181818181818182,875,114,6,1,28,2,0,0,0,0,0,0,1,0,0,1,1,0,4,1,0,15,0,0.16666666666666666,1
1,126250.0,0.3442622950819672,1313,174,11,1,25,4,0,0,0,1,0,0,0,0,0,1,1,0,6,0,0,15,0,0.05454545454545454,0
1,140000.0,0.2108626198083067,1251,167,11,1,17,3,0,1,0,0,0,0,0,0,0,1,1,0,6,0,4,15,0,0.047619047619047616,0
0,105000.0,0.0,1303,172,11,1,32,3,0,0,1,0,0,0,0,0,1,0,1,0,7,0,2,5,0,0.045454545454545456,0
0,105000.0,0.0,872,122,10,1,33,1,1,0,0,0,0,0,0,0,0,1,1,0,5,0,3,8,0,0.1388888888888889,1
1,147056.0,0.2646048109965636,712,96,6,1,12,3,0,1,0,0,0,0,0,0,0,1,1,0,7,0,6,21,1,0.09090909090909091,0
1,105000.0,0.3783783783783784,993,141,10,1,17,1,1,0,0,0,0,0,0,1,0,0,1,0,4,0,1,19,0,0.0847457627118644,0
0,105000.0,0.0,961,134,10,1,14,1,0,1,0,0,0,0,0,1,1,0,1,0,3,0,3,5,0,0.13333333333333333,1
1,123250.0,0.27017543859649124,1105,145,11,1,28,4,0,0,0,0,0,0,1,1,0,1,1,0,3,0,0,18,0,0.06796116504854369,0
1,64250.0,0.2635135135135135,1276,167,11,1,29,1,0,0,1,0,0,0,0,1,0,1,1,0,4,0,0,12,0,0.27358490566037735,1
1,49000.0,0.35294117647058826,936,124,10,1,31,2,0,0,0,0,0,0,1,0,0,0,1,0,5,0,6,2,1,0.10891089108910891,1
1,98250.0,0.38271604938271603,684,89,6,1,22,3,0,0,0,0,0,1,0,1,0,0,0,0,3,0,3,22,0,0.21428571428571427,1
0,105000.0,0.0,1261,168,11,1,14,4,0,0,0,0,1,0,0,0,0,1,1,0,5,0,4,22,0,0.06666666666666667,0
1,184000.0,0.3310657596371882,1083,144,11,1,21,3,0,1,0,0,0,0,0,1,0,0,1,0,3,0,5,3,1,0.14634146341463414,1
1,182852.8,0.2046359644644134,846,112,6,1,25,3,1,0,0,0,0,0,0,0,0,1,1,0,5,1,5,15,1,0.04,0
1,47000.0,0.20952380952380953,864,123,10,1,26,4,0,0,0,0,1,0,0,0,0,1,1,0,3,0,4,22,0,0.1111111111111111,1
1,138112.0,0.3437266151159891,844,116,10,1,33,4,1,0,0,0,0,0,0,0,0,1,0,0,3,0,0,18,0,0.12025316455696203,1
1,50000.0,0.34710743801652894,835,114,6,1,24,0,0,0,0,0,1,0,0,0,0,1,0,0,4,1,6,21,1,0.17567567567567569,1
1,101250.0,0.3125,1138,150,11,1,35,5,0,0,0,1,0,0,0,0,1,0,0,1,5,1,6,5,1,0.125,1
1,117000.0,0.35789473684210527,832,116,10,1,14,2,0,1,0,0,0,0,0,0,0,1,1,0,4,0,6,5,1,0.2608695652173913,1
1,56250.0,0.2283464566929134,703,92,6,1,28,2,0,0,0,0,0,0,1,0,0,1,1,0,3,0,2,5,0,0.1625,1
0,105000.0,0.0,761,102,6,1,24,1,0,0,0,0,1,0,0,0,0,1,0,1,7,0,5,12,1,0.1165644171779141,1
0,105000.0,0.0,911,125,10,1,33,4,1,0,0,0,0,0,0,1,0,0,1,0,7,1,1,2,0,0.05389221556886228,0
0,105000.0,0.0,884,124,10,1,16,3,0,0,1,0,0,0,0,0,0,1,1,0,5,1,0,2,0,0.043478260869565216,0
0,105000.0,0.0,871,115,6,1,20,3,0,0,0,0,0,1,0,1,1,0,1,0,4,0,2,6,0,0.03773584905660377,0
1,163750.0,0.22010869565217392,709,97,6,1,13,3,0,0,0,1,0,0,0,0,1,0,1,0,4,0,1,3,0,0.16666666666666666,1
1,226750.0,0.36576576576576575,647,86,6,1,18,4,0,1,0,0,0,0,0,1,0,1,1,0,3,0,0,16,0,0.08064516129032258,0
1,143500.0,0.3693181818181818,814,115,10,1,15,2,1,0,0,0,0,0,0,0,1,0,1,0,3,0,5,10,1,0.08695652173913043,0
1,92268.8,0.39960310301280894,710,92,6,1,28,4,0,0,0,0,0,0,1,0,0,1,1,0,3,0,3,11,0,0.1111111111111111,1
0,105000.0,0.0,1013,143,10,1,24,1,0,0,0,0,1,0,0,1,0,1,1,0,4,0,4,16,0,0.058823529411764705,0
0,105000.0,0.0,1152,151,11,1,35,5,0,0,0,1,0,0,0,1,1,0,1,0,6,0,0,10,0,0.19047619047619047,1
1,164250.0,0.36159600997506236,1294,171,11,1,32,3,0,0,1,0,0,0,0,0,1,0,1,0,6,0,4,6,0,0.11864406779661017,1
1,75750.0,0.24855491329479767,1134,147,11,1,31,3,0,0,0,0,0,0,1,0,0,1,1,0,4,0,6,16,1,0.1956521739130435,1
1,79250.0,0.3826530612244898,932,124,10,1,31,3,0,0,0,0,0,0,1,1,0,1,0,0,5,0,6,15,1,0.10077519379844961,0
1,48500.0,0.3697478991596639,1061,143,10,1,28,1,0,0,0,0,0,0,1,0,0,1,1,0,4,0,4,9,0,0.25,1
0,105000.0,0.0,1003,141,10,1,15,3,0,0,1,0,0,0,0,0,1,0,1,0,4,1,1,11,0,0.09,0
1,84750.0,0.26153846153846155,845,109,6,1,31,3,0,0,0,0,0,0,1,1,0,0,1,0,3,0,0,12,0,0.14925373134328357,1
1,103500.0,0.3764705882352941,871,111,6,1,23,1,0,1,0,0,0,0,0,1,0,0,1,0,6,0,2,15,0,0.1951219512195122,1
0,105000.0,0.0,1145,149,11,1,28,3,0,0,0,0,0,0,1,0,0,1,1,0,5,1,0,14,0,0.07428571428571429,0
1,82750.0,0.2578947368421053,1277,170,11,1,35,5,0,0,0,1,0,0,0,0,0,1,1,0,3,0,4,18,0,0.14814814814814814,1
1,148750.0,0.2344213649851632,978,139,10,1,17,3,1,0,0,0,0,0,0,0,0,0,1,0,3,1,3,11,0,0.12903225806451613,1
1,52250.0,0.3671875,1264,170,11,1,14,0,0,0,0,0,1,0,0,0,0,1,0,0,4,0,0,14,0,0.1111111111111111,1
0,105000.0,0.0,901,125,10,1,16,3,0,0,1,0,0,0,0,1,0,0,1,0,6,1,4,23,0,0.04326923076923077,0
0,105000.0,0.0,893,123,10,1,28,2,0,0,0,0,0,0,1,0,0,1,1,0,4,1,1,21,0,0.0851063829787234,0
1,44500.0,0.27184466019417475,1271,166,11,1,31,1,0,0,0,0,0,0,1,0,0,1,1,0,4,1,3,3,0,0.16176470588235295,1
1,153088.0,0.3332201086956521,1290,172,11,1,12,3,0,1,0,0,0,0,0,1,0,1,0,0,7,0,6,20,1,0.15476190476190477,1
0,105000.0,0.0,697,90,6,1,22,3,0,0,0,0,0,1,0,0,0,1,0,0,3,0,2,19,0,0.06428571428571428,0
1,115772.79999999999,0.34098360655737703,1109,146,11,1,16,2,0,0,1,0,0,0,0,0,0,1,0,1,4,0,2,9,0,0.12121212121212122,1
1,65750.0,0.38650306748466257,1301,172,11,1,28,1,0,0,0,0,0,0,1,0,1,0,1,0,4,0,3,11,0,0.1590909090909091,1
1,56500.0,0.3971631205673759,1292,171,11,1,18,1,0,0,1,0,0,0,0,1,0,1,1,0,5,0,5,1,1,0.15789473684210525,1
0,105000.0,0.0,910,122,6,1,16,2,0,0,1,0,0,0,0,0,0,1,1,0,6,0,4,11,0,0.07729468599033816,0
1,62250.0,0.22142857142857142,900,125,10,1,35,5,0,0,0,1,0,0,0,0,0,1,1,0,4,0,5,0,1,0.11834319526627218,1
1,101750.0,0.24568965517241378,1120,147,11,1,26,4,0,0,0,0,1,0,0,1,0,1,0,0,4,0,5,21,1,0.075,0
0,105000.0,0.0,998,142,10,1,15,2,0,0,1,0,0,0,0,0,0,1,1,0,3,0,0,10,0,0.02564102564102564,0
0,105000.0,0.0,789,104,6,1,35,5,0,0,0,1,0,0,0,0,1,0,1,0,6,0,2,15,0,0.058823529411764705,0
1,109000.0,0.22040816326530613,669,88,6,1,14,1,0,0,1,0,0,0,0,0,1,0,0,1,3,0,5,17,1,0.12,1
0,105000.0,0.0,754,99,6,1,32,3,0,0,1,0,0,0,0,1,0,0,0,0,6,0,4,18,0,0.025974025974025976,0
1,206000.0,0.3453815261044177,844,121,10,1,21,4,1,0,0,0,0,0,0,0,1,0,1,0,5,1,5,23,1,0.1,0
0,105000.0,0.0,1127,146,11,1,22,3,0,0,0,0,0,1,0,1,0,0,1,0,5,0,1,21,0,0.07894736842105263,0
1,76250.0,0.2768361581920904,740,96,6,1,28,3,0,0,0,0,0,0,1,0,0,1,1,0,4,0,6,15,1,0.11475409836065574,1
1,77958.4,0.21500000000000002,1113,146,11,1,28,3,0,0,0,0,0,0,1,0,0,1,0,0,3,0,3,6,0,0.09134615384615384,0
1,70000.0,0.36257309941520466,1144,150,11,1,25,4,0,0,0,1,0,0,0,0,1,0,0,1,5,0,6,19,1,0.1927710843373494,1
0,105000.0,0.0,894,122,10,1,14,2,0,1,0,0,0,0,0,1,0,0,1,0,7,0,0,18,0,0.1111111111111111,1
1,87750.0,0.2623762376237624,931,126,6,1,16,1,0,0,1,0,0,0,0,0,0,1,1,0,7,0,5,4,1,0.0784313725490196,0
1,175250.0,0.334916864608076,1261,168,11,1,12,3,0,1,0,0,0,0,0,1,0,1,0,1,4,0,6,19,1,0.23529411764705882,1
1,158000.0,0.3711340206185567,712,96,6,1,28,4,0,0,0,1,0,0,0,1,0,1,1,0,4,1,1,16,0,0.05394190871369295,0
0,105000.0,0.0,1070,146,10,1,35,5,0,0,0,1,0,0,0,0,0,0,1,0,5,0,2,15,0,0.04854368932038835,0
1,71750.0,0.3693181818181818,725,96,6,1,13,2,0,0,0,1,0,0,0,0,0,1,1,0,5,1,3,3,0,0.15384615384615385,1
1,103500.0,0.21551724137931033,842,116,6,1,17,2,1,0,0,0,0,0,0,0,0,1,1,0,5,1,3,21,0,0.07216494845360824,0
0,105000.0,0.0,1103,146,11,1,15,3,0,0,1,0,0,0,0,1,0,0,1,0,4,0,1,19,0,0.08108108108108109,0
1,114500.0,0.18253968253968253,913,118,6,1,32,3,0,0,0,1,0,0,0,0,0,0,1,0,4,1,5,10,1,0.0,0
1,100000.0,0.21428571428571427,1114,149,11,1,14,2,0,0,1,0,0,0,0,1,0,1,1,0,5,1,5,14,1,0.13023255813953488,1
0,105000.0,0.0,734,98,6,1,19,3,0,0,0,0,0,1,0,0,0,0,1,0,5,1,3,10,0,0.017241379310344827,0
0,105000.0,0.0,912,124,10,1,18,3,0,0,1,0,0,0,0,0,0,0,0,1,6,1,1,7,0,0.031413612565445025,0
1,111176.0,0.32076657241595974,892,124,10,1,33,1,1,0,0,0,0,0,0,0,1,0,1,0,6,1,1,1,0,0.08823529411764706,0
1,315390.39999999997,0.3616768407973638,723,96,6,1,14,5,0,0,1,0,0,0,0,0,1,0,1,0,6,0,6,7,1,0.04878048780487805,0
0,105000.0,0.0,1291,171,11,1,32,2,0,0,0,1,0,0,0,0,1,0,0,0,3,0,6,13,1,0.046357615894039736,0
1,130000.0,0.375,911,120,6,1,28,3,0,0,0,1,0,0,0,1,1,0,0,1,4,0,6,10,1,0.10638297872340426,0
1,51000.0,0.2711864406779661,818,114,10,1,18,1,0,0,1,0,0,0,0,0,0,0,1,0,3,0,0,16,0,0.15217391304347827,1
0,105000.0,0.0,1116,148,11,1,15,3,1,0,0,0,0,0,0,1,0,0,1,0,7,0,1,9,0,0.125,1
1,53768.0,0.24209452567154033,872,116,6,1,26,4,0,0,0,0,1,0,0,0,1,0,1,0,5,0,1,18,0,0.13445378151260504,1
0,105000.0,0.0,983,137,10,1,13,1,0,0,0,1,0,0,0,0,0,0,1,0,3,1,5,7,1,0.04716981132075472,0
0,105000.0,0.0,639,90,6,1,19,4,1,0,0,0,0,0,0,0,0,1,1,0,3,0,4,6,0,0.022388059701492536,0
1,62961.6,0.18495203836930452,1015,139,10,1,18,0,0,1,0,0,0,0,0,0,0,0,1,0,5,1,3,7,0,0.09395973154362416,0
1,42000.0,0.26804123711340205,1145,149,11,1,29,0,0,0,1,0,0,0,0,0,0,1,1,0,5,0,4,9,0,0.16393442622950818,1
0,105000.0,0.0,710,92,6,1,31,2,0,0,0,0,0,0,1,0,1,0,1,0,3,0,6,1,1,0.08791208791208792,0
0,105000.0,0.0,1105,147,11,1,25,1,0,0,1,0,0,0,0,0,0,1,1,0,3,0,0,9,0,0.06870229007633588,0
1,59250.0,0.21804511278195488,838,112,6,1,22,4,0,0,0,0,0,1,0,0,0,1,1,0,3,0,4,6,0,0.09375,0
1,184750.0,0.21497584541062803,1071,148,10,1,14,3,0,0,1,0,0,0,0,1,1,0,0,1,7,0,4,14,0,0.16113744075829384,1
1,72750.0,0.3743016759776536,998,138,10,1,15,0,0,0,1,0,0,0,0,0,1,0,0,1,4,0,5,6,1,0.06896551724137931,0
1,79000.0,0.34554973821989526,855,112,6,1,28,3,0,0,0,0,0,0,1,0,0,1,1,0,3,0,5,18,1,0.12173913043478261,1
0,105000.0,0.0,751,100,6,1,32,3,0,0,1,0,0,0,0,0,0,1,1,0,5,0,0,11,0,0.02,0
1,101462.40000000001,0.21136571952337296,836,114,10,1,18,3,0,0,0,0,1,0,0,0,0,1,1,0,3,0,3,6,0,0.11764705882352941,1
1,382250.0,0.19267139479905437,1007,141,10,1,25,1,1,0,0,0,0,0,0,0,1,0,1,0,5,1,2,12,0,0.027777777777777776,0
0,105000.0,0.0,884,123,10,1,13,1,0,1,0,0,0,0,0,0,0,0,0,0,7,0,4,11,0,0.1044776119402985,0
1,107750.0,0.2620967741935484,1089,144,11,1,33,4,1,0,0,0,0,0,0,0,1,0,1,0,3,1,0,6,0,0.07741935483870968,0
0,105000.0,0.0,1149,151,11,1,28,2,0,0,0,1,0,0,0,1,0,1,1,0,6,1,0,4,0,0.020833333333333332,0
1,152984.0,0.38935727581298585,784,105,6,1,24,3,0,0,0,0,1,0,0,1,1,0,1,0,7,0,2,13,0,0.09649122807017543,0
1,165500.0,0.39709443099273606,1280,169,11,1,33,4,1,0,0,0,0,0,0,1,0,0,1,0,7,1,5,8,1,0.044444444444444446,0
1,51000.0,0.368,729,96,6,1,28,1,0,0,0,0,0,0,1,1,1,0,1,0,4,0,6,23,1,0.18666666666666668,1
1,146250.0,0.18885448916408668,856,112,6,1,18,3,0,1,0,0,0,0,0,0,0,1,0,1,5,0,4,0,0,0.15,1
1,78500.0,0.23595505617977527,1116,146,11,1,24,3,0,0,0,0,0,0,1,0,1,0,1,0,3,1,5,17,1,0.10869565217391304,1
1,160500.0,0.1864406779661017,692,91,6,1,13,3,0,1,0,0,0,0,0,1,0,0,1,0,6,0,0,7,0,0.1724137931034483,1
1,146000.0,0.26706231454005935,1059,145,10,1,25,4,0,0,0,1,0,0,0,0,1,0,0,1,5,1,4,10,0,0.051923076923076926,0
1,180500.0,0.3130841121495327,744,102,6,1,24,5,0,0,0,0,1,0,0,0,0,1,1,0,6,0,3,17,0,0.017241379310344827,0
0,105000.0,0.0,1102,147,11,1,19,4,1,0,0,0,0,0,0,0,1,0,1,0,4,1,1,1,0,0.04046242774566474,0
0,105000.0,0.0,1107,147,11,1,24,3,0,0,0,0,1,0,0,0,0,0,0,1,4,0,6,17,1,0.017241379310344827,0
0,105000.0,0.0,844,121,10,1,24,3,1,0,0,0,0,0,0,0,1,0,1,0,5,0,0,2,0,0.17391304347826086,1
0,105000.0,0.0,891,127,10,1,14,3,0,0,0,0,1,0,0,0,1,0,0,0,6,1,2,10,0,0.0684931506849315,0
1,58500.0,0.3972602739726027,910,117,6,1,28,1,0,0,0,0,0,0,1,0,1,0,0,0,5,1,1,3,0,0.1797752808988764,1
0,105000.0,0.0,1126,148,11,1,28,1,0,0,0,1,0,0,0,0,0,1,1,0,4,0,4,13,0,0.07482993197278912,0
1,105250.0,0.2886178861788618,832,118,10,1,16,2,0,0,1,0,0,0,0,0,0,1,1,0,3,1,2,13,0,0.07614213197969544,0
0,105000.0,0.0,892,118,6,1,25,1,0,1,0,0,0,0,0,0,1,0,0,0,6,0,4,4,0,0.043478260869565216,0
1,167250.0,0.3643031784841076,654,90,6,1,21,3,0,1,0,0,0,0,0,0,0,1,1,0,3,1,0,15,0,0.112,1
1,75750.0,0.3621621621621622,762,103,6,1,25,1,0,0,1,0,0,0,0,0,1,0,0,1,6,0,0,8,0,0.07142857142857142,0
1,71250.0,0.25153374233128833,721,94,6,1,32,1,0,0,0,1,0,0,0,0,0,1,1,0,3,1,1,9,0,0.1038961038961039,0
1,119250.0,0.34375,1075,149,10,1,15,3,0,0,1,0,0,0,0,0,0,1,0,1,7,0,5,23,1,0.0979020979020979,0
1,94000.0,0.19230769230769232,892,125,10,1,24,3,0,0,0,0,1,0,0,0,0,1,1,0,5,0,0,3,0,0.10526315789473684,0
0,105000.0,0.0,708,92,6,1,18,3,0,1,0,0,0,0,0,1,0,1,1,0,6,1,1,4,0,0.1,0
1,128918.4,0.3417602996254682,868,123,10,1,14,3,0,0,0,0,1,0,0,1,0,0,1,0,5,1,0,18,0,0.12076271186440678,1
1,167689.6,0.2755080213903744,1103,146,11,1,24,4,0,0,0,0,1,0,0,1,0,1,0,1,4,0,0,20,0,0.058823529411764705,0
1,105000.0,0.29959514170040485,1113,146,11,1,26,4,0,0,0,0,1,0,0,0,0,1,1,0,4,1,4,4,0,0.06349206349206349,0
0,105000.0,0.0,1098,146,11,1,21,4,1,0,0,0,0,0,0,0,0,0,0,0,4,1,0,1,0,0.03908794788273615,0
1,88000.0,0.2912621359223301,1271,170,11,1,26,4,0,0,0,0,1,0,0,0,1,0,1,0,5,0,4,19,0,0.08695652173913043,0
0,105000.0,0.0,1117,146,11,1,18,4,1,0,0,0,0,0,0,1,0,1,0,0,6,0,3,1,0,0.0196078431372549,0
0,105000.0,0.0,924,125,10,1,29,1,0,0,1,0,0,0,0,1,0,1,1,0,5,1,6,23,1,0.12195121951219512,1
1,73750.0,0.3701657458563536,1065,145,10,1,18,1,0,0,1,0,0,0,0,0,1,0,1,0,6,1,3,21,0,0.20967741935483872,1
1,157500.0,0.37628865979381443,912,127,10,1,18,4,0,0,0,0,1,0,0,0,0,1,0,0,6,1,5,16,1,0.08588957055214724,0
1,84750.0,0.37799043062200954,1119,147,11,1,20,3,0,0,0,0,0,1,0,0,0,1,1,0,5,0,0,16,0,0.04081632653061224,0
1,70250.0,0.3850574712643678,919,125,10,1,20,2,0,0,0,0,0,1,0,0,0,1,1,0,6,0,4,21,0,0.038461538461538464,0
1,133250.0,0.375,776,105,6,1,25,1,0,0,1,0,0,0,0,0,1,0,1,0,7,0,2,5,0,0.06967213114754098,0
1,79643.2,0.2970869468534579,1244,165,11,1,14,2,0,0,0,0,1,0,0,0,0,1,1,0,3,0,4,10,0,0.0,0
1,119250.0,0.3494809688581315,1087,151,10,1,17,5,0,0,0,1,0,0,0,0,0,1,1,0,6,0,2,20,0,0.15555555555555556,1
0,105000.0,0.0,739,96,6,1,25,3,0,1,0,0,0,0,0,1,1,0,1,0,7,0,5,13,1,0.0958904109589041,0
1,107500.0,0.2157676348547718,736,100,6,1,19,4,1,0,0,0,0,0,0,1,0,1,1,0,6,1,2,2,0,0.05365853658536585,0
0,105000.0,0.0,1088,143,11,1,23,4,0,1,0,0,0,0,0,0,0,0,1,0,3,1,5,7,1,0.03940886699507389,0
0,105000.0,0.0,1275,170,11,1,35,5,0,0,0,1,0,0,0,0,0,1,0,0,3,0,5,21,1,0.08333333333333333,0
1,90000.0,0.2692307692307692,910,122,6,1,22,4,0,0,0,0,0,1,0,0,0,1,1,0,5,0,3,12,0,0.061224489795918366,0
1,137500.0,0.2484076433121019,1106,146,11,1,18,3,0,0,1,0,0,0,0,0,1,0,1,0,4,1,1,12,0,0.11811023622047244,1
0,105000.0,0.0,748,100,6,1,19,1,0,0,0,0,0,1,0,0,0,1,1,0,6,0,2,9,0,0.1320754716981132,1
1,100000.0,0.3050847457627119,826,108,6,1,24,3,0,0,0,0,0,0,1,0,1,0,1,0,3,0,3,14,0,0.2,1
1,99500.0,0.19090909090909092,1119,147,11,1,24,3,0,0,0,0,0,0,1,0,1,0,1,0,4,0,6,13,1,0.1511627906976744,1
1,167000.0,0.22340425531914893,836,120,10,1,14,4,0,0,0,0,1,0,0,1,0,0,1,0,4,1,5,7,1,0.06535947712418301,0
1,50750.0,0.3888888888888889,919,118,6,1,31,1,0,0,0,0,0,0,1,1,0,1,1,0,5,0,4,7,0,0.34579439252336447,1
1,116250.0,0.3392857142857143,670,89,6,1,25,1,0,1,0,0,0,0,0,1,0,0,1,0,4,0,0,14,0,0.10909090909090909,1
1,88566.4,0.24085932658541617,754,101,6,1,18,1,0,0,0,0,1,0,0,0,1,0,1,0,7,0,4,0,0,0.09565217391304348,0
1,145000.0,0.23170731707317074,816,110,6,1,33,4,1,0,0,0,0,0,0,0,0,1,1,0,3,0,3,17,0,0.057971014492753624,0
1,100500.0,0.22123893805309736,1125,149,11,1,28,3,0,0,0,1,0,0,0,0,0,1,0,0,5,1,6,5,1,0.08196721311475409,0
1,143977.6,0.2705808869456589,932,128,10,1,25,4,0,0,0,1,0,0,0,0,1,0,0,1,6,0,2,11,0,0.05333333333333334,0
1,77750.0,0.3544973544973545,1141,148,11,1,28,3,0,0,0,0,0,0,1,0,0,0,1,0,5,0,3,10,0,0.18,1
1,93288.0,0.25316455696202533,898,125,10,1,28,2,0,0,0,1,0,0,0,0,0,1,1,0,5,0,5,4,1,0.14814814814814814,1
0,105000.0,0.0,738,102,6,1,14,4,0,0,0,0,1,0,0,1,0,0,1,0,6,0,5,15,1,0.061224489795918366,0
1,143750.0,0.2988165680473373,876,118,6,1,19,4,1,0,0,0,0,0,0,1,0,0,1,0,5,0,2,19,0,0.05102040816326531,0
1,319000.0,0.2803234501347709,864,117,6,1,17,3,0,1,0,0,0,0,0,1,1,0,1,0,6,0,1,7,0,0.08571428571428572,0
1,80558.4,0.36547794893437435,1121,146,11,1,31,3,0,0,0,0,0,0,1,0,1,0,0,0,3,0,6,19,1,0.10526315789473684,0
1,81000.0,0.37185929648241206,1095,153,10,1,19,4,1,0,0,0,0,0,0,1,0,1,1,0,6,1,3,23,0,0.14130434782608695,1
1,136250.0,0.3875739644970414,1261,166,11,1,18,4,0,0,1,0,0,0,0,0,0,1,0,1,4,0,4,23,0,0.0804953560371517,0
0,105000.0,0.0,1112,145,11,1,28,2,0,0,0,0,0,0,1,1,0,0,1,0,3,1,4,13,0,0.10833333333333334,1
0,105000.0,0.0,936,125,10,1,31,2,0,0,0,0,0,0,1,1,1,0,0,0,5,0,2,6,0,0.14224137931034483,1
1,70750.0,0.3735632183908046,842,114,6,1,24,1,0,0,0,0,1,0,0,0,1,0,1,0,4,0,6,16,1,0.11290322580645161,1
0,105000.0,0.0,844,116,10,1,18,3,0,1,0,0,0,0,0,0,0,0,1,0,4,1,5,13,1,0.08376963350785341,0
1,49500.0,0.23214285714285715,922,126,10,1,32,0,0,0,0,1,0,0,0,1,0,1,1,0,5,1,1,7,0,0.09558823529411764,0
1,225000.0,0.3177570093457944,685,92,6,1,25,4,1,0,0,0,0,0,0,0,0,0,1,0,4,1,0,0,0,0.078125,0
1,218750.0,0.26043737574552683,705,95,6,1,33,3,1,0,0,0,0,0,0,0,1,0,0,0,4,0,2,21,0,0.05,0
0,105000.0,0.0,752,101,6,1,15,3,0,0,1,0,0,0,0,0,1,0,0,1,6,0,4,19,0,0.051181102362204724,0
0,105000.0,0.0,1133,149,11,1,35,5,0,0,0,1,0,0,0,0,0,0,0,0,4,1,4,10,0,0.054404145077720206,0
0,105000.0,0.0,1138,148,11,1,22,1,0,0,0,0,0,1,0,0,1,0,0,0,6,0,4,10,0,0.10687022900763359,1
1,136750.0,0.2467948717948718,1300,171,11,1,22,4,0,0,0,0,0,1,0,0,0,1,1,0,5,0,4,4,0,0.1,0
1,95750.0,0.19339622641509435,886,120,10,1,24,3,0,0,0,0,0,0,1,0,1,0,0,1,4,0,2,15,0,0.16363636363636364,1
1,130250.0,0.2516778523489933,892,121,10,1,28,4,0,0,0,0,0,0,1,1,1,0,1,0,4,0,4,13,0,0.21428571428571427,1
0,105000.0,0.0,1115,147,11,1,25,1,0,1,0,0,0,0,0,1,0,0,1,0,5,1,1,22,0,0.09836065573770492,0
1,82750.0,0.2578947368421053,1142,151,11,1,24,2,0,0,0,0,1,0,0,1,0,1,1,0,6,1,5,2,1,0.16260162601626016,1
1,56750.0,0.3669064748201439,891,121,10,1,28,1,0,0,0,0,0,0,1,0,1,0,1,0,4,1,6,7,1,0.21568627450980393,1
0,105000.0,0.0,680,92,6,1,13,4,0,0,0,1,0,0,0,0,0,1,1,0,3,1,0,9,0,0.011235955056179775,0
1,60756.8,0.23504531722054384,896,122,10,1,18,2,0,0,1,0,0,0,0,1,0,1,0,0,5,0,6,14,1,0.2692307692307692,1
1,60750.0,0.2765957446808511,1130,147,11,1,28,2,0,0,0,0,0,0,1,0,0,1,1,0,4,0,0,0,0,0.35135135135135137,1
0,105000.0,0.0,693,90,6,1,22,2,0,0,0,0,0,1,0,0,0,1,1,0,3,0,6,22,1,0.08333333333333333,0
1,77750.0,0.3544973544973545,884,120,10,1,29,2,0,0,1,0,0,0,0,1,0,0,1,0,4,1,5,14,1,0.17803030303030304,1
1,77979.2,0.27052583025830257,895,123,10,1,28,1,0,0,0,1,0,0,0,0,1,0,1,0,4,0,6,20,1,0.05555555555555555,0
1,55750.0,0.18699186991869918,1250,167,11,1,13,1,0,0,0,1,0,0,0,0,0,0,1,0,4,0,6,8,1,0.07894736842105263,0
1,111737.59999999999,0.3594441899526644,1119,147,11,1,28,3,0,0,0,1,0,0,0,0,0,1,0,0,3,0,0,0,0,0.06451612903225806,0
0,105000.0,0.0,1126,149,11,1,16,2,0,0,1,0,0,0,0,1,0,1,1,0,5,0,4,9,0,0.06,0
1,52249.6,0.30670711156049885,1294,169,11,1,28,2,0,0,0,0,0,0,1,1,0,0,1,0,5,0,5,19,1,0.1348314606741573,1
1,159000.0,0.2994652406417112,1112,147,11,1,17,3,1,0,0,0,0,0,0,1,0,0,1,0,6,0,1,11,0,0.11363636363636363,1
0,105000.0,0.0,1273,169,11,1,14,1,0,0,1,0,0,0,0,0,1,0,1,0,5,0,4,5,0,0.0975609756097561,0
0,105000.0,0.0,910,124,10,1,35,5,0,0,0,1,0,0,0,0,0,1,1,0,4,0,2,19,0,0.043478260869565216,0
0,105000.0,0.0,858,121,10,1,19,3,0,0,0,0,0,1,0,1,0,0,0,0,4,1,0,8,0,0.08163265306122448,0
1,232000.0,0.31272727272727274,863,121,10,1,33,4,1,0,0,0,0,0,0,1,0,0,1,0,4,0,0,9,0,0.05555555555555555,0
1,156000.0,0.2618384401114206,856,120,10,1,21,2,0,1,0,0,0,0,0,0,1,0,1,0,5,0,5,4,1,0.14919354838709678,1
0,105000.0,0.0,1102,147,11,1,14,4,0,0,0,0,1,0,0,0,0,1,0,0,5,0,1,20,0,0.13636363636363635,1
0,105000.0,0.0,1144,149,11,1,35,5,0,0,0,1,0,0,0,0,1,0,1,0,5,0,4,18,0,0.05172413793103448,0
1,91000.0,0.3964757709251101,1104,145,11,1,25,1,0,1,0,0,0,0,0,0,0,1,1,0,3,0,0,21,0,0.1935483870967742,1
0,105000.0,0.0,1007,140,10,1,19,4,1,0,0,0,0,0,0,0,0,1,1,0,3,0,2,8,0,0.06557377049180328,0
0,105000.0,0.0,690,92,6,1,12,1,0,1,0,0,0,0,0,1,0,1,0,1,5,1,2,12,0,0.14912280701754385,1
1,49250.0,0.35833333333333334,717,92,6,1,32,0,0,0,0,1,0,0,0,1,0,0,1,0,4,0,1,14,0,0.1317365269461078,1
1,45750.0,0.33636363636363636,1013,141,10,1,24,0,0,0,0,0,1,0,0,0,0,1,1,0,4,1,6,14,1,0.07123287671232877,0
1,123250.0,0.1875,878,118,6,1,35,5,0,0,0,1,0,0,0,1,1,0,0,1,4,0,4,11,0,0.08888888888888889,0
1,129500.0,0.21993127147766323,937,128,10,1,28,3,0,0,0,1,0,0,0,1,0,1,1,0,6,0,0,8,0,0.10344827586206896,0
1,140500.0,0.1870967741935484,1038,142,10,1,28,4,0,0,0,0,0,0,1,0,1,0,1,0,4,1,5,9,1,0.07712082262210797,0
0,105000.0,0.0,840,117,10,1,15,1,0,0,1,0,0,0,0,0,1,0,0,1,3,0,4,17,0,0.12,1
1,99361.6,0.18862559241706167,862,116,6,1,33,1,1,0,0,0,0,0,0,0,0,1,1,0,3,0,4,14,0,0.1346153846153846,1
0,105000.0,0.0,1286,171,11,1,29,3,0,0,1,0,0,0,0,1,0,1,1,0,3,0,0,13,0,0.11702127659574468,1
1,88250.0,0.20812182741116753,1127,148,11,1,22,3,0,0,0,0,0,1,0,1,0,0,1,0,5,1,5,11,1,0.09230769230769231,0
1,120500.0,0.24087591240875914,724,93,6,1,29,3,0,0,1,0,0,0,0,0,1,0,1,0,3,0,5,15,1,0.11688311688311688,1
0,105000.0,0.0,888,127,10,1,14,4,0,0,0,0,1,0,0,0,0,1,1,0,6,0,4,13,0,0.07865168539325842,0
1,143000.0,0.3657142857142857,820,114,10,1,14,3,0,1,0,0,0,0,0,0,0,1,0,0,3,0,0,18,0,0.03125,0
0,105000.0,0.0,1271,167,11,1,24,3,1,0,0,0,0,0,0,0,0,1,1,0,6,0,6,5,1,0.02666666666666667,0
1,167750.0,0.3266832917705736,938,131,10,1,19,4,1,0,0,0,0,0,0,1,1,0,1,0,7,0,4,15,0,0.09090909090909091,0
1,153750.0,0.22254335260115607,1246,164,11,1,14,3,0,1,0,0,0,0,0,1,0,1,0,1,4,1,0,9,0,0.07346938775510205,0
1,125750.0,0.2226148409893993,1066,150,10,1,24,3,0,0,0,0,1,0,0,0,1,0,1,0,6,1,5,10,1,0.08,0
1,60000.0,0.3333333333333333,1271,167,11,1,20,1,0,0,0,0,0,1,0,0,1,0,1,0,5,1,2,9,0,0.12142857142857143,1
1,110750.0,0.20647773279352227,920,122,6,1,25,4,0,0,0,1,0,0,0,0,0,1,1,0,6,1,2,20,0,0.11538461538461539,1
0,105000.0,0.0,809,108,6,1,17,1,1,0,0,0,0,0,0,0,0,1,1,0,3,0,0,17,0,0.06382978723404255,0
1,190000.0,0.3185840707964602,695,92,6,1,13,3,0,1,0,0,0,0,0,1,1,0,0,0,5,0,0,23,0,0.16058394160583941,1
1,111250.0,0.26171875,1127,149,11,1,14,1,0,0,1,0,0,0,0,0,1,0,1,0,6,1,5,13,1,0.11678832116788321,1
0,105000.0,0.0,750,98,6,1,24,1,0,0,0,0,0,0,1,0,0,1,1,0,5,1,5,23,1,0.09219858156028368,0
1,130250.0,0.3667711598746082,727,100,6,1,32,3,0,0,1,0,0,0,0,1,1,0,1,0,4,0,0,10,0,0.08490566037735849,0
1,170750.0,0.2073490813648294,1138,149,11,1,32,4,0,0,0,1,0,0,0,1,0,1,0,1,5,1,6,8,1,0.028985507246376812,0
1,167750.0,0.22486772486772486,916,129,10,1,14,4,0,0,0,0,1,0,0,0,0,1,1,0,7,0,1,20,0,0.07894736842105263,0
0,105000.0,0.0,1259,167,11,1,21,4,1,0,0,0,0,0,0,0,0,1,1,0,6,0,6,10,1,0.0,0
0,105000.0,0.0,690,93,6,1,32,3,0,0,1,0,0,0,0,0,1,0,1,0,3,0,6,21,1,0.02040816326530612,0
1,126000.0,0.1935483870967742,898,124,10,1,15,3,0,0,1,0,0,0,0,0,0,1,1,0,6,0,1,8,0,0.056338028169014086,0
1,194750.0,0.24943820224719102,746,102,6,1,14,4,0,0,1,0,0,0,0,0,0,0,1,0,6,0,5,14,1,0.046875,0
1,123250.0,0.37293729372937295,721,98,6,1,19,4,1,0,0,0,0,0,0,0,1,0,1,0,4,0,6,16,1,0.10810810810810811,1
0,105000.0,0.0,1273,171,11,1,17,3,0,1,0,0,0,0,0,0,0,0,0,1,5,0,1,5,0,0.03669724770642202,0
0,105000.0,0.0,1125,149,11,1,14,4,0,0,0,0,1,0,0,1,0,1,0,1,6,0,2,3,0,0.08823529411764706,0
1,77000.0,0.3617021276595745,878,121,10,1,35,5,0,0,0,1,0,0,0,1,0,1,1,0,3,0,3,1,0,0.13432835820895522,1
1,126000.0,0.36363636363636365,843,119,10,1,24,3,1,0,0,0,0,0,0,0,0,1,1,0,4,1,6,10,1,0.15286624203821655,1
1,167250.0,0.3358208955223881,1082,145,11,1,19,3,1,0,0,0,0,0,0,0,0,1,1,0,3,0,2,4,0,0.0975609756097561,0
1,83500.0,0.32160804020100503,734,97,6,1,35,5,0,0,0,1,0,0,0,1,0,0,1,0,4,0,1,20,0,0.13636363636363635,1
0,105000.0,0.0,892,125,10,1,19,1,0,0,0,0,0,1,0,0,0,1,1,0,5,0,0,12,0,0.23255813953488372,1
1,90250.0,0.20398009950248755,826,114,6,1,15,2,0,0,1,0,0,0,0,0,0,1,0,0,3,0,5,0,1,0.08163265306122448,0
1,74500.0,0.3068181818181818,777,102,6,1,26,4,0,0,0,0,1,0,0,0,0,1,1,0,7,0,0,12,0,0.12048192771084337,1
1,37750.0,0.2840909090909091,1097,148,10,1,28,0,0,0,0,0,0,0,1,0,1,0,1,0,5,0,3,4,0,0.13157894736842105,1
1,74500.0,0.35359116022099446,1079,144,10,1,28,3,0,0,0,0,0,0,1,0,0,1,1,0,5,1,5,6,1,0.06698564593301436,0
1,95500.0,0.32456140350877194,817,107,6,1,13,2,0,0,0,1,0,0,0,1,0,0,1,0,3,1,0,8,0,0.11320754716981132,1
0,105000.0,0.0,681,93,6,1,19,3,1,0,0,0,0,0,0,0,1,0,1,0,4,0,2,12,0,0.09375,0
1,111500.0,0.25098039215686274,662,90,6,1,33,2,1,0,0,0,0,0,0,0,0,1,1,0,3,0,4,2,0,0.041666666666666664,0
1,117000.0,0.29818181818181816,654,88,6,1,18,3,0,0,1,0,0,0,0,0,1,0,1,0,3,0,4,14,0,0.09722222222222222,0
1,76481.6,0.29886652787416146,690,94,6,1,14,2,0,0,0,0,1,0,0,0,0,1,1,0,5,0,6,13,1,0.038461538461538464,0
1,71250.0,0.2621951219512195,1146,152,11,1,26,4,0,0,0,0,1,0,0,1,0,1,0,0,7,0,4,8,0,0.19938650306748465,1
1,128544.0,0.20531436038913906,848,119,10,1,24,3,0,0,0,0,1,0,0,1,1,0,0,0,3,1,6,19,1,0.10176991150442478,0
1,133500.0,0.27184466019417475,720,99,6,1,25,1,1,0,0,0,0,0,0,0,1,0,1,0,7,0,6,6,1,0.10256410256410256,0
1,200500.0,0.33264033264033266,918,124,10,1,29,5,0,0,1,0,0,0,0,0,0,1,1,0,5,1,0,5,0,0.04046242774566474,0
0,105000.0,0.0,1236,164,11,1,24,3,1,0,0,0,0,0,0,1,0,0,1,0,3,0,0,11,0,0.07936507936507936,0
1,138750.0,0.32831325301204817,807,110,6,1,21,4,1,0,0,0,0,0,0,0,1,0,0,0,4,0,5,22,1,0.0784313725490196,0
1,119500.0,0.3344947735191638,951,129,10,1,32,3,0,0,0,1,0,0,0,0,0,1,1,0,6,1,4,20,0,0.05925925925925926,0
1,71500.0,0.3657142857142857,754,96,6,1,28,3,0,0,0,0,0,0,1,1,0,1,0,0,5,1,1,8,0,0.16216216216216217,1
1,81000.0,0.24864864864864866,676,94,6,1,19,0,1,0,0,0,0,0,0,0,0,1,1,0,5,0,3,21,0,0.2159090909090909,1
1,179750.0,0.3161592505854801,1263,166,11,1,13,3,0,1,0,0,0,0,0,1,0,1,1,0,6,0,2,11,0,0.0847457627118644,0
1,101500.0,0.3629032258064516,1105,146,11,1,13,2,0,1,0,0,0,0,0,0,0,1,1,0,5,0,0,1,0,0.1015625,0
1,129750.0,0.378125,1100,149,10,1,32,3,0,0,0,1,0,0,0,0,1,0,0,1,6,0,0,19,0,0.11267605633802817,1
1,191750.0,0.31798245614035087,1100,146,11,1,22,4,0,0,0,0,0,1,0,0,1,0,1,0,3,1,1,13,0,0.056338028169014086,0
1,137000.0,0.26031746031746034,1023,144,10,1,25,1,1,0,0,0,0,0,0,1,1,0,1,0,7,0,1,7,0,0.17777777777777778,1
1,121250.0,0.3275862068965517,1025,145,10,1,25,2,1,0,0,0,0,0,0,1,0,1,1,0,7,0,3,1,0,0.12087912087912088,1
1,175750.0,0.3949771689497717,1127,149,11,1,32,3,0,0,1,0,0,0,0,0,1,0,1,0,5,0,5,13,1,0.15384615384615385,1
1,121250.0,0.23636363636363636,762,105,6,1,24,3,0,0,0,0,1,0,0,1,1,0,1,0,7,0,3,18,0,0.15625,1
1,72750.0,0.2982456140350877,874,122,10,1,24,2,0,0,0,0,1,0,0,0,0,0,1,0,4,0,5,18,1,0.1005586592178771,0
0,105000.0,0.0,1032,145,10,1,24,2,0,0,0,0,1,0,0,0,1,0,1,0,4,0,1,4,0,0.09876543209876543,0
0,105000.0,0.0,728,98,6,1,21,4,1,0,0,0,0,0,0,0,0,1,1,0,7,0,4,14,0,0.024096385542168676,0
1,137750.0,0.24522292993630573,1284,170,11,1,17,5,0,0,0,1,0,0,0,1,0,0,1,0,6,0,2,17,0,0.2702702702702703,1
1,119750.0,0.38175675675675674,1148,150,11,1,28,3,0,0,0,1,0,0,0,1,0,0,0,0,6,1,3,18,0,0.10843373493975904,1
0,105000.0,0.0,1264,167,11,1,25,4,0,0,0,1,0,0,0,0,0,1,0,0,4,1,3,21,0,0.038461538461538464,0
1,118000.0,0.1984732824427481,1294,171,11,1,14,2,0,1,0,0,0,0,0,1,1,0,0,0,7,0,4,9,0,0.13636363636363635,1
0,105000.0,0.0,832,118,10,1,24,3,1,0,0,0,0,0,0,1,0,0,1,0,4,0,5,5,1,0.009433962264150943,0
0,105000.0,0.0,1145,149,11,1,29,1,0,0,1,0,0,0,0,0,1,0,1,0,6,1,5,1,1,0.1724137931034483,1
1,204750.0,0.38779527559055116,1114,146,11,1,12,3,0,1,0,0,0,0,0,1,1,0,1,0,6,1,6,15,1,0.15748031496062992,1
1,108000.0,0.37593984962406013,1139,149,11,1,32,3,0,0,0,1,0,0,0,0,0,0,1,0,5,0,1,22,0,0.10377358490566038,0
1,184250.0,0.24523809523809523,1118,147,11,1,33,4,1,0,0,0,0,0,0,1,1,0,1,0,6,0,5,4,1,0.08391608391608392,0
1,90250.0,0.2890995260663507,957,137,10,1,14,4,0,0,0,0,1,0,0,0,1,0,1,0,3,0,1,22,0,0.13157894736842105,1
0,105000.0,0.0,850,119,10,1,18,4,0,0,1,0,0,0,0,0,1,0,1,0,4,0,6,9,1,0.08571428571428572,0
0,105000.0,0.0,829,112,6,1,19,1,0,0,0,0,0,1,0,0,0,1,1,0,3,0,6,4,1,0.10526315789473684,0
1,113250.0,0.3879003558718861,1101,145,11,1,33,4,1,0,0,0,0,0,0,1,0,1,1,0,3,1,2,13,0,0.11070110701107011,1
1,202000.0,0.2510822510822511,1258,166,11,1,33,4,1,0,0,0,0,0,0,0,1,0,1,0,4,0,0,15,0,0.08783783783783784,0
1,49500.0,0.1834862385321101,1295,171,11,1,29,1,0,0,1,0,0,0,0,0,0,1,0,1,4,0,4,21,0,0.19672131147540983,1
1,123750.0,0.3333333333333333,1276,168,11,1,32,3,0,0,0,1,0,0,0,1,0,1,1,0,4,0,4,0,0,0.0,0
1,108750.0,0.30739299610894943,715,94,6,1,32,3,0,0,0,1,0,0,0,0,0,1,1,0,4,0,4,16,0,0.04081632653061224,0
1,70969.59999999999,0.3783269961977186,942,127,10,1,32,1,0,0,0,1,0,0,0,1,0,1,1,0,5,0,2,8,0,0.18681318681318682,1
1,106500.0,0.18723404255319148,1037,145,10,1,25,4,0,0,0,1,0,0,0,1,0,1,1,0,4,0,3,6,0,0.04411764705882353,0
1,42000.0,0.2127659574468085,866,114,6,1,28,1,0,0,0,0,0,0,1,0,0,0,0,0,4,0,4,21,0,0.12380952380952381,1
1,91500.0,0.3438914027149321,714,96,6,1,16,2,0,0,1,0,0,0,0,0,0,0,1,0,4,1,5,3,1,0.0603448275862069,0
0,105000.0,0.0,1230,164,11,1,15,3,1,0,0,0,0,0,0,1,0,0,0,0,3,1,4,15,0,0.05128205128205128,0
1,94750.0,0.3303964757709251,894,123,10,1,28,4,0,0,0,0,0,0,1,0,0,1,1,0,4,1,1,19,0,0.05439330543933055,0
1,191500.0,0.26303854875283444,663,88,6,1,15,4,0,0,1,0,0,0,0,1,0,0,1,0,3,1,3,19,0,0.08148148148148149,0
0,105000.0,0.0,1067,148,10,1,22,4,0,0,0,0,0,1,0,1,1,0,1,0,5,0,1,10,0,0.1076923076923077,1
1,135250.0,0.39465875370919884,714,98,6,1,19,4,1,0,0,0,0,0,0,1,0,0,1,0,4,0,6,20,1,0.13,1
1,91500.0,0.3211009174311927,1120,148,11,1,25,4,0,0,0,1,0,0,0,0,0,1,0,1,4,1,2,7,0,0.09782608695652174,0
1,109000.0,0.296875,1116,148,11,1,25,1,1,0,0,0,0,0,0,0,0,1,1,0,6,1,2,1,0,0.10714285714285714,1
0,105000.0,0.0,690,91,6,1,13,4,0,1,0,0,0,0,0,1,0,0,1,0,5,0,4,13,0,0.021505376344086023,0
1,123011.2,0.21329305135951668,985,138,10,1,13,3,0,0,0,1,0,0,0,0,0,1,1,0,4,0,5,19,1,0.05,0
0,105000.0,0.0,1110,147,11,1,13,2,0,1,0,0,0,0,0,1,0,1,1,0,6,0,5,12,1,0.14,1
1,150800.0,0.2516276826621654,642,89,6,1,25,2,1,0,0,0,0,0,0,0,1,0,1,0,3,0,2,15,0,0.06930693069306931,0
1,130000.0,0.26666666666666666,797,106,6,1,23,2,0,1,0,0,0,0,0,0,0,1,1,0,3,1,1,15,0,0.10526315789473684,0
0,105000.0,0.0,1015,139,10,1,24,1,0,0,0,0,0,0,1,0,0,0,1,0,3,0,6,11,1,0.1,0
1,91436.8,0.3389382202909503,901,116,6,1,28,3,0,0,0,0,0,0,1,0,1,0,1,0,5,0,6,21,1,0.08695652173913043,0
0,105000.0,0.0,853,118,10,1,18,3,0,1,0,0,0,0,0,0,1,0,1,0,5,0,6,7,1,0.06635071090047394,0
1,76500.0,0.2905027932960894,1299,172,11,1,19,1,0,0,0,0,0,1,0,1,1,0,1,0,5,0,5,14,1,0.12,1
1,104750.0,0.2094017094017094,698,94,6,1,18,2,0,1,0,0,0,0,0,1,0,1,1,0,6,0,5,21,1,0.14492753623188406,1
0,105000.0,0.0,906,124,6,1,24,0,0,0,0,0,1,0,0,0,0,1,1,0,6,1,4,20,0,0.09302325581395349,0
1,227000.0,0.2803030303030303,828,117,10,1,12,4,0,1,0,0,0,0,0,0,0,0,0,0,4,0,5,23,1,0.030303030303030304,0
1,81000.0,0.3036649214659686,690,94,6,1,24,2,0,0,0,0,1,0,0,0,0,0,1,0,3,0,1,12,0,0.13432835820895522,1
0,105000.0,0.0,756,103,6,1,24,3,0,0,0,0,1,0,0,1,0,0,1,0,7,0,5,2,1,0.0625,0
0,105000.0,0.0,1262,166,11,1,19,4,0,0,0,0,0,1,0,1,0,1,1,0,4,0,5,23,1,0.0,0
0,105000.0,0.0,898,124,10,1,35,5,0,0,0,1,0,0,0,1,0,1,1,0,4,1,5,14,1,0.10344827586206896,0
0,105000.0,0.0,1037,144,10,1,18,2,0,0,0,0,1,0,0,0,1,0,1,0,5,0,5,20,1,0.07317073170731707,0
1,67250.0,0.24183006535947713,1054,143,10,1,29,2,0,0,1,0,0,0,0,0,0,1,1,0,4,1,4,21,0,0.1832797427652733,1
0,105000.0,0.0,868,116,10,1,31,1,0,0,0,0,0,0,1,1,0,1,1,0,3,0,4,10,0,0.32558139534883723,1
1,91750.0,0.26066350710900477,723,94,6,1,32,3,0,0,1,0,0,0,0,1,0,0,1,0,4,1,0,8,0,0.14354066985645933,1
1,115648.0,0.3562453806356246,869,114,6,1,28,3,0,0,0,1,0,0,0,1,0,1,1,0,4,1,3,5,0,0.07916666666666666,0
1,70250.0,0.3942857142857143,915,125,10,1,32,1,0,0,0,1,0,0,0,1,0,1,1,0,5,0,0,6,0,0.20833333333333334,1
1,81577.59999999999,0.2625166149756314,1114,145,11,1,28,3,0,0,0,0,0,0,1,0,0,1,1,0,3,1,3,13,0,0.09375,0
1,102750.0,0.26582278481012656,686,92,6,1,12,1,0,1,0,0,0,0,0,0,1,0,1,0,5,0,0,3,0,0.20967741935483872,1
0,105000.0,0.0,744,96,6,1,28,0,0,0,0,0,0,0,1,1,0,1,1,0,4,0,1,3,0,0.16393442622950818,1
0,105000.0,0.0,728,98,6,1,33,3,1,0,0,0,0,0,0,0,1,0,1,0,6,0,1,19,0,0.04918032786885246,0
1,291750.0,0.35864978902953587,1282,168,11,1,23,5,0,1,0,0,0,0,0,1,0,1,1,0,7,1,2,5,0,0.07339449541284404,0
1,145750.0,0.3715083798882682,1135,147,11,1,28,4,0,0,0,0,0,0,1,1,1,0,1,0,4,1,5,12,1,0.06097560975609756,0
0,105000.0,0.0,929,123,6,1,25,1,0,0,1,0,0,0,0,1,0,0,0,1,7,0,0,15,0,0.08823529411764706,0
1,162750.0,0.19166666666666668,720,95,6,1,19,4,0,0,0,0,0,1,0,1,0,0,1,0,5,1,3,10,0,0.11764705882352941,1
0,105000.0,0.0,1121,148,11,1,24,3,0,0,0,0,1,0,0,0,0,1,0,0,5,0,4,12,0,0.11428571428571428,1
1,83500.0,0.2604166666666667,1242,164,11,1,14,1,0,1,0,0,0,0,0,0,0,0,0,0,4,1,1,9,0,0.09142857142857143,0
1,177750.0,0.3031026252983294,702,95,6,1,25,3,0,1,0,0,0,0,0,1,0,0,0,1,6,0,2,18,0,0.11666666666666667,1
1,113500.0,0.3247232472324723,1021,140,10,1,20,3,0,0,0,0,0,1,0,0,1,0,1,0,4,1,1,12,0,0.13043478260869565,1
0,105000.0,0.0,1111,145,11,1,22,3,0,0,0,0,0,1,0,1,1,0,1,0,4,0,4,9,0,0.0784313725490196,0
1,43000.0,0.20833333333333334,1022,139,10,1,28,1,0,0,0,0,0,0,1,0,0,0,1,0,3,1,1,13,0,0.24113475177304963,1
0,105000.0,0.0,1053,149,10,1,14,2,0,0,0,0,1,0,0,0,0,1,1,0,5,1,6,15,1,0.050505050505050504,0
1,243750.0,0.23688969258589512,1035,141,10,1,33,4,1,0,0,0,0,0,0,1,0,1,0,0,5,0,2,23,0,0.0,0
1,147000.0,0.2807017543859649,701,96,6,1,13,4,0,0,0,1,0,0,0,0,0,1,1,0,5,0,0,2,0,0.09302325581395349,0
1,141250.0,0.31343283582089554,814,116,10,1,15,2,1,0,0,0,0,0,0,1,1,0,0,0,4,0,3,11,0,0.09652509652509653,0
0,105000.0,0.0,866,120,10,1,19,3,0,0,0,0,0,1,0,1,0,0,1,0,4,0,4,15,0,0.07407407407407407,0
0,105000.0,0.0,1274,166,11,1,20,1,0,0,0,0,0,1,0,1,1,0,1,0,5,0,6,11,1,0.0784313725490196,0
1,107750.0,0.30980392156862746,720,95,6,1,14,1,0,1,0,0,0,0,0,1,0,0,0,0,7,0,4,5,0,0.27586206896551724,1
0,105000.0,0.0,697,94,6,1,13,3,0,0,0,1,0,0,0,0,1,0,1,0,5,0,5,21,1,0.057692307692307696,0
1,100750.0,0.2324561403508772,896,124,10,1,22,4,0,0,0,0,0,1,0,0,1,0,0,0,5,1,1,0,0,0.12,1
1,27500.0,0.3582089552238806,921,120,6,1,28,0,0,0,0,0,0,0,1,0,0,0,1,0,5,1,0,9,0,0.18620689655172415,1
1,109553.6,0.2608552088492653,1068,147,10,1,20,3,0,0,0,0,0,1,0,1,1,0,0,1,5,1,0,15,0,0.11538461538461539,1
1,89000.0,0.2966507177033493,1031,142,10,1,17,3,0,1,0,0,0,0,0,1,0,0,1,0,6,1,4,6,0,0.23076923076923078,1
1,200500.0,0.21380846325167038,812,112,6,1,18,4,1,0,0,0,0,0,0,0,0,1,1,0,4,1,5,22,1,0.05825242718446602,0
1,229750.0,0.27902621722846443,800,106,6,1,32,3,0,0,1,0,0,0,0,0,0,0,1,0,7,0,5,6,1,0.04411764705882353,0
0,105000.0,0.0,1265,167,11,1,17,3,0,1,0,0,0,0,0,1,0,0,1,0,6,1,3,15,0,0.02620967741935484,0
1,115000.0,0.23076923076923078,1121,147,11,1,22,3,0,0,0,0,0,1,0,1,0,0,1,0,4,0,2,16,0,0.14583333333333334,1
0,105000.0,0.0,760,98,6,1,31,2,0,0,0,0,0,0,1,0,1,0,1,0,5,0,2,19,0,0.11363636363636363,1
0,105000.0,0.0,1107,145,11,1,22,3,0,0,0,0,0,1,0,0,0,1,0,0,3,0,4,13,0,0.04918032786885246,0
1,60750.0,0.2642857142857143,1141,149,11,1,22,1,0,0,0,0,0,1,0,0,0,1,1,0,6,0,0,0,0,0.13953488372093023,1
0,105000.0,0.0,1143,150,11,1,24,4,0,0,0,0,1,0,0,1,0,0,1,0,6,1,4,6,0,0.036231884057971016,0
0,105000.0,0.0,1273,169,11,1,24,1,0,0,0,0,1,0,0,0,0,0,0,0,5,0,1,12,0,0.07407407407407407,0
1,180750.0,0.3302540415704388,707,96,6,1,25,1,1,0,0,0,0,0,0,0,1,0,1,0,6,0,1,0,0,0.06172839506172839,0
1,133500.0,0.34674922600619196,1102,145,11,1,25,4,0,0,0,1,0,0,0,0,1,0,1,0,3,0,3,21,0,0.04054054054054054,0
1,127750.0,0.28523489932885904,860,114,6,1,32,3,0,0,1,0,0,0,0,1,0,0,1,0,3,0,3,23,0,0.10822510822510822,1
1,102398.4,0.24066464177237804,1128,149,11,1,22,4,0,0,0,0,0,1,0,1,1,0,0,0,5,1,4,18,0,0.10240963855421686,0
0,105000.0,0.0,1039,143,10,1,28,2,0,0,0,0,0,0,1,1,0,0,1,0,3,1,1,5,0,0.12258064516129032,1
1,141750.0,0.24458204334365324,1134,150,11,1,25,4,0,0,0,1,0,0,0,0,1,0,1,0,5,1,1,5,0,0.05,0
1,181750.0,0.3248847926267281,1122,149,11,1,14,4,0,0,0,0,1,0,0,1,1,0,1,0,5,0,2,20,0,0.0,0
1,93537.59999999999,0.33678564823377105,1126,149,11,1,35,5,0,0,0,1,0,0,0,0,0,0,0,1,4,0,6,7,1,0.09090909090909091,0
0,105000.0,0.0,1023,141,10,1,13,3,0,0,0,1,0,0,0,0,1,0,1,0,3,0,6,6,1,0.05384615384615385,0
1,72250.0,0.3672316384180791,872,123,10,1,24,2,0,0,0,0,1,0,0,1,0,1,1,0,4,1,5,13,1,0.1574074074074074,1
0,105000.0,0.0,1044,141,10,1,22,2,0,0,0,0,0,1,0,1,0,1,1,0,4,1,0,15,0,0.09352517985611511,0
1,98000.0,0.2018348623853211,876,124,10,1,26,4,0,0,0,0,1,0,0,1,0,0,1,0,5,1,1,23,0,0.15333333333333332,1
1,100250.0,0.23348017621145375,872,122,10,1,26,4,0,0,0,0,1,0,0,0,0,0,1,0,4,1,6,14,1,0.08035714285714286,0
1,102500.0,0.30578512396694213,934,125,10,1,31,3,0,0,0,0,0,0,1,1,1,0,1,0,5,0,4,15,0,0.25,1
1,50750.0,0.3888888888888889,930,124,10,1,28,1,0,0,0,0,0,0,1,0,1,0,1,0,5,0,1,9,0,0.2087912087912088,1
0,105000.0,0.0,911,126,10,1,19,3,0,0,0,0,0,1,0,0,0,1,1,0,6,0,0,7,0,0.0425531914893617,0
1,62358.4,0.19699248120300755,744,96,6,1,28,2,0,0,0,0,0,0,1,0,0,1,1,0,4,0,4,21,0,0.11290322580645161,1
0,105000.0,0.0,818,114,10,1,13,3,0,1,0,0,0,0,0,0,0,0,1,0,3,0,4,4,0,0.07368421052631578,0
1,90542.40000000001,0.22868769074262466,883,123,10,1,17,1,1,0,0,0,0,0,0,0,0,1,1,0,7,0,6,1,1,0.08823529411764706,0
1,138750.0,0.22115384615384615,832,116,10,1,17,5,0,0,0,1,0,0,0,0,1,0,1,0,3,0,3,7,0,0.16,1
1,210500.0,0.3425196850393701,1247,164,11,1,25,4,0,0,0,1,0,0,0,0,1,0,1,0,3,0,4,15,0,0.09523809523809523,0
0,105000.0,0.0,868,123,10,1,14,4,0,0,0,0,1,0,0,1,1,0,1,0,5,1,4,17,0,0.06172839506172839,0
1,177750.0,0.27427184466019416,676,90,6,1,25,3,1,0,0,0,0,0,0,0,0,1,1,0,4,0,5,22,1,0.041666666666666664,0
1,173750.0,0.2839506172839506,729,96,6,1,17,3,0,1,0,0,0,0,0,0,0,1,1,0,7,0,2,23,0,0.12195121951219512,1
1,156500.0,0.33066666666666666,835,119,10,1,14,3,0,0,1,0,0,0,0,1,1,0,1,0,3,1,4,1,0,0.07692307692307693,0
1,90250.0,0.3209302325581395,895,117,6,1,28,3,0,0,0,0,0,0,1,1,1,0,1,0,4,0,2,1,0,0.14285714285714285,1
1,282000.0,0.22362204724409449,1271,170,11,1,25,4,1,0,0,0,0,0,0,0,1,0,1,0,4,0,3,20,0,0.058823529411764705,0
0,105000.0,0.0,1024,140,10,1,22,4,0,0,0,0,0,1,0,1,0,0,1,0,4,0,2,5,0,0.057692307692307696,0
1,66000.0,0.37037037037037035,1027,142,10,1,22,2,0,0,0,0,0,1,0,0,0,1,1,0,4,1,6,19,1,0.11904761904761904,1
0,105000.0,0.0,1041,140,10,1,28,2,0,0,0,0,0,0,1,1,0,1,1,0,4,1,3,3,0,0.12631578947368421,1
1,187283.2,0.29485844143547013,1239,165,11,1,19,3,1,0,0,0,0,0,0,1,0,0,1,0,4,1,6,8,1,0.09333333333333334,0
1,270750.0,0.3051643192488263,767,102,6,1,16,4,0,0,1,0,0,0,0,1,1,0,0,0,7,0,6,8,1,0.10655737704918032,0
1,166250.0,0.2682291666666667,1095,144,11,1,23,3,0,1,0,0,0,0,0,0,0,1,1,0,3,1,0,5,0,0.12086092715231789,1
1,219250.0,0.3848987108655617,715,91,6,1,33,4,1,0,0,0,0,0,0,1,1,0,1,0,4,1,1,23,0,0.17647058823529413,1
0,105000.0,0.0,737,98,6,1,25,4,0,0,0,1,0,0,0,0,0,1,1,0,5,0,0,3,0,0.022727272727272728,0
1,77272.0,0.20531400966183574,757,96,6,1,31,3,0,0,0,0,0,0,1,0,0,1,1,0,5,0,5,4,1,0.15517241379310345,1
1,119750.0,0.31338028169014087,659,88,6,1,19,4,0,0,0,0,0,1,0,0,0,1,1,0,3,0,4,12,0,0.07246376811594203,0
1,234750.0,0.3612565445026178,1088,144,11,1,21,4,0,1,0,0,0,0,0,0,1,0,1,0,3,1,0,4,0,0.05714285714285714,0
1,91250.0,0.38495575221238937,1297,171,11,1,35,5,0,0,0,1,0,0,0,0,0,0,1,0,5,1,5,11,1,0.021897810218978103,0
0,105000.0,0.0,879,114,6,1,23,2,0,1,0,0,0,0,0,0,0,1,1,0,7,0,4,0,0,0.13636363636363635,1
1,62250.0,0.23404255319148937,829,116,6,1,25,0,1,0,0,0,0,0,0,0,0,0,0,0,5,0,4,10,0,0.16666666666666666,1
1,82500.0,0.18681318681318682,1125,148,11,1,14,1,0,0,1,0,0,0,0,0,0,1,0,1,6,0,0,0,0,0.09090909090909091,0
1,101108.8,0.3380064968370662,1124,149,11,1,25,1,1,0,0,0,0,0,0,1,0,0,1,0,7,1,2,20,0,0.13953488372093023,1
1,157000.0,0.33421750663129973,1097,146,11,1,18,2,1,0,0,0,0,0,0,0,1,0,1,0,6,0,4,12,0,0.020833333333333332,0
0,105000.0,0.0,832,114,6,1,14,4,0,0,1,0,0,0,0,0,0,1,0,0,4,0,1,17,0,0.03333333333333333,0
1,119750.0,0.3872053872053872,1099,145,11,1,22,3,0,0,0,0,0,1,0,0,1,0,1,0,3,1,2,22,0,0.1415525114155251,1
1,206250.0,0.3791748526522593,839,117,6,1,21,3,0,1,0,0,0,0,0,1,1,0,1,0,4,0,3,20,0,0.08571428571428572,0
1,92000.0,0.35714285714285715,1114,147,11,1,21,1,0,1,0,0,0,0,0,1,0,0,1,0,5,1,5,4,1,0.12731481481481483,1
1,52250.0,0.3798449612403101,1011,137,10,1,31,1,0,0,0,0,0,0,1,1,0,0,1,0,3,0,4,23,0,0.21052631578947367,1
1,39000.0,0.3917525773195876,1121,147,11,1,28,1,0,0,0,0,0,0,1,1,0,0,1,0,4,0,6,12,1,0.22093023255813954,1
1,195750.0,0.3584905660377358,875,121,6,1,19,4,1,0,0,0,0,0,0,1,1,0,0,0,4,0,3,9,0,0.13157894736842105,1
1,88750.0,0.3333333333333333,1129,149,11,1,28,2,0,0,0,1,0,0,0,0,0,1,1,0,5,0,4,21,0,0.13513513513513514,1
1,174750.0,0.28255528255528256,1100,144,11,1,18,3,0,1,0,0,0,0,0,0,0,1,1,0,4,0,0,14,0,0.1,0
1,79000.0,0.24444444444444444,1081,151,10,1,24,1,0,0,0,0,1,0,0,1,1,0,1,0,6,0,5,5,1,0.10588235294117647,0
1,107750.0,0.2620967741935484,889,123,10,1,18,2,0,1,0,0,0,0,0,0,0,0,1,0,7,0,3,10,0,0.18461538461538463,1
1,100048.0,0.35752091514427176,1309,173,11,1,22,3,0,0,0,0,0,1,0,0,0,1,0,0,6,0,6,23,1,0.05555555555555555,0
0,105000.0,0.0,1153,151,11,1,35,5,0,0,0,1,0,0,0,0,0,0,1,0,6,1,6,23,1,0.04363636363636364,0
0,105000.0,0.0,1098,144,11,1,18,3,0,1,0,0,0,0,0,1,0,1,1,0,4,1,1,23,0,0.07582938388625593,0
0,105000.0,0.0,1112,147,11,1,16,4,0,0,1,0,0,0,0,1,1,0,0,0,4,0,0,5,0,0.1,0
1,84750.0,0.305,1284,169,11,1,32,2,0,0,0,1,0,0,0,1,0,1,1,0,5,0,0,20,0,0.16129032258064516,1
1,82750.0,0.22994652406417113,1099,145,11,1,17,3,0,1,0,0,0,0,0,1,0,0,1,0,3,0,1,3,0,0.2692307692307692,1
0,105000.0,0.0,1105,146,11,1,15,3,1,0,0,0,0,0,0,1,0,1,1,0,6,1,6,9,1,0.024,0
1,91750.0,0.34684684684684686,1103,144,11,1,23,0,0,1,0,0,0,0,0,1,1,0,1,0,4,0,1,0,0,0.25,1
1,128500.0,0.3257328990228013,816,115,10,1,18,1,0,1,0,0,0,0,0,1,1,0,1,0,3,0,5,19,1,0.1282051282051282,1
1,119000.0,0.30604982206405695,1267,168,11,1,25,1,1,0,0,0,0,0,0,0,1,0,0,0,6,0,0,13,0,0.13636363636363635,1
1,105081.6,0.27176329741747907,1105,146,11,1,18,3,0,0,1,0,0,0,0,0,1,0,1,0,4,1,6,17,1,0.10380622837370242,0
1,121750.0,0.3927392739273927,675,90,6,1,29,3,0,0,1,0,0,0,0,1,1,0,0,1,3,1,5,13,1,0.1541501976284585,1
1,62250.0,0.20863309352517986,1263,166,11,1,28,2,0,0,0,0,0,0,1,0,0,1,1,0,3,0,6,5,1,0.20149253731343283,1
1,100152.0,0.39285714285714285,760,102,6,1,24,2,0,0,0,0,1,0,0,0,1,0,1,0,6,0,6,1,1,0.07407407407407407,0
0,105000.0,0.0,1006,142,10,1,24,0,0,0,0,0,1,0,0,0,1,0,0,1,3,1,6,13,1,0.07692307692307693,0
1,39603.2,0.36496350364963503,705,92,6,1,24,1,0,0,0,0,0,0,1,0,0,0,1,0,3,0,2,6,0,0.12264150943396226,1
1,85500.0,0.2727272727272727,1293,170,11,1,35,5,0,0,0,1,0,0,0,1,0,0,1,0,5,0,2,0,0,0.06837606837606838,0
0,105000.0,0.0,842,118,10,1,18,3,1,0,0,0,0,0,0,0,0,1,1,0,5,1,1,4,0,0.06321839080459771,0
1,63250.0,0.25517241379310346,1105,145,11,1,20,2,0,0,0,0,0,1,0,1,0,1,1,0,3,1,2,2,0,0.11702127659574468,1
1,85250.0,0.39906103286384975,1095,153,10,1,19,4,1,0,0,0,0,0,0,1,0,0,0,0,6,0,2,5,0,0.08,0
0,105000.0,0.0,930,128,10,1,32,3,0,0,1,0,0,0,0,0,1,0,1,0,6,0,6,11,1,0.1111111111111111,1
1,143750.0,0.33815028901734107,812,114,6,1,17,3,0,1,0,0,0,0,0,1,0,1,0,1,3,0,4,1,0,0.0759493670886076,0
1,110750.0,0.3592592592592593,773,100,6,1,28,3,0,0,0,1,0,0,0,0,0,0,1,0,6,0,6,9,1,0.018867924528301886,0
0,105000.0,0.0,1271,167,11,1,32,3,0,0,1,0,0,0,0,0,0,1,1,0,3,0,1,2,0,0.033444816053511704,0
0,105000.0,0.0,901,122,6,1,17,5,0,0,0,1,0,0,0,0,0,1,1,0,5,0,6,1,1,0.061224489795918366,0
1,129500.0,0.3016393442622951,752,102,6,1,14,3,0,0,1,0,0,0,0,1,0,1,1,0,7,1,1,4,0,0.08421052631578947,0
1,229500.0,0.2035225048923679,1061,146,10,1,15,5,0,0,1,0,0,0,0,0,0,0,1,0,6,1,2,14,0,0.0,0
0,105000.0,0.0,909,123,6,1,35,5,0,0,0,1,0,0,0,0,1,0,0,1,5,0,1,1,0,0.07027027027027027,0
1,91000.0,0.3225806451612903,1047,142,10,1,13,1,0,1,0,0,0,0,0,1,0,0,0,0,7,0,6,22,1,0.16176470588235295,1
0,105000.0,0.0,1145,149,11,1,29,1,0,0,1,0,0,0,0,0,1,0,1,0,6,0,0,15,0,0.2,1
1,151250.0,0.3147632311977716,1114,147,11,1,25,3,0,1,0,0,0,0,0,0,0,1,0,0,6,0,1,17,0,0.15873015873015872,1
0,105000.0,0.0,1141,150,11,1,25,4,0,0,0,1,0,0,0,0,0,1,1,0,6,1,4,7,0,0.0,0
1,132500.0,0.19727891156462585,1105,144,11,1,23,2,0,1,0,0,0,0,0,0,0,1,1,0,3,0,2,11,0,0.1044776119402985,0
1,196250.0,0.19954128440366972,1062,147,10,1,13,4,0,1,0,0,0,0,0,0,0,0,1,0,7,0,3,20,0,0.11475409836065574,1
0,105000.0,0.0,774,101,6,1,29,0,0,0,1,0,0,0,0,0,1,0,0,0,6,0,1,11,0,0.08441558441558442,0
1,100250.0,0.23348017621145375,818,116,10,1,21,1,0,1,0,0,0,0,0,0,0,1,1,0,3,0,0,10,0,0.18181818181818182,1
0,105000.0,0.0,1155,152,11,1,25,1,0,0,1,0,0,0,0,0,0,1,1,0,7,1,4,2,0,0.03902439024390244,0
1,75500.0,0.358695652173913,916,125,10,1,18,2,0,0,1,0,0,0,0,0,0,1,1,0,6,0,3,2,0,0.13953488372093023,1
1,148000.0,0.28405797101449276,796,108,6,1,18,3,1,0,0,0,0,0,0,1,0,1,1,0,3,0,6,14,1,0.225,1
1,69250.0,0.2578616352201258,1303,171,11,1,25,4,0,0,0,1,0,0,0,0,0,0,1,0,6,1,2,16,0,0.08383233532934131,0
1,92250.0,0.25118483412322273,792,108,6,1,17,1,1,0,0,0,0,0,0,0,0,1,1,0,3,0,2,0,0,0.14285714285714285,1
1,74750.0,0.2616279069767442,1121,146,11,1,31,3,0,0,0,0,0,0,1,1,0,1,0,1,3,1,0,18,0,0.15450643776824036,1
0,105000.0,0.0,902,122,10,1,24,1,0,0,0,0,0,0,1,0,1,0,0,1,4,1,6,2,1,0.1125,1
0,105000.0,0.0,927,129,10,1,15,3,0,0,1,0,0,0,0,0,0,0,1,0,7,0,2,14,0,0.03389830508474576,0
1,101250.0,0.2236842105263158,1262,168,11,1,18,2,0,1,0,0,0,0,0,0,0,1,1,0,3,1,4,17,0,0.10344827586206896,0
1,183000.0,0.30162412993039445,990,140,10,1,33,3,1,0,0,0,0,0,0,0,1,0,0,0,4,0,1,15,0,0.07801418439716312,0
0,105000.0,0.0,849,119,10,1,18,2,0,0,1,0,0,0,0,0,0,1,0,0,4,0,2,20,0,0.13846153846153847,1
0,105000.0,0.0,1019,141,10,1,14,2,0,1,0,0,0,0,0,0,0,1,1,0,6,0,4,1,0,0.07407407407407407,0
1,94750.0,0.2534562211981567,1138,149,11,1,22,3,0,0,0,0,0,1,0,0,0,0,1,0,6,0,1,17,0,0.06382978723404255,0
1,111000.0,0.20967741935483872,1134,147,11,1,28,4,0,0,0,0,0,0,1,0,0,1,1,0,4,0,2,17,0,0.0851063829787234,0
1,288500.0,0.20249221183800623,750,99,6,1,16,5,0,0,1,0,0,0,0,1,0,0,1,0,7,0,0,3,0,0.0,0
1,141000.0,0.38857142857142857,1107,148,11,1,24,3,0,0,0,0,1,0,0,1,1,0,0,0,4,0,2,14,0,0.1,0
1,62250.0,0.2708333333333333,652,90,6,1,15,0,1,0,0,0,0,0,0,0,0,0,1,0,3,0,1,17,0,0.23684210526315788,1
0,105000.0,0.0,860,114,6,1,25,1,0,0,1,0,0,0,0,0,0,1,0,0,4,1,0,16,0,0.05286343612334802,0
1,128500.0,0.20905923344947736,1301,171,11,1,23,1,0,1,0,0,0,0,0,1,1,0,1,0,6,1,0,19,0,0.18571428571428572,1
1,135500.0,0.382089552238806,1332,175,11,1,32,4,0,0,0,1,0,0,0,1,0,0,1,0,6,0,2,15,0,0.02702702702702703,0
0,105000.0,0.0,1041,144,10,1,17,5,0,0,0,1,0,0,0,0,0,1,0,0,5,0,3,7,0,0.043478260869565216,0
0,105000.0,0.0,1280,171,11,1,14,1,0,0,0,0,1,0,0,0,0,1,0,1,5,0,0,19,0,0.13333333333333333,1
1,140500.0,0.296969696969697,823,113,6,1,14,4,0,0,0,0,1,0,0,0,1,0,1,0,3,1,2,19,0,0.08247422680412371,0
0,105000.0,0.0,766,102,6,1,19,4,1,0,0,0,0,0,0,0,0,1,1,0,7,0,2,6,0,0.0,0
1,64250.0,0.3525641025641026,1107,145,11,1,22,2,0,0,0,0,0,1,0,0,0,1,1,0,4,0,0,19,0,0.10112359550561797,0
0,105000.0,0.0,1063,145,10,1,18,0,0,0,1,0,0,0,0,1,1,0,1,0,6,0,2,22,0,0.1050228310502283,0
1,103500.0,0.3373493975903614,1093,146,11,1,21,4,1,0,0,0,0,0,0,1,0,1,1,0,4,0,3,2,0,0.12121212121212122,1
1,113526.4,0.21795918367346942,672,90,6,1,25,2,0,1,0,0,0,0,0,1,0,1,0,0,3,0,5,20,1,0.11864406779661017,1
1,91000.0,0.36036036036036034,911,127,10,1,14,2,0,0,0,0,1,0,0,1,1,0,1,0,6,1,2,17,0,0.1580188679245283,1
0,105000.0,0.0,851,119,10,1,28,1,0,0,0,1,0,0,0,0,1,0,1,0,3,1,3,3,0,0.10869565217391304,1
1,93500.0,0.3948497854077253,907,125,10,1,21,1,0,1,0,0,0,0,0,0,0,1,1,0,7,1,4,8,0,0.09868421052631579,0
1,89250.0,0.3991031390134529,910,129,10,1,24,1,0,0,0,0,1,0,0,1,1,0,1,0,6,1,3,16,0,0.14754098360655737,1
1,54750.0,0.3897058823529412,877,123,10,1,14,0,0,0,1,0,0,0,0,0,0,1,0,1,5,1,5,7,1,0.09137055837563451,0
0,105000.0,0.0,886,116,6,1,28,3,0,0,0,0,0,0,1,0,0,1,0,1,4,0,1,10,0,0.1,0
1,103250.0,0.21982758620689655,744,96,6,1,33,4,1,0,0,0,0,0,0,0,0,1,1,0,7,0,2,9,0,0.11504424778761062,1
1,117750.0,0.22932330827067668,895,118,6,1,18,3,0,0,1,0,0,0,0,1,1,0,1,0,6,1,3,11,0,0.13513513513513514,1
1,84750.0,0.3382352941176471,690,94,6,1,21,1,0,1,0,0,0,0,0,0,0,1,1,0,5,0,2,3,0,0.14545454545454545,1
0,105000.0,0.0,1295,172,11,1,29,3,0,0,1,0,0,0,0,1,0,1,0,1,4,0,6,20,1,0.07142857142857142,0
1,64250.0,0.2635135135135135,1059,146,10,1,24,1,0,0,0,0,1,0,0,1,0,1,1,0,6,0,2,6,0,0.14583333333333334,1
1,43250.0,0.33653846153846156,814,117,10,1,14,4,0,0,0,0,1,0,0,1,0,1,1,0,3,0,4,16,0,0.13114754098360656,1
0,105000.0,0.0,901,121,6,1,18,1,0,1,0,0,0,0,0,1,1,0,1,0,7,0,3,5,0,0.17142857142857143,1
0,105000.0,0.0,888,121,10,1,28,3,0,0,0,0,0,0,1,1,1,0,1,0,4,0,4,19,0,0.14655172413793102,1
1,233480.0,0.3695257462415571,1272,168,11,1,32,3,0,0,1,0,0,0,0,1,0,0,0,1,4,0,4,2,0,0.043478260869565216,0
1,99000.0,0.30042918454935624,1279,167,11,1,28,4,0,0,0,0,0,0,1,0,0,1,1,0,4,0,5,16,1,0.06666666666666667,0
0,105000.0,0.0,1080,144,11,1,13,1,0,1,0,0,0,0,0,0,0,1,0,1,3,0,6,10,1,0.06324110671936758,0
0,105000.0,0.0,832,117,10,1,18,3,0,0,0,0,1,0,0,0,1,0,1,0,3,0,3,7,0,0.0,0
1,130750.0,0.19655172413793104,888,121,10,1,33,4,1,0,0,0,0,0,0,1,0,1,1,0,5,0,1,0,0,0.13793103448275862,1
1,163500.0,0.256,896,124,10,1,25,1,0,0,1,0,0,0,0,0,1,0,1,0,4,0,6,3,1,0.10416666666666667,0
0,105000.0,0.0,1140,149,11,1,20,2,0,0,0,0,0,1,0,0,0,1,0,0,6,0,1,11,0,0.035398230088495575,0
0,105000.0,0.0,843,121,10,1,24,1,0,0,0,0,1,0,0,1,0,1,0,0,3,0,2,16,0,0.10714285714285714,1
0,105000.0,0.0,1081,149,10,1,18,2,0,0,1,0,0,0,0,1,0,1,1,0,6,0,1,10,0,0.2537313432835821,1
1,225250.0,0.3467889908256881,842,118,10,1,21,4,0,1,0,0,0,0,0,0,0,1,1,0,4,1,4,21,0,0.06293706293706294,0
1,123676.8,0.21360973411446588,834,112,6,1,24,3,1,0,0,0,0,0,0,0,0,1,1,0,4,1,2,7,0,0.1320754716981132,1
0,105000.0,0.0,877,123,10,1,13,5,0,0,0,1,0,0,0,0,0,1,1,0,5,0,2,3,0,0.0,0
1,80250.0,0.34536082474226804,714,94,6,1,24,3,0,0,0,0,0,0,1,1,0,1,0,0,4,0,4,17,0,0.27586206896551724,1
1,76750.0,0.21511627906976744,1096,152,10,1,16,1,0,0,1,0,0,0,0,0,0,1,0,1,7,1,5,21,1,0.09523809523809523,0
1,61000.0,0.2937062937062937,694,92,6,1,25,0,0,1,0,0,0,0,0,0,0,1,1,0,5,0,4,18,0,0.1320754716981132,1
1,68250.0,0.34545454545454546,656,87,6,1,22,4,0,0,0,0,0,1,0,1,0,0,1,0,3,0,3,2,0,0.21379310344827587,1
1,149250.0,0.35082872928176795,707,94,6,1,17,5,0,0,0,1,0,0,0,0,1,0,0,1,4,0,0,23,0,0.08018867924528301,0
1,91250.0,0.2107843137254902,940,122,6,1,28,2,0,0,0,1,0,0,0,0,0,1,1,0,6,0,5,20,1,0.03225806451612903,0
1,74000.0,0.25882352941176473,846,119,10,1,18,2,0,0,0,0,1,0,0,1,0,0,1,0,4,0,2,16,0,0.08771929824561403,0
1,101250.0,0.36693548387096775,901,123,10,1,29,3,0,0,1,0,0,0,0,0,0,1,0,0,4,0,1,8,0,0.06818181818181818,0
0,105000.0,0.0,1146,152,11,1,26,4,0,0,0,0,1,0,0,1,1,0,1,0,7,0,5,6,1,0.0625,0
1,77000.0,0.2696629213483146,884,118,6,1,16,1,0,0,1,0,0,0,0,0,0,1,1,0,5,1,5,16,1,0.1092436974789916,1
0,105000.0,0.0,648,89,6,1,19,4,1,0,0,0,0,0,0,1,0,0,1,0,3,0,6,4,1,0.024390243902439025,0
1,31500.0,0.38461538461538464,929,125,10,1,28,0,0,0,0,0,0,0,1,0,0,0,0,1,5,1,1,5,0,0.2619047619047619,1
1,117750.0,0.22264150943396227,879,123,10,1,17,5,0,0,0,1,0,0,0,0,0,1,1,0,5,0,4,2,0,0.16666666666666666,1
0,105000.0,0.0,862,112,6,1,32,3,0,0,0,1,0,0,0,0,0,1,1,0,3,0,6,10,1,0.06363636363636363,0
0,105000.0,0.0,1128,148,11,1,15,1,0,0,1,0,0,0,0,0,1,0,1,0,5,0,3,7,0,0.08695652173913043,0
0,105000.0,0.0,1281,172,11,1,19,4,1,0,0,0,0,0,0,0,0,1,1,0,4,1,2,20,0,0.06896551724137931,0
1,78250.0,0.3439153439153439,878,112,6,1,28,3,0,0,0,0,0,0,1,0,0,1,1,0,3,0,5,21,1,0.125,1
0,105000.0,0.0,1272,172,11,1,19,3,1,0,0,0,0,0,0,0,0,1,0,1,6,0,0,17,0,0.03529411764705882,0
1,72571.2,0.2702032721864155,857,116,6,1,24,3,0,0,0,0,0,0,1,0,0,0,1,0,3,0,3,22,0,0.18811881188118812,1
0,105000.0,0.0,718,94,6,1,28,1,0,0,0,1,0,0,0,1,0,0,1,0,3,1,5,22,1,0.05333333333333334,0
1,64750.0,0.21379310344827587,1036,143,10,1,31,1,0,0,0,0,0,0,1,0,1,0,1,0,3,0,4,8,0,0.16981132075471697,1
1,85000.0,0.38095238095238093,1023,143,10,1,17,5,0,0,0,1,0,0,0,1,1,0,1,0,4,0,2,17,0,0.17204301075268819,1
0,105000.0,0.0,848,118,6,1,19,4,1,0,0,0,0,0,0,1,0,1,1,0,3,1,0,5,0,0.06962025316455696,0
1,73750.0,0.34269662921348315,696,91,6,1,24,2,0,0,0,0,0,0,1,0,1,0,1,0,3,0,6,21,1,0.2692307692307692,1
1,40000.0,0.24175824175824176,914,124,6,1,26,4,0,0,0,0,1,0,0,0,0,0,0,1,7,1,2,16,0,0.08433734939759036,0
1,142250.0,0.3881019830028329,1128,146,11,1,31,4,0,0,0,0,0,0,1,1,1,0,1,0,4,0,3,1,0,0.19117647058823528,1
1,135750.0,0.22549019607843138,1123,147,11,1,14,3,0,1,0,0,0,0,0,0,0,1,1,0,7,1,5,4,1,0.08888888888888889,0
1,73000.0,0.3595505617977528,1123,146,11,1,28,2,0,0,0,0,0,0,1,0,1,0,1,0,4,0,1,1,0,0.15950920245398773,1
1,65000.0,0.36477987421383645,896,122,10,1,28,3,0,0,0,0,0,0,1,0,0,1,1,0,4,0,0,19,0,0.16279069767441862,1
0,105000.0,0.0,1088,144,11,1,14,0,0,1,0,0,0,0,0,0,1,0,1,0,3,0,1,4,0,0.17142857142857143,1
0,105000.0,0.0,1300,171,11,1,35,5,0,0,0,1,0,0,0,1,1,0,0,0,6,0,1,14,0,0.11764705882352941,1
1,91416.0,0.3729409587266333,732,97,6,1,22,2,0,0,0,0,0,1,0,0,1,0,1,0,5,0,2,16,0,0.1724137931034483,1
0,105000.0,0.0,1077,149,10,1,15,3,0,0,1,0,0,0,0,1,0,0,1,0,7,1,6,18,1,0.07236842105263158,0
1,49750.0,0.29914529914529914,1077,144,10,1,31,1,0,0,0,0,0,0,1,1,1,0,1,0,5,0,2,16,0,0.3387096774193548,1
0,105000.0,0.0,870,116,6,1,25,1,1,0,0,0,0,0,0,0,0,1,0,1,7,0,4,0,0,0.13157894736842105,1
1,73694.4,0.3470958712386284,860,118,10,1,18,0,0,1,0,0,0,0,0,0,1,0,1,0,5,0,0,7,0,0.14583333333333334,1
1,97500.0,0.2743362831858407,690,92,6,1,18,1,0,1,0,0,0,0,0,0,0,1,1,0,5,1,3,17,0,0.12043795620437957,1
1,84750.0,0.18716577540106952,745,96,6,1,28,3,0,0,0,0,0,0,1,1,0,1,1,0,4,0,5,9,1,0.13793103448275862,1
0,105000.0,0.0,1087,153,10,1,14,2,0,0,0,0,1,0,0,0,1,0,1,0,7,1,4,10,0,0.020689655172413793,0
1,98250.0,0.3760330578512397,900,118,6,1,28,3,0,0,0,0,0,0,1,1,1,0,0,1,3,0,5,14,1,0.24,1
1,80496.0,0.23448905109489052,824,114,10,1,13,1,0,1,0,0,0,0,0,1,0,1,1,0,3,1,6,21,1,0.15555555555555556,1
0,105000.0,0.0,737,98,6,1,19,2,0,0,0,0,0,1,0,0,1,0,1,0,5,0,0,0,0,0.06493506493506493,0
0,105000.0,0.0,855,115,6,1,25,1,0,0,1,0,0,0,0,1,0,0,1,0,4,1,4,19,0,0.045454545454545456,0
1,70750.0,0.31547619047619047,1100,147,11,1,26,4,0,0,0,0,1,0,0,0,0,1,1,0,3,0,1,16,0,0.11428571428571428,1
0,105000.0,0.0,1280,170,11,1,22,2,0,0,0,0,0,1,0,1,0,1,0,0,4,1,1,10,0,0.07331378299120235,0
1,241250.0,0.2643884892086331,729,94,6,1,33,4,1,0,0,0,0,0,0,0,0,1,1,0,6,1,0,8,0,0.03389830508474576,0
0,105000.0,0.0,1011,138,10,1,24,3,0,0,0,0,0,0,1,0,0,1,0,0,3,0,6,15,1,0.07575757575757576,0
1,99500.0,0.29914529914529914,1263,167,11,1,26,4,0,0,0,0,1,0,0,0,0,1,1,0,4,0,1,9,0,0.12,1
0,105000.0,0.0,768,103,6,1,16,1,0,0,1,0,0,0,0,1,1,0,1,0,7,1,0,19,0,0.10504201680672269,0
1,171750.0,0.3202933985330073,1021,143,10,1,25,1,1,0,0,0,0,0,0,1,1,0,1,0,6,1,3,13,0,0.07547169811320754,0
1,107500.0,0.33976833976833976,834,114,10,1,23,2,0,1,0,0,0,0,0,0,0,0,1,0,3,1,3,2,0,0.08860759493670886,0
0,105000.0,0.0,943,130,10,1,32,3,0,0,1,0,0,0,0,0,1,0,1,0,6,0,4,15,0,0.0,0
1,79250.0,0.31382978723404253,933,122,6,1,29,2,0,0,1,0,0,0,0,1,1,0,1,0,6,0,3,16,0,0.21323529411764705,1
1,176750.0,0.254320987654321,1276,169,11,1,24,4,0,0,0,0,1,0,0,0,1,0,0,1,6,0,1,8,0,0.0851063829787234,0
1,58000.0,0.30656934306569344,710,92,6,1,31,2,0,0,0,0,0,0,1,0,0,1,1,0,3,0,6,6,1,0.038461538461538464,0
1,124750.0,0.2114695340501792,752,98,6,1,35,5,0,0,0,1,0,0,0,0,0,1,0,1,4,1,2,6,0,0.045454545454545456,0
1,58780.8,0.36268829663962926,1142,148,11,1,31,2,0,0,0,0,0,0,1,1,1,0,1,0,5,0,6,23,1,0.13157894736842105,1
1,73250.0,0.24550898203592814,892,124,10,1,18,2,0,0,0,0,1,0,0,1,0,0,1,0,5,0,1,15,0,0.0641025641025641,0
1,155750.0,0.27900552486187846,898,123,10,1,25,4,0,0,0,1,0,0,0,0,1,0,0,0,4,1,3,7,0,0.03389830508474576,0
1,93000.0,0.32432432432432434,715,96,6,1,33,1,1,0,0,0,0,0,0,0,0,0,1,0,6,1,2,12,0,0.0992063492063492,0
1,114000.0,0.3357664233576642,1275,167,11,1,28,4,0,0,0,0,0,0,1,0,0,1,0,0,4,0,0,4,0,0.11702127659574468,1
1,261250.0,0.37227414330218067,860,122,10,1,33,4,1,0,0,0,0,0,0,0,1,0,1,0,5,1,6,0,1,0.06842105263157895,0
1,97302.40000000001,0.3746743095362168,736,98,6,1,19,3,0,0,0,0,0,1,0,0,0,1,0,0,5,0,3,3,0,0.1111111111111111,1
1,106000.0,0.36293436293436293,1067,146,10,1,17,5,0,0,0,1,0,0,0,0,1,0,0,0,5,0,4,4,0,0.10144927536231885,0
1,130250.0,0.3193548387096774,1091,146,11,1,18,2,1,0,0,0,0,0,0,1,1,0,1,0,5,1,3,18,0,0.13725490196078433,1
1,134750.0,0.2724358974358974,929,125,10,1,28,4,0,0,0,0,0,0,1,0,1,0,1,0,5,1,4,17,0,0.0821917808219178,0
0,105000.0,0.0,1089,144,11,1,23,3,0,1,0,0,0,0,0,0,0,0,1,0,3,0,3,2,0,0.03816793893129771,0
0,105000.0,0.0,1017,142,10,1,14,1,0,0,1,0,0,0,0,1,0,0,1,0,4,0,5,2,1,0.12903225806451613,1
1,68000.0,0.2564102564102564,746,99,6,1,20,1,0,0,0,0,0,1,0,0,1,0,0,0,6,0,5,15,1,0.20175438596491227,1
1,123500.0,0.19708029197080293,710,95,6,1,24,3,1,0,0,0,0,0,0,0,1,0,1,0,5,1,2,7,0,0.07936507936507936,0
1,67750.0,0.3374233128834356,736,99,6,1,22,4,0,0,0,0,0,1,0,1,1,0,1,0,5,0,1,10,0,0.17647058823529413,1
1,88250.0,0.26108374384236455,876,120,10,1,25,4,0,0,0,1,0,0,0,0,0,1,1,0,3,0,0,23,0,0.06818181818181818,0
1,140250.0,0.3739130434782609,849,120,10,1,15,3,1,0,0,0,0,0,0,0,0,1,1,0,6,0,6,12,1,0.02857142857142857,0
0,105000.0,0.0,908,123,10,1,23,1,0,1,0,0,0,0,0,0,1,0,1,0,7,1,6,13,1,0.09900990099009901,0
1,134000.0,0.39520958083832336,754,99,6,1,17,5,0,0,0,1,0,0,0,1,0,0,0,0,6,0,1,4,0,0.12121212121212122,1
0,105000.0,0.0,1139,149,11,1,28,1,0,0,0,0,0,0,1,0,0,1,1,0,5,0,1,17,0,0.09302325581395349,0
1,123000.0,0.18450184501845018,688,93,6,1,13,3,0,0,0,1,0,0,0,1,0,0,1,0,5,0,1,17,0,0.11538461538461539,1
1,73500.0,0.32,850,119,10,1,24,3,0,0,0,0,0,0,1,0,0,0,1,0,3,0,4,6,0,0.18803418803418803,1
1,111250.0,0.3333333333333333,913,129,10,1,14,4,0,0,0,0,1,0,0,0,0,0,1,0,7,0,0,10,0,0.0684931506849315,0
1,136250.0,0.2247557003257329,903,118,6,1,33,4,1,0,0,0,0,0,0,0,0,0,0,0,7,0,2,11,0,0.12121212121212122,1
0,105000.0,0.0,910,123,10,1,23,4,0,1,0,0,0,0,0,0,0,1,0,1,7,1,2,9,0,0.029411764705882353,0
0,105000.0,0.0,1131,148,11,1,22,5,0,0,0,0,0,1,0,0,0,1,1,0,5,0,5,8,1,0.04678362573099415,0
1,81500.0,0.3020833333333333,858,117,10,1,28,3,0,0,0,0,0,0,1,1,0,1,0,1,3,1,4,20,0,0.16033755274261605,1
1,113500.0,0.38434163701067614,829,112,6,1,21,2,0,1,0,0,0,0,0,0,0,1,0,0,4,0,2,10,0,0.043478260869565216,0
1,101500.0,0.34285714285714286,1271,168,11,1,21,2,0,1,0,0,0,0,0,0,0,1,0,1,6,0,2,2,0,0.16216216216216217,1
1,113000.0,0.2204724409448819,812,112,6,1,18,2,1,0,0,0,0,0,0,1,0,1,1,0,3,1,4,2,0,0.12631578947368421,1
1,65750.0,0.35625,1131,150,11,1,15,0,0,0,1,0,0,0,0,1,0,1,1,0,6,0,3,23,0,0.07692307692307693,0
1,72750.0,0.33714285714285713,739,102,6,1,24,2,0,0,0,0,1,0,0,0,0,1,1,0,6,1,6,0,1,0.10112359550561797,0
0,105000.0,0.0,977,136,10,1,14,2,0,1,0,0,0,0,0,1,1,0,1,0,4,0,4,0,0,0.125,1
1,139505.59999999998,0.28706423189886354,1268,167,11,1,29,4,0,0,1,0,0,0,0,0,0,1,1,0,4,0,3,21,0,0.07964601769911504,0
1,66393.6,0.34370946822308684,1117,147,11,1,25,4,0,0,0,1,0,0,0,1,0,0,1,0,4,0,2,18,0,0.17204301075268819,1
0,105000.0,0.0,843,115,6,1,15,2,0,0,1,0,0,0,0,0,1,0,1,0,3,0,4,11,0,0.09090909090909091,0
1,70750.0,0.29518072289156627,1085,151,10,1,24,1,0,0,0,0,1,0,0,0,0,1,0,1,7,1,5,22,1,0.08542713567839195,0
1,92500.0,0.26291079812206575,991,139,10,1,19,2,0,0,0,0,0,1,0,0,1,0,1,0,3,0,1,22,0,0.20987654320987653,1
1,58500.0,0.24060150375939848,892,127,10,1,24,1,0,0,0,0,1,0,0,0,0,1,0,1,5,0,5,4,1,0.1,0
1,81750.0,0.296875,875,114,6,1,24,3,0,0,0,0,0,0,1,0,1,0,0,1,4,1,0,6,0,0.023809523809523808,0
0,105000.0,0.0,754,98,6,1,28,1,0,0,0,0,0,0,1,0,0,1,0,0,5,0,3,7,0,0.12280701754385964,1
1,147250.0,0.20972644376899696,904,125,10,1,33,3,1,0,0,0,0,0,0,0,0,0,1,0,6,1,6,15,1,0.10309278350515463,0
1,125000.0,0.2876712328767123,1108,147,11,1,16,2,0,0,1,0,0,0,0,1,0,0,1,0,4,1,4,4,0,0.1,0
1,56750.0,0.35507246376811596,789,102,6,1,32,1,0,0,0,1,0,0,0,0,0,0,1,0,6,1,5,23,1,0.07865168539325842,0
0,105000.0,0.0,712,94,6,1,18,3,0,0,1,0,0,0,0,0,0,1,1,0,4,0,4,2,0,0.046511627906976744,0
1,206500.0,0.21212121212121213,1094,145,11,1,17,3,0,1,0,0,0,0,0,0,1,0,1,0,3,0,5,9,1,0.1917808219178082,1
0,105000.0,0.0,833,118,10,1,22,4,0,0,0,0,0,1,0,0,1,0,1,0,3,0,2,23,0,0.09574468085106383,0
1,114000.0,0.21176470588235294,1034,143,10,1,33,1,1,0,0,0,0,0,0,0,0,1,1,0,5,0,1,5,0,0.043478260869565216,0
0,105000.0,0.0,1131,148,11,1,18,2,0,0,1,0,0,0,0,0,1,0,1,0,6,1,2,15,0,0.11475409836065574,1
0,105000.0,0.0,1138,149,11,1,16,3,0,0,1,0,0,0,0,1,1,0,1,0,6,0,6,20,1,0.08064516129032258,0
0,105000.0,0.0,1099,145,11,1,15,3,0,0,1,0,0,0,0,0,1,0,1,0,3,0,5,1,1,0.023255813953488372,0
1,130250.0,0.39692307692307693,688,93,6,1,20,3,0,0,0,0,0,1,0,0,1,0,0,0,4,0,5,1,1,0.08571428571428572,0
1,79500.0,0.36923076923076925,1129,148,11,1,28,3,0,0,0,0,0,0,1,1,0,1,0,1,4,0,4,16,0,0.2111111111111111,1
0,105000.0,0.0,912,122,6,1,18,1,0,0,1,0,0,0,0,1,0,1,0,0,6,0,3,0,0,0.12162162162162163,1
1,72250.0,0.31976744186046513,880,121,10,1,20,2,0,0,0,0,0,1,0,0,1,0,1,0,5,1,1,4,0,0.16117216117216118,1
1,157500.0,0.3155080213903743,1274,171,11,1,25,1,1,0,0,0,0,0,0,1,0,0,0,0,6,0,5,18,1,0.05405405405405406,0
1,68000.0,0.1986754966887417,1095,145,11,1,24,1,0,0,0,0,1,0,0,1,0,0,0,1,3,0,0,3,0,0.08695652173913043,0
0,105000.0,0.0,681,88,6,1,32,2,0,0,0,1,0,0,0,0,1,0,1,0,3,0,1,11,0,0.058823529411764705,0
1,119995.2,0.302633514785935,1101,146,11,1,25,1,1,0,0,0,0,0,0,0,0,1,1,0,5,0,2,19,0,0.08888888888888889,0
1,94000.0,0.19230769230769232,903,122,6,1,14,3,0,0,0,0,1,0,0,0,0,1,1,0,6,1,2,3,0,0.1016949152542373,0
0,105000.0,0.0,1280,169,11,1,25,3,0,1,0,0,0,0,0,1,1,0,1,0,7,0,1,13,0,0.06666666666666667,0
1,171250.0,0.1830238726790451,720,93,6,1,33,4,1,0,0,0,0,0,0,1,0,0,1,0,6,0,1,17,0,0.061224489795918366,0
1,80000.0,0.2887700534759358,856,114,6,1,22,4,0,0,0,0,0,1,0,0,1,0,1,0,4,1,6,16,1,0.15217391304347827,1
1,226750.0,0.26908396946564883,709,95,6,1,14,3,0,1,0,0,0,0,0,0,1,0,1,0,6,0,6,4,1,0.05970149253731343,0
1,108000.0,0.2857142857142857,827,112,6,1,21,4,1,0,0,0,0,0,0,1,0,1,1,0,4,1,6,8,1,0.22857142857142856,1
1,68250.0,0.3652694610778443,929,122,6,1,28,1,0,0,0,1,0,0,0,1,0,0,0,1,6,1,5,7,1,0.2,1
1,61500.0,0.3815789473684211,912,125,10,1,17,5,0,0,0,1,0,0,0,0,0,1,1,0,5,0,6,8,1,0.1794871794871795,1
1,100750.0,0.20089285714285715,908,125,10,1,25,4,0,0,0,1,0,0,0,1,0,0,1,0,5,0,5,19,1,0.01694915254237288,0
1,126750.0,0.2986577181208054,806,114,10,1,12,2,0,1,0,0,0,0,0,0,0,1,1,0,3,0,3,22,0,0.09615384615384616,0
1,124500.0,0.31756756756756754,999,139,10,1,18,4,0,0,1,0,0,0,0,1,0,0,0,0,4,0,0,14,0,0.1282051282051282,1
1,148250.0,0.25588235294117645,676,88,6,1,13,3,0,1,0,0,0,0,0,0,0,1,0,0,4,0,0,23,0,0.0,0
1,81000.0,0.22950819672131148,1285,169,11,1,18,2,0,0,1,0,0,0,0,0,1,0,1,0,6,0,2,15,0,0.15454545454545454,1
0,105000.0,0.0,918,127,10,1,22,4,0,0,0,0,0,1,0,0,1,0,1,0,6,1,3,9,0,0.025,0
1,77250.0,0.20348837209302326,673,90,6,1,18,3,0,0,1,0,0,0,0,0,0,0,1,0,3,0,6,6,1,0.125,1
1,144250.0,0.3792134831460674,829,115,10,1,23,3,0,1,0,0,0,0,0,1,0,1,1,0,3,1,1,21,0,0.1026694045174538,0
0,105000.0,0.0,765,97,6,1,24,1,0,0,0,0,0,0,1,0,1,0,1,0,5,0,1,19,0,0.13513513513513514,1
1,149250.0,0.19637462235649547,1152,151,11,1,28,4,0,0,0,1,0,0,0,1,0,1,0,0,6,1,5,18,1,0.054187192118226604,0
1,84250.0,0.2356020942408377,729,98,6,1,18,2,0,0,0,0,1,0,0,0,0,1,1,0,6,1,4,10,0,0.1574074074074074,1
1,92310.40000000001,0.3104301484583175,1300,174,11,1,24,3,0,0,0,0,1,0,0,1,0,1,1,0,6,0,2,13,0,0.24242424242424243,1
1,50250.0,0.22123893805309736,830,115,10,1,15,0,0,0,1,0,0,0,0,0,0,0,1,0,3,1,2,16,0,0.1267605633802817,1
1,110750.0,0.18442622950819673,1255,167,11,1,33,2,1,0,0,0,0,0,0,0,0,1,0,0,4,0,0,11,0,0.1076923076923077,1
1,71750.0,0.22839506172839505,1027,145,10,1,18,1,0,0,0,0,1,0,0,0,1,0,1,0,4,1,1,22,0,0.09659090909090909,0
1,83250.0,0.3181818181818182,1059,145,10,1,28,3,0,0,0,0,0,0,1,0,1,0,0,1,3,1,0,15,0,0.1103202846975089,1
0,105000.0,0.0,724,94,6,1,35,5,0,0,0,1,0,0,0,0,0,1,0,0,3,0,1,6,0,0.018867924528301886,0
0,105000.0,0.0,877,112,6,1,28,4,0,0,0,1,0,0,0,0,0,1,1,0,3,0,4,3,0,0.0,0
1,88000.0,0.35514018691588783,881,122,10,1,24,3,0,0,0,0,0,0,1,0,0,1,1,0,4,0,1,20,0,0.20454545454545456,1
1,176250.0,0.2846715328467153,684,92,6,1,24,3,1,0,0,0,0,0,0,0,0,1,1,0,4,1,2,19,0,0.08928571428571429,0
1,63564.799999999996,0.3672542735042734,1057,144,10,1,18,1,0,0,1,0,0,0,0,1,0,1,1,0,6,1,1,23,0,0.09523809523809523,0
0,105000.0,0.0,1253,165,11,1,13,2,0,0,0,1,0,0,0,0,0,1,0,0,3,0,0,3,0,0.050359712230215826,0
1,115250.0,0.2669172932330827,677,88,6,1,25,1,0,1,0,0,0,0,0,0,1,0,0,0,3,0,5,16,1,0.14473684210526316,1
1,199500.0,0.2576419213973799,1275,169,11,1,24,5,0,0,0,0,1,0,0,0,0,1,1,0,5,0,6,1,1,0.0,0
0,105000.0,0.0,682,93,6,1,12,1,0,1,0,0,0,0,0,0,1,0,1,0,5,0,2,14,0,0.12987012987012986,1
1,78250.0,0.27071823204419887,1109,146,11,1,24,2,0,0,0,0,1,0,0,0,0,0,1,0,4,1,0,2,0,0.07058823529411765,0
1,86250.0,0.34134615384615385,1153,151,11,1,35,5,0,0,0,1,0,0,0,0,1,0,0,0,6,0,5,18,1,0.023809523809523808,0
1,67184.0,0.3745911949685535,1122,146,11,1,28,2,0,0,0,0,0,0,1,0,1,0,1,0,4,0,2,15,0,0.2275132275132275,1
1,96250.0,0.22580645161290322,752,102,6,1,14,4,0,0,0,0,1,0,0,0,1,0,0,1,7,1,1,14,0,0.11705685618729098,1
1,194750.0,0.3065217391304348,1093,146,11,1,17,3,1,0,0,0,0,0,0,0,1,0,1,0,5,0,3,12,0,0.0425531914893617,0
1,97250.0,0.19907407407407407,920,126,10,1,22,4,0,0,0,0,0,1,0,0,0,1,1,0,6,0,5,1,1,0.17587939698492464,1
1,95750.0,0.3771186440677966,1109,147,11,1,21,4,1,0,0,0,0,0,0,0,0,1,0,0,6,1,0,18,0,0.09523809523809523,0
1,110250.0,0.25,866,123,10,1,14,2,0,0,1,0,0,0,0,0,0,1,0,1,5,0,2,8,0,0.05454545454545454,0
0,105000.0,0.0,882,116,6,1,24,3,0,0,0,0,0,0,1,0,0,1,1,0,4,0,5,5,1,0.04,0
1,55750.0,0.34814814814814815,927,125,10,1,32,1,0,0,0,1,0,0,0,1,0,0,1,0,5,1,4,21,0,0.18181818181818182,1
1,242750.0,0.38704318936877075,707,97,6,1,16,4,0,0,1,0,0,0,0,0,1,0,1,0,5,1,2,21,0,0.043478260869565216,0
1,113500.0,0.3957597173144876,909,129,10,1,24,3,0,0,0,0,1,0,0,1,0,1,0,0,6,1,6,11,1,0.07462686567164178,0
1,119250.0,0.30851063829787234,1103,146,11,1,13,2,0,1,0,0,0,0,0,0,1,0,0,1,5,1,6,15,1,0.14333333333333334,1
1,54000.0,0.22950819672131148,709,92,6,1,28,1,0,0,0,0,0,0,1,0,1,0,1,0,3,1,1,9,0,0.12626262626262627,1
0,105000.0,0.0,1055,146,10,1,33,2,1,0,0,0,0,0,0,0,0,1,1,0,7,0,6,6,1,0.1388888888888889,1
1,101500.0,0.20353982300884957,878,116,6,1,25,1,1,0,0,0,0,0,0,0,0,0,1,0,7,0,0,22,0,0.06451612903225806,0
0,105000.0,0.0,753,101,6,1,13,3,0,0,0,1,0,0,0,0,1,0,1,0,6,1,1,9,0,0.04,0
1,62250.0,0.25874125874125875,953,128,6,1,35,5,0,0,0,1,0,0,0,1,0,1,1,0,6,0,0,13,0,0.1625,1
1,91750.0,0.3087557603686636,1094,147,11,1,15,0,1,0,0,0,0,0,0,0,1,0,1,0,6,1,2,18,0,0.1016260162601626,0
0,105000.0,0.0,844,117,10,1,25,1,1,0,0,0,0,0,0,0,1,0,1,0,3,0,1,23,0,0.08571428571428572,0
0,105000.0,0.0,1019,141,10,1,25,3,1,0,0,0,0,0,0,0,0,0,1,0,5,0,3,21,0,0.04878048780487805,0
1,66250.0,0.2214765100671141,901,121,10,1,31,1,0,0,0,0,0,0,1,1,1,0,1,0,4,0,2,16,0,0.24,1
1,123000.0,0.23655913978494625,1127,147,11,1,33,4,1,0,0,0,0,0,0,1,0,1,1,0,5,1,0,18,0,0.14102564102564102,1
1,284750.0,0.22308892355694226,1098,146,11,1,24,3,1,0,0,0,0,0,0,0,1,0,0,1,4,0,0,0,0,0.06766917293233082,0
1,71750.0,0.3785310734463277,880,116,6,1,31,2,0,0,0,0,0,0,1,0,1,0,0,0,4,0,1,23,0,0.15384615384615385,1
0,105000.0,0.0,931,129,10,1,16,3,0,0,1,0,0,0,0,0,1,0,1,0,7,0,3,3,0,0.08270676691729323,0
1,113672.0,0.2595541401273885,997,139,10,1,18,3,0,0,0,0,1,0,0,1,0,1,1,0,4,1,5,10,1,0.09844559585492228,0
1,176250.0,0.3977272727272727,899,124,10,1,25,1,0,0,1,0,0,0,0,0,1,0,1,0,5,0,5,13,1,0.12121212121212122,1
1,120750.0,0.36824324324324326,1130,149,11,1,15,1,0,0,1,0,0,0,0,0,1,0,0,0,6,0,6,7,1,0.07291666666666667,0
1,176500.0,0.3427230046948357,838,110,6,1,33,4,1,0,0,0,0,0,0,1,0,1,0,0,3,0,5,2,1,0.16279069767441862,1
0,105000.0,0.0,863,114,6,1,28,2,0,0,0,0,0,0,1,0,0,0,1,0,3,0,0,2,0,0.04878048780487805,0
0,105000.0,0.0,707,94,6,1,19,4,1,0,0,0,0,0,0,1,1,0,1,0,4,0,6,5,1,0.1329479768786127,1
1,76250.0,0.3423913043478261,710,94,6,1,20,3,0,0,0,0,0,1,0,0,0,0,1,0,4,1,5,3,1,0.11594202898550725,1
1,108950.40000000001,0.3363506431634111,1110,148,11,1,24,3,0,0,0,0,1,0,0,1,0,1,1,0,4,0,1,6,0,0.17857142857142858,1
1,114750.0,0.38380281690140844,1114,147,11,1,24,3,1,0,0,0,0,0,0,1,1,0,1,0,6,0,4,9,0,0.1388888888888889,1
1,258250.0,0.22508591065292097,1289,170,11,1,14,4,0,0,1,0,0,0,0,0,1,0,1,0,7,1,3,21,0,0.0611353711790393,0
1,65500.0,0.2875816993464052,917,126,10,1,25,1,0,0,1,0,0,0,0,0,0,1,1,0,6,0,6,6,1,0.11214953271028037,1
1,207750.0,0.32796780684104626,818,110,6,1,14,3,0,1,0,0,0,0,0,0,1,0,1,0,4,0,0,15,0,0.11594202898550725,1
1,107750.0,0.276,983,139,10,1,18,3,0,0,0,0,1,0,0,0,0,1,1,0,4,0,4,5,0,0.07272727272727272,0
1,59750.0,0.35172413793103446,694,94,6,1,19,4,1,0,0,0,0,0,0,0,0,1,1,0,4,0,5,11,1,0.1875,1
0,105000.0,0.0,910,128,10,1,24,3,0,0,0,0,1,0,0,1,0,1,1,0,6,0,1,16,0,0.07881773399014778,0
1,99000.0,0.36363636363636365,805,108,6,1,16,2,0,0,1,0,0,0,0,0,0,0,1,0,3,1,3,6,0,0.07751937984496124,0
1,132750.0,0.2181208053691275,899,125,10,1,33,4,1,0,0,0,0,0,0,1,1,0,0,1,7,0,4,13,0,0.14705882352941177,1
1,76250.0,0.3602150537634409,1115,147,11,1,35,5,0,0,0,1,0,0,0,0,0,1,1,0,4,1,2,23,0,0.05194805194805195,0
0,105000.0,0.0,686,91,6,1,18,3,0,0,0,0,1,0,0,0,1,0,0,0,4,1,5,3,1,0.04065040650406504,0
0,105000.0,0.0,930,125,10,1,28,1,0,0,0,0,0,0,1,0,0,0,0,0,5,0,0,17,0,0.05128205128205128,0
0,105000.0,0.0,844,119,10,1,25,1,0,1,0,0,0,0,0,0,0,1,1,0,4,0,6,21,1,0.17708333333333334,1
1,95750.0,0.2102803738317757,1254,167,11,1,14,2,0,0,1,0,0,0,0,1,0,0,1,0,4,0,2,19,0,0.07865168539325842,0
1,84250.0,0.3875598086124402,1110,146,11,1,32,3,0,0,1,0,0,0,0,1,0,0,0,1,3,0,1,23,0,0.07407407407407407,0
1,159702.4,0.3522532188841202,860,119,10,1,13,2,0,1,0,0,0,0,0,0,1,0,1,0,5,0,3,21,0,0.1590909090909091,1
1,141000.0,0.3839541547277937,1110,147,11,1,24,3,1,0,0,0,0,0,0,1,0,0,1,0,5,0,5,13,1,0.06976744186046512,0
0,105000.0,0.0,686,93,6,1,25,1,0,0,1,0,0,0,0,0,1,0,1,0,3,0,0,15,0,0.04142011834319527,0
1,63250.0,0.2905405405405405,732,96,6,1,32,1,0,0,0,1,0,0,0,0,0,1,1,0,4,0,1,1,0,0.04597701149425287,0
1,69750.0,0.3588235294117647,1262,169,11,1,14,4,0,0,0,0,1,0,0,1,0,1,1,0,5,1,5,9,1,0.24041811846689895,1
0,105000.0,0.0,1089,145,11,1,19,4,1,0,0,0,0,0,0,1,0,0,1,0,3,0,2,0,0,0.06382978723404255,0
1,124000.0,0.18315018315018314,1130,150,11,1,14,3,0,0,0,0,1,0,0,1,0,1,1,0,7,0,6,7,1,0.13333333333333333,1
0,105000.0,0.0,881,123,10,1,13,3,0,1,0,0,0,0,0,0,0,1,1,0,7,0,5,19,1,0.17647058823529413,1
0,105000.0,0.0,1069,146,10,1,31,1,0,0,0,0,0,0,1,0,0,1,0,1,4,0,3,18,0,0.05154639175257732,0
1,70000.0,0.37209302325581395,1276,171,11,1,14,4,0,0,0,0,1,0,0,0,0,1,0,1,5,0,6,12,1,0.09259259259259259,0
1,218000.0,0.3578154425612053,695,96,6,1,17,3,0,1,0,0,0,0,0,0,0,0,1,0,6,0,3,22,0,0.04597701149425287,0
1,133500.0,0.3619631901840491,1285,171,11,1,14,3,0,1,0,0,0,0,0,1,0,0,1,0,6,0,2,23,0,0.13368983957219252,1
1,58843.2,0.1847930702598653,697,94,6,1,13,1,0,0,0,1,0,0,0,1,0,1,0,1,5,0,6,13,1,0.07792207792207792,0
0,105000.0,0.0,680,94,6,1,25,4,0,0,0,1,0,0,0,0,0,0,0,1,3,0,0,18,0,0.03225806451612903,0
0,105000.0,0.0,896,125,10,1,24,1,0,0,0,0,1,0,0,0,1,0,1,0,5,0,3,12,0,0.10106382978723404,0
1,115000.0,0.35125448028673834,1315,175,11,1,14,2,0,0,1,0,0,0,0,1,0,0,0,0,7,0,5,8,1,0.06666666666666667,0
1,90750.0,0.2714285714285714,1126,150,11,1,26,4,0,0,0,0,1,0,0,0,0,0,1,0,5,0,6,23,1,0.02631578947368421,0
1,74750.0,0.3107344632768362,882,122,10,1,28,1,0,0,0,1,0,0,0,0,0,1,0,1,4,1,0,5,0,0.08201892744479496,0
1,38000.0,0.3655913978494624,902,121,10,1,31,1,0,0,0,0,0,0,1,0,0,0,0,0,4,0,5,14,1,0.2621359223300971,1
1,95250.0,0.3141592920353982,918,126,10,1,17,5,0,0,0,1,0,0,0,0,1,0,1,0,6,1,5,12,1,0.08823529411764706,0
0,105000.0,0.0,1124,147,11,1,32,3,0,0,0,1,0,0,0,1,0,1,1,0,3,0,1,5,0,0.09722222222222222,0
0,105000.0,0.0,1118,147,11,1,25,4,0,0,0,1,0,0,0,0,1,0,1,0,4,0,0,9,0,0.0,0
1,157000.0,0.2888283378746594,709,95,6,1,17,5,0,0,0,1,0,0,0,0,1,0,1,0,4,0,0,18,0,0.03125,0
1,118750.0,0.24723247232472326,878,119,10,1,28,4,0,0,0,0,0,0,1,0,0,1,0,1,3,1,3,2,0,0.07386363636363637,0
0,105000.0,0.0,1094,145,11,1,16,3,0,0,1,0,0,0,0,0,0,1,1,0,3,0,1,15,0,0.10526315789473684,0
1,66500.0,0.3878787878787879,716,95,6,1,28,2,0,0,0,0,0,0,1,1,1,0,1,0,3,0,3,16,0,0.1702127659574468,1
1,92809.59999999999,0.32727272727272727,910,129,10,1,26,4,0,0,0,0,1,0,0,0,0,1,0,0,6,0,5,18,1,0.08108108108108109,0
0,105000.0,0.0,1104,146,11,1,19,3,1,0,0,0,0,0,0,1,1,0,0,1,5,1,5,4,1,0.17857142857142858,1
0,105000.0,0.0,1063,144,10,1,28,1,0,0,0,0,0,0,1,0,0,1,1,0,4,0,2,10,0,0.11016949152542373,1
0,105000.0,0.0,1133,148,11,1,28,3,0,0,0,0,0,0,1,0,1,0,1,0,4,0,1,13,0,0.109375,1
1,157250.0,0.23314606741573032,682,90,6,1,13,3,0,1,0,0,0,0,0,1,0,1,1,0,5,0,6,9,1,0.16666666666666666,1
1,161116.8,0.3595933926302414,921,129,10,1,19,4,1,0,0,0,0,0,0,1,0,0,0,1,6,0,0,12,0,0.07407407407407407,0
0,105000.0,0.0,903,127,10,1,14,3,0,0,0,0,1,0,0,1,1,0,1,0,6,1,3,5,0,0.07142857142857142,0
0,105000.0,0.0,712,94,6,1,12,3,0,1,0,0,0,0,0,0,0,1,1,0,6,1,2,17,0,0.04526748971193416,0
1,102000.0,0.3140495867768595,908,129,10,1,24,2,0,0,0,0,1,0,0,1,1,0,1,0,6,0,3,9,0,0.14285714285714285,1
0,105000.0,0.0,1093,144,11,1,23,2,0,1,0,0,0,0,0,0,0,1,0,0,3,1,4,13,0,0.06785714285714285,0
0,105000.0,0.0,1246,166,11,1,14,2,0,0,0,0,1,0,0,1,1,0,1,0,3,0,0,14,0,0.08487084870848709,0
1,54500.0,0.2698412698412698,710,92,6,1,22,1,0,0,0,0,0,1,0,1,0,1,1,0,4,1,6,14,1,0.13268608414239483,1
0,105000.0,0.0,1105,146,11,1,24,4,0,0,0,0,0,0,1,0,0,1,0,0,3,0,4,12,0,0.08088235294117647,0
0,105000.0,0.0,680,93,6,1,14,0,0,0,0,0,1,0,0,1,0,0,1,0,5,0,5,1,1,0.08791208791208792,0
0,105000.0,0.0,925,121,6,1,22,3,0,0,0,0,0,1,0,1,0,0,1,0,6,0,3,12,0,0.0970873786407767,0
1,63250.0,0.3782051282051282,1278,168,11,1,24,2,0,0,0,0,0,0,1,1,0,1,1,0,4,0,3,10,0,0.1694915254237288,1
1,79250.0,0.21910112359550563,1069,147,10,1,17,5,0,0,0,1,0,0,0,0,0,0,0,1,6,0,4,8,0,0.12,1
1,156500.0,0.390745501285347,921,129,10,1,26,4,0,0,0,0,1,0,0,1,0,0,1,0,6,1,3,21,0,0.05084745762711865,0
0,105000.0,0.0,1121,149,11,1,19,4,1,0,0,0,0,0,0,0,0,1,1,0,5,0,1,20,0,0.07729468599033816,0
1,89500.0,0.2621359223300971,909,125,10,1,22,4,0,0,0,0,0,1,0,1,1,0,1,0,5,0,6,4,1,0.0625,0
1,117728.0,0.2987676585512475,1108,145,11,1,24,4,0,0,0,0,0,0,1,0,1,0,1,0,3,1,2,5,0,0.03424657534246575,0
1,84750.0,0.2964824120603015,829,117,10,1,14,4,0,0,0,0,1,0,0,0,0,1,1,0,3,1,5,2,1,0.05970149253731343,0
0,105000.0,0.0,785,108,6,1,18,2,1,0,0,0,0,0,0,1,0,1,1,0,3,1,4,23,0,0.07017543859649122,0
0,105000.0,0.0,899,127,10,1,33,3,1,0,0,0,0,0,0,0,1,0,1,0,7,0,2,12,0,0.05263157894736842,0
0,105000.0,0.0,689,92,6,1,12,0,0,1,0,0,0,0,0,0,0,1,1,0,5,0,5,21,1,0.09844559585492228,0
1,120250.0,0.3470790378006873,735,98,6,1,25,1,0,0,1,0,0,0,0,0,1,0,1,0,5,1,3,13,0,0.11688311688311688,1
1,87750.0,0.19072164948453607,902,125,10,1,25,4,0,0,0,1,0,0,0,0,0,1,1,0,5,0,3,21,0,0.12213740458015267,1
0,105000.0,0.0,849,118,10,1,25,4,0,0,0,1,0,0,0,0,0,1,1,0,3,0,4,6,0,0.024390243902439025,0
1,76000.0,0.37433155080213903,1320,175,11,1,28,2,0,0,0,1,0,0,0,0,0,0,1,0,6,0,6,8,1,0.07692307692307693,0
1,77750.0,0.25280898876404495,900,126,10,1,24,2,0,0,0,0,1,0,0,0,0,0,1,0,5,0,0,20,0,0.13333333333333333,1
0,105000.0,0.0,706,94,6,1,25,4,0,0,0,1,0,0,0,0,0,0,1,0,3,0,2,15,0,0.07954545454545454,0
1,161750.0,0.3324742268041237,1123,146,11,1,33,4,1,0,0,0,0,0,0,0,0,1,1,0,5,1,2,5,0,0.09090909090909091,0
1,94750.0,0.36637931034482757,1120,147,11,1,20,3,0,0,0,0,0,1,0,0,0,1,0,0,5,1,0,18,0,0.11965811965811966,1
1,205500.0,0.2910602910602911,958,130,10,1,35,5,0,0,0,1,0,0,0,0,1,0,1,0,6,0,5,8,1,0.02666666666666667,0
1,81250.0,0.2712765957446808,1120,148,11,1,14,4,0,0,0,0,1,0,0,1,0,0,1,0,5,0,6,5,1,0.1016949152542373,0
0,105000.0,0.0,1318,175,11,1,25,4,0,0,0,1,0,0,0,1,0,0,1,0,6,1,6,0,1,0.06528189910979229,0
0,105000.0,0.0,692,95,6,1,16,3,0,0,1,0,0,0,0,0,1,0,1,0,4,0,6,6,1,0.011111111111111112,0
1,63250.0,0.32450331125827814,871,118,6,1,28,1,0,0,0,1,0,0,0,0,0,1,1,0,3,0,2,3,0,0.1232876712328767,1
1,109500.0,0.3088803088803089,1132,151,11,1,14,4,0,0,0,0,1,0,0,0,0,1,1,0,7,1,0,2,0,0.07920792079207921,0
1,101500.0,0.21929824561403508,991,140,10,1,17,5,0,0,0,1,0,0,0,0,0,1,1,0,3,1,3,16,0,0.023255813953488372,0
1,42750.0,0.33980582524271846,890,118,6,1,14,4,0,0,0,0,1,0,0,1,0,0,1,0,5,0,2,18,0,0.20689655172413793,1
1,120250.0,0.3470790378006873,919,125,10,1,28,3,0,0,0,1,0,0,0,1,0,1,1,0,5,1,6,19,1,0.125,1
1,82000.0,0.2916666666666667,1099,146,11,1,19,2,0,0,0,0,0,1,0,0,1,0,1,0,3,1,6,18,1,0.15,1
1,65500.0,0.2054794520547945,711,96,6,1,13,1,0,0,0,1,0,0,0,0,0,1,1,0,4,0,6,18,1,0.15517241379310345,1
0,105000.0,0.0,1019,138,10,1,31,2,0,0,0,0,0,0,1,0,1,0,0,1,3,1,0,9,0,0.05,0
1,64250.0,0.37341772151898733,1005,140,10,1,26,4,0,0,0,0,1,0,0,0,0,0,0,0,4,1,1,9,0,0.12987012987012986,1
0,105000.0,0.0,1114,146,11,1,18,3,0,1,0,0,0,0,0,1,0,1,1,0,6,0,3,17,0,0.1693548387096774,1
1,84011.2,0.22872807017543859,1016,141,10,1,24,3,1,0,0,0,0,0,0,0,0,0,1,0,5,0,4,8,0,0.14285714285714285,1
0,105000.0,0.0,1277,168,11,1,29,1,0,0,1,0,0,0,0,0,1,0,1,0,4,0,1,22,0,0.06349206349206349,0
1,109750.0,0.3800738007380074,831,115,10,1,12,2,0,1,0,0,0,0,0,0,0,0,0,1,3,1,3,19,0,0.13989637305699482,1
1,184250.0,0.3287981859410431,736,101,6,1,14,4,0,0,0,0,1,0,0,1,0,0,1,0,7,1,4,2,0,0.043010752688172046,0
1,122000.0,0.31141868512110726,717,96,6,1,13,3,0,0,0,1,0,0,0,0,0,1,1,0,4,1,1,19,0,0.07246376811594203,0
1,64000.0,0.358974358974359,990,140,10,1,26,4,0,0,0,0,1,0,0,0,0,1,1,0,3,0,1,13,0,0.15432098765432098,1
0,105000.0,0.0,1127,148,11,1,25,4,0,0,0,1,0,0,0,0,0,1,1,0,4,1,4,12,0,0.07317073170731707,0
1,130750.0,0.37577639751552794,1035,145,10,1,14,4,0,0,0,0,1,0,0,0,1,0,1,0,6,0,2,7,0,0.14634146341463414,1
1,95750.0,0.2747747747747748,728,94,6,1,29,3,0,0,1,0,0,0,0,0,0,1,1,0,5,0,5,13,1,0.12211221122112212,1
1,223500.0,0.22266401590457258,787,102,6,1,35,5,0,0,0,1,0,0,0,0,0,1,0,0,6,0,2,12,0,0.038461538461538464,0
0,105000.0,0.0,1114,145,11,1,28,1,0,0,0,0,0,0,1,0,0,1,1,0,3,0,5,18,1,0.1597222222222222,1
0,105000.0,0.0,724,98,6,1,16,2,0,0,1,0,0,0,0,0,1,0,1,0,5,1,0,18,0,0.027777777777777776,0
1,72000.0,0.35428571428571426,1133,148,11,1,31,2,0,0,0,0,0,0,1,0,1,0,1,0,4,0,6,11,1,0.18055555555555555,1
0,105000.0,0.0,943,124,6,1,31,2,0,0,0,0,0,0,1,0,0,0,1,0,5,0,2,20,0,0.07954545454545454,0
1,150000.0,0.18731117824773413,911,123,10,1,23,2,0,1,0,0,0,0,0,0,1,0,1,0,7,0,5,7,1,0.08,0
1,100750.0,0.3347107438016529,689,92,6,1,29,3,0,0,1,0,0,0,0,0,1,0,1,0,3,0,4,15,0,0.03773584905660377,0
0,105000.0,0.0,758,96,6,1,28,3,0,0,0,0,0,0,1,0,0,1,1,0,4,0,3,4,0,0.05084745762711865,0
1,159000.0,0.26229508196721313,744,99,6,1,16,3,0,0,1,0,0,0,0,1,1,0,1,0,6,0,4,19,0,0.09302325581395349,0
1,145000.0,0.39779005524861877,921,127,10,1,17,5,0,0,0,1,0,0,0,0,0,1,1,0,6,0,2,3,0,0.08870967741935484,0
1,220000.0,0.25396825396825395,841,117,10,1,18,3,1,0,0,0,0,0,0,0,1,0,1,0,4,0,2,0,0,0.09,0
1,58000.0,0.3546099290780142,1282,168,11,1,29,2,0,0,1,0,0,0,0,1,0,0,1,0,5,1,6,21,1,0.1346153846153846,1
1,63689.6,0.33785617367706927,963,133,10,1,32,3,0,0,1,0,0,0,0,1,0,1,1,0,7,0,0,20,0,0.14666666666666667,1
0,105000.0,0.0,722,97,6,1,28,5,0,0,0,0,0,0,1,1,1,0,0,1,4,0,3,15,0,0.07017543859649122,0
1,107750.0,0.28286852589641437,888,122,10,1,17,5,0,0,0,1,0,0,0,0,1,0,0,1,5,1,5,22,1,0.075,0
1,79750.0,0.3556701030927835,923,123,6,1,18,1,0,0,1,0,0,0,0,0,1,0,0,1,6,1,1,17,0,0.10256410256410256,0
1,46000.0,0.23076923076923078,890,120,10,1,22,0,0,0,0,0,0,1,0,0,1,0,0,1,4,1,5,10,1,0.18562874251497005,1
0,105000.0,0.0,1285,170,11,1,18,3,1,0,0,0,0,0,0,0,1,0,1,0,5,1,0,23,0,0.060240963855421686,0
0,105000.0,0.0,808,116,10,1,17,2,1,0,0,0,0,0,0,1,0,0,1,0,4,0,6,13,1,0.0875,0
1,168500.0,0.3022670025188917,658,91,6,1,19,4,0,0,0,0,0,1,0,0,1,0,1,0,3,0,5,2,1,0.06282722513089005,0
1,76000.0,0.20118343195266272,745,98,6,1,20,2,0,0,0,0,0,1,0,0,0,1,1,0,6,1,0,11,0,0.1111111111111111,1
1,94250.0,0.33185840707964603,853,119,10,1,33,1,1,0,0,0,0,0,0,0,0,1,0,0,3,0,1,16,0,0.1111111111111111,1
0,105000.0,0.0,667,92,6,1,24,3,1,0,0,0,0,0,0,0,1,0,1,0,4,0,2,1,0,0.03125,0
0,105000.0,0.0,901,127,10,1,15,2,0,0,1,0,0,0,0,0,0,1,1,0,6,1,5,3,1,0.06572769953051644,0
1,137841.6,0.30251024590163933,706,95,6,1,13,2,0,1,0,0,0,0,0,0,1,0,1,0,6,0,6,17,1,0.1282051282051282,1
1,75250.0,0.2994350282485876,699,96,6,1,18,1,0,0,0,0,1,0,0,0,1,0,1,0,5,0,6,3,1,0.1,0
0,105000.0,0.0,953,124,6,1,29,1,0,0,1,0,0,0,0,0,0,0,1,0,6,1,3,7,0,0.09202453987730061,0
1,163363.2,0.36969382459782046,1112,147,11,1,24,3,1,0,0,0,0,0,0,1,0,0,1,0,6,0,6,10,1,0.12962962962962962,1
0,105000.0,0.0,761,98,6,1,22,2,0,0,0,0,0,1,0,0,1,0,1,0,6,0,4,4,0,0.1,0
1,71750.0,0.1949685534591195,1135,149,11,1,28,1,0,0,0,1,0,0,0,1,1,0,1,0,5,1,1,11,0,0.10401891252955082,0
1,162750.0,0.3178294573643411,894,124,10,1,19,4,1,0,0,0,0,0,0,0,1,0,1,0,5,0,5,8,1,0.025,0
0,105000.0,0.0,979,137,10,1,14,1,0,1,0,0,0,0,0,0,0,1,1,0,4,0,6,12,1,0.037037037037037035,0
1,116250.0,0.25842696629213485,851,118,10,1,25,2,0,1,0,0,0,0,0,0,0,0,0,1,4,0,6,6,1,0.15625,1
0,105000.0,0.0,987,138,10,1,21,3,0,1,0,0,0,0,0,0,0,1,1,0,4,1,4,10,0,0.03508771929824561,0
1,77750.0,0.33689839572192515,1294,169,11,1,20,2,0,0,0,0,0,1,0,0,1,0,0,0,6,1,2,7,0,0.08433734939759036,0
0,105000.0,0.0,901,118,6,1,24,1,0,0,0,0,0,0,1,0,0,1,1,0,4,0,1,18,0,0.18333333333333332,1
0,105000.0,0.0,722,96,6,1,28,3,0,0,0,1,0,0,0,0,0,1,1,0,4,1,6,3,1,0.0,0
1,71750.0,0.31176470588235294,1130,147,11,1,20,1,0,0,0,0,0,1,0,0,1,0,1,0,5,0,1,15,0,0.15254237288135594,1
0,105000.0,0.0,822,117,10,1,15,3,1,0,0,0,0,0,0,0,0,1,1,0,4,0,1,7,0,0.013888888888888888,0
1,83250.0,0.38349514563106796,752,98,6,1,29,3,0,0,1,0,0,0,0,0,0,1,0,0,5,0,0,14,0,0.13157894736842105,1
0,105000.0,0.0,699,92,6,1,25,2,0,1,0,0,0,0,0,0,0,0,1,0,5,0,1,15,0,0.14516129032258066,1
1,98508.8,0.2748133309051174,1069,148,10,1,24,2,0,0,0,0,1,0,0,1,0,0,0,0,6,0,3,21,0,0.2,1
1,75750.0,0.288135593220339,934,125,10,1,31,3,0,0,0,0,0,0,1,0,0,1,0,0,5,1,2,22,0,0.16666666666666666,1
1,87250.0,0.3380952380952381,867,120,10,1,32,1,0,0,0,1,0,0,0,1,1,0,1,0,3,1,6,21,1,0.06986899563318777,0
1,129000.0,0.23890784982935154,1034,143,10,1,15,2,0,0,1,0,0,0,0,0,1,0,0,0,5,0,2,22,0,0.09259259259259259,0
1,217750.0,0.3534971644612476,1065,146,10,1,33,4,1,0,0,0,0,0,0,0,1,0,1,0,6,1,0,11,0,0.07142857142857142,0
1,151750.0,0.3726541554959786,669,91,6,1,17,3,0,1,0,0,0,0,0,0,1,0,0,0,4,0,3,10,0,0.18253968253968253,1
0,105000.0,0.0,847,112,6,1,31,3,0,0,0,0,0,0,1,0,0,1,0,1,3,0,5,10,1,0.07874015748031496,0
1,34750.0,0.2839506172839506,866,118,10,1,28,0,0,0,0,0,0,0,1,0,0,1,1,0,3,1,2,19,0,0.20224719101123595,1
0,105000.0,0.0,1117,148,11,1,26,4,0,0,0,0,1,0,0,1,1,0,1,0,5,1,5,2,1,0.08695652173913043,0
1,100750.0,0.24782608695652175,671,93,6,1,16,1,0,0,1,0,0,0,0,0,1,0,1,0,3,0,3,17,0,0.11764705882352941,1
1,187886.4,0.38156244400645045,832,118,10,1,19,4,1,0,0,0,0,0,0,0,1,0,1,0,3,0,5,23,1,0.04411764705882353,0
1,77500.0,0.23863636363636365,748,99,6,1,35,5,0,0,0,1,0,0,0,1,0,0,1,0,5,0,3,6,0,0.15079365079365079,1
0,105000.0,0.0,882,119,6,1,33,2,1,0,0,0,0,0,0,0,1,0,1,0,5,0,1,5,0,0.07228915662650602,0
0,105000.0,0.0,1155,151,11,1,25,1,0,0,1,0,0,0,0,1,0,0,0,1,7,0,4,21,0,0.07272727272727272,0
0,105000.0,0.0,701,92,6,1,25,4,0,1,0,0,0,0,0,0,1,0,1,0,4,0,0,16,0,0.07142857142857142,0
1,218000.0,0.33587786259541985,695,94,6,1,25,4,1,0,0,0,0,0,0,0,0,0,1,0,6,0,0,12,0,0.0392156862745098,0
1,126750.0,0.375,754,102,6,1,15,3,0,0,1,0,0,0,0,0,0,1,1,0,7,1,6,6,1,0.1,0
1,146500.0,0.30144927536231886,865,117,6,1,24,3,1,0,0,0,0,0,0,1,0,0,1,0,6,0,2,2,0,0.15488215488215487,1
1,90500.0,0.3394495412844037,868,113,6,1,24,3,0,0,0,0,0,0,1,0,1,0,1,0,3,0,0,20,0,0.19047619047619047,1
1,93250.0,0.2570093457943925,837,112,6,1,15,2,0,0,1,0,0,0,0,0,0,1,1,0,4,0,0,19,0,0.08,0
1,35500.0,0.32941176470588235,1288,168,11,1,28,0,0,0,0,0,0,0,1,0,0,1,1,0,5,0,4,5,0,0.15254237288135594,1
1,115250.0,0.22007722007722008,1065,144,10,1,29,3,0,0,1,0,0,0,0,1,0,0,1,0,5,0,2,21,0,0.13043478260869565,1
1,140750.0,0.3194029850746269,702,93,6,1,16,3,0,0,1,0,0,0,0,1,0,0,0,0,5,1,4,7,0,0.10495626822157435,0
0,105000.0,0.0,896,122,10,1,18,3,0,1,0,0,0,0,0,0,1,0,1,0,7,0,6,13,1,0.10204081632653061,0
1,74000.0,0.3181818181818182,694,94,6,1,15,1,0,0,1,0,0,0,0,0,0,1,1,0,4,0,4,21,0,0.15,1
1,72250.0,0.3485714285714286,913,125,10,1,28,2,0,0,0,1,0,0,0,1,0,1,1,0,5,0,4,5,0,0.1276595744680851,1
0,105000.0,0.0,884,124,10,1,25,1,0,0,1,0,0,0,0,0,0,1,0,1,4,0,6,22,1,0.015151515151515152,0
1,137500.0,0.3333333333333333,1287,172,11,1,16,3,0,0,1,0,0,0,0,0,0,0,1,0,5,0,3,1,0,0.06666666666666667,0
1,127250.0,0.33114754098360655,852,118,10,1,21,1,0,1,0,0,0,0,0,0,1,0,0,1,4,0,1,11,0,0.24,1
1,81250.0,0.375,1241,165,11,1,16,1,0,0,1,0,0,0,0,0,0,1,0,0,3,0,4,1,0,0.12903225806451613,1
0,105000.0,0.0,1106,146,11,1,25,1,0,0,1,0,0,0,0,1,0,1,1,0,3,0,6,12,1,0.045454545454545456,0
1,83500.0,0.30456852791878175,1294,174,11,1,14,2,0,0,0,0,1,0,0,1,1,0,1,0,6,1,6,12,1,0.11029411764705882,1
0,105000.0,0.0,1130,149,11,1,32,3,0,0,1,0,0,0,0,1,0,0,1,0,5,0,3,12,0,0.07476635514018691,0
0,105000.0,0.0,1306,174,11,1,17,5,0,0,0,1,0,0,0,0,1,0,1,0,6,0,4,20,0,0.06451612903225806,0
0,105000.0,0.0,1106,146,11,1,35,5,0,0,0,1,0,0,0,1,1,0,1,0,3,0,2,16,0,0.05263157894736842,0
0,105000.0,0.0,1076,144,11,1,19,0,1,0,0,0,0,0,0,1,0,1,1,0,3,0,5,18,1,0.0594059405940594,0
1,143750.0,0.3757062146892655,867,114,6,1,22,4,0,0,0,0,0,1,0,0,0,1,1,0,4,1,6,0,1,0.04905660377358491,0
0,105000.0,0.0,690,92,6,1,25,1,1,0,0,0,0,0,0,0,0,1,0,0,4,1,2,10,0,0.0759493670886076,0
1,182250.0,0.37276785714285715,835,119,10,1,19,3,1,0,0,0,0,0,0,0,1,0,0,1,4,0,4,22,0,0.07142857142857142,0
1,118560.0,0.38535618184393144,1014,139,10,1,25,2,0,1,0,0,0,0,0,0,1,0,0,0,4,0,1,16,0,0.14545454545454545,1
1,209500.0,0.2017167381974249,778,102,6,1,25,1,0,0,1,0,0,0,0,0,0,1,0,1,7,0,0,22,0,0.07303370786516854,0
1,134250.0,0.27884615384615385,744,100,6,1,14,4,0,0,0,0,1,0,0,0,0,1,1,0,7,0,5,14,1,0.0,0
0,105000.0,0.0,826,119,10,1,14,4,0,0,0,0,1,0,0,0,0,1,0,0,4,0,6,15,1,0.06451612903225806,0
1,128500.0,0.2635135135135135,696,93,6,1,17,5,0,0,0,1,0,0,0,1,0,0,0,1,5,0,2,17,0,0.0967741935483871,0
0,105000.0,0.0,1279,168,11,1,21,3,0,1,0,0,0,0,0,0,1,0,1,0,6,0,3,11,0,0.08235294117647059,0
1,131750.0,0.3322784810126582,874,120,10,1,17,3,0,1,0,0,0,0,0,0,1,0,1,0,5,0,0,10,0,0.1111111111111111,1
1,82750.0,0.29381443298969073,1112,148,11,1,24,2,0,0,0,0,1,0,0,1,0,0,1,0,5,1,0,16,0,0.056338028169014086,0
1,97000.0,0.39669421487603307,912,129,10,1,14,3,0,0,0,0,1,0,0,0,0,0,0,0,7,0,3,10,0,0.07142857142857142,0
1,208750.0,0.18872017353579176,713,95,6,1,25,4,0,0,0,1,0,0,0,0,1,0,0,1,4,0,3,23,0,0.03597122302158273,0
1,101250.0,0.2692307692307692,1119,148,11,1,19,4,1,0,0,0,0,0,0,1,1,0,1,0,5,0,5,10,1,0.11392405063291139,1
1,231500.0,0.37258347978910367,1106,145,11,1,13,4,0,1,0,0,0,0,0,0,0,1,1,0,4,0,4,8,0,0.0782608695652174,0
1,72250.0,0.3854748603351955,1092,145,11,1,14,4,0,0,0,0,1,0,0,0,0,1,1,0,4,1,3,16,0,0.06578947368421052,0
1,68750.0,0.30246913580246915,1103,145,11,1,33,4,1,0,0,0,0,0,0,1,0,0,1,0,3,0,4,4,0,0.16877637130801687,1
1,73750.0,0.22289156626506024,1277,167,11,1,28,2,0,0,0,0,0,0,1,1,1,0,1,0,4,0,1,16,0,0.29411764705882354,1
1,82750.0,0.21081081081081082,906,126,10,1,13,2,0,0,0,1,0,0,0,0,0,1,1,0,6,0,5,17,1,0.06,0
1,92851.2,0.22115959354453069,876,120,10,1,18,1,0,1,0,0,0,0,0,0,0,0,1,0,6,1,5,1,1,0.06976744186046512,0
1,58500.0,0.36363636363636365,1274,166,11,1,31,1,0,0,0,0,0,0,1,0,1,0,1,0,3,0,5,0,1,0.23404255319148937,1
1,79000.0,0.3626943005181347,827,111,6,1,20,2,0,0,0,0,0,1,0,0,1,0,1,0,3,1,5,10,1,0.10951008645533142,1
1,77500.0,0.19767441860465115,1129,149,11,1,17,5,0,0,0,1,0,0,0,0,0,1,1,0,5,1,4,0,0,0.09900990099009901,0
1,164500.0,0.3508771929824561,960,133,10,1,32,3,0,0,1,0,0,0,0,1,0,1,1,0,7,0,3,13,0,0.2647058823529412,1
0,105000.0,0.0,731,96,6,1,25,1,0,0,1,0,0,0,0,0,0,0,1,0,5,0,3,9,0,0.017241379310344827,0
0,105000.0,0.0,1041,145,10,1,22,4,0,0,0,0,0,1,0,1,1,0,1,0,4,1,6,11,1,0.1111111111111111,1
0,105000.0,0.0,1108,146,11,1,22,4,0,0,0,0,0,1,0,0,0,1,1,0,3,0,2,12,0,0.14606741573033707,1
0,105000.0,0.0,1297,172,11,1,21,3,0,1,0,0,0,0,0,1,0,0,1,0,6,0,5,1,1,0.10526315789473684,0
1,114750.0,0.2873134328358209,860,123,10,1,16,1,0,0,1,0,0,0,0,0,1,0,1,0,4,0,4,7,0,0.13793103448275862,1
1,73000.0,0.3956043956043956,1136,149,11,1,22,1,0,0,0,0,0,1,0,0,1,0,0,1,6,1,3,11,0,0.15019762845849802,1
1,77250.0,0.292817679558011,703,93,6,1,20,1,0,0,0,0,0,1,0,0,1,0,1,0,3,0,0,1,0,0.12048192771084337,1
1,78000.0,0.24719101123595505,695,95,6,1,24,1,0,0,0,0,1,0,0,0,1,0,1,0,4,0,3,5,0,0.16417910447761194,1
1,94250.0,0.33185840707964603,1285,169,11,1,28,3,0,0,0,0,0,0,1,0,1,0,1,0,3,1,5,4,1,0.1267605633802817,1
1,79750.0,0.266304347826087,888,122,10,1,25,1,0,0,1,0,0,0,0,0,1,0,1,0,5,0,1,5,0,0.14697406340057637,1
0,105000.0,0.0,1247,166,11,1,17,2,1,0,0,0,0,0,0,1,1,0,1,0,6,0,6,8,1,0.1,0
1,118500.0,0.34843205574912894,1103,146,11,1,14,3,0,0,0,0,1,0,0,1,0,0,1,0,4,0,2,19,0,0.09154929577464789,0
1,146000.0,0.3867403314917127,737,98,6,1,13,3,0,0,0,1,0,0,0,0,1,0,1,0,5,0,5,7,1,0.027586206896551724,0
0,105000.0,0.0,705,92,6,1,24,1,0,0,0,0,0,0,1,0,0,0,0,1,3,1,3,9,0,0.11971830985915492,1
1,204500.0,0.357429718875502,661,91,6,1,17,3,0,1,0,0,0,0,0,0,1,0,0,0,3,0,4,17,0,0.08247422680412371,0
0,105000.0,0.0,1067,144,10,1,24,4,0,0,0,0,0,0,1,0,1,0,1,0,5,0,5,17,1,0.03508771929824561,0
1,170500.0,0.33658536585365856,695,94,6,1,17,5,0,0,0,1,0,0,0,1,0,1,1,0,4,1,1,13,0,0.0872093023255814,0
1,95000.0,0.23255813953488372,1096,145,11,1,12,1,0,1,0,0,0,0,0,0,0,0,0,0,4,0,5,21,1,0.25,1
0,105000.0,0.0,1124,148,11,1,18,3,0,0,1,0,0,0,0,1,0,0,0,1,5,1,1,14,0,0.08823529411764706,0
0,105000.0,0.0,725,96,6,1,22,4,0,0,0,0,0,1,0,0,0,1,0,0,5,0,5,10,1,0.20930232558139536,1
1,148000.0,0.35555555555555557,1271,167,11,1,28,3,0,0,0,1,0,0,0,0,1,0,1,0,3,1,3,12,0,0.02608695652173913,0
1,129500.0,0.32362459546925565,1096,146,11,1,21,4,1,0,0,0,0,0,0,0,0,1,1,0,4,0,4,13,0,0.17391304347826086,1
1,58000.0,0.34285714285714286,834,115,10,1,22,1,0,0,0,0,0,1,0,0,0,1,1,0,3,1,4,8,0,0.1956521739130435,1
1,148750.0,0.3426183844011142,820,117,10,1,15,3,1,0,0,0,0,0,0,0,0,1,0,0,4,0,3,16,0,0.08045977011494253,0
1,167250.0,0.34814814814814815,850,121,10,1,17,5,0,0,0,1,0,0,0,0,0,1,1,0,4,0,4,8,0,0.04716981132075472,0
1,67500.0,0.2,1023,141,10,1,13,1,0,0,0,1,0,0,0,1,0,0,1,0,4,0,6,3,1,0.10526315789473684,0
0,105000.0,0.0,839,113,6,1,25,3,0,1,0,0,0,0,0,1,1,0,0,1,4,0,2,22,0,0.12307692307692308,1
1,61984.0,0.32650196518809654,1049,145,10,1,25,1,0,0,1,0,0,0,0,0,0,1,0,0,5,1,2,17,0,0.0979020979020979,0
0,105000.0,0.0,1145,151,11,1,25,1,0,0,1,0,0,0,0,0,0,0,1,0,6,0,0,5,0,0.16666666666666666,1
1,84250.0,0.22631578947368422,909,120,6,1,18,3,0,0,1,0,0,0,0,0,0,0,1,0,6,0,5,12,1,0.16923076923076924,1
1,68250.0,0.38461538461538464,918,121,6,1,29,1,0,0,1,0,0,0,0,0,1,0,1,0,6,0,5,16,1,0.12380952380952381,1
1,122907.20000000001,0.3979121475054231,933,129,10,1,32,3,0,0,1,0,0,0,0,0,1,0,1,0,6,0,3,6,0,0.13414634146341464,1
1,130500.0,0.3215434083601286,1287,169,11,1,29,4,0,0,1,0,0,0,0,1,0,0,1,0,5,0,3,4,0,0.16666666666666666,1
1,195250.0,0.3168103448275862,879,123,10,1,16,4,0,0,1,0,0,0,0,0,0,1,0,0,5,0,4,20,0,0.058823529411764705,0
0,105000.0,0.0,909,123,6,1,32,3,0,0,1,0,0,0,0,1,0,0,0,1,5,1,3,3,0,0.08333333333333333,0
1,73000.0,0.3867403314917127,1128,148,11,1,28,3,0,0,0,0,0,0,1,0,0,0,0,0,4,0,2,13,0,0.19402985074626866,1
1,130750.0,0.30194805194805197,1135,149,11,1,33,4,1,0,0,0,0,0,0,1,0,1,1,0,7,1,5,1,1,0.19047619047619047,1
1,84500.0,0.26666666666666666,1019,141,10,1,25,1,0,1,0,0,0,0,0,0,0,1,1,0,3,0,1,0,0,0.20212765957446807,1
1,78603.2,0.24843568945538816,862,120,10,1,24,2,0,0,0,0,1,0,0,0,0,1,1,0,4,1,4,7,0,0.07547169811320754,0
0,105000.0,0.0,797,108,6,1,14,4,0,1,0,0,0,0,0,0,0,1,0,0,3,0,4,0,0,0.08108108108108109,0
0,105000.0,0.0,1045,141,10,1,28,2,0,0,0,0,0,0,1,0,1,0,0,0,4,0,6,10,1,0.14084507042253522,1
1,70250.0,0.2546583850931677,1103,146,11,1,17,5,0,0,0,1,0,0,0,0,0,1,0,0,4,0,0,1,0,0.06944444444444445,0
0,105000.0,0.0,1089,144,11,1,18,1,0,1,0,0,0,0,0,1,0,0,0,1,3,0,2,7,0,0.11940298507462686,1
0,105000.0,0.0,1259,167,11,1,25,1,1,0,0,0,0,0,0,0,0,1,1,0,6,0,5,10,1,0.08333333333333333,0
1,91500.0,0.3211009174311927,836,119,10,1,25,1,1,0,0,0,0,0,0,0,0,1,1,0,4,1,3,12,0,0.0891089108910891,0
1,138750.0,0.2268370607028754,897,124,10,1,13,3,0,0,0,1,0,0,0,0,1,0,1,0,5,1,2,4,0,0.10119047619047619,0
1,203750.0,0.3634538152610442,1113,149,11,1,33,3,1,0,0,0,0,0,0,0,1,0,1,0,6,0,0,16,0,0.06451612903225806,0
1,134000.0,0.31974921630094044,1007,139,10,1,25,1,0,0,1,0,0,0,0,0,0,1,1,0,3,1,1,22,0,0.07267441860465117,0
1,211619.19999999998,0.33812479581835997,877,117,6,1,18,3,1,0,0,0,0,0,0,1,1,0,0,0,6,0,3,15,0,0.08982035928143713,0
1,131144.0,0.30783682232957593,999,141,10,1,18,2,0,1,0,0,0,0,0,1,0,0,1,0,4,0,0,4,0,0.10062893081761007,0
1,103000.0,0.2689075630252101,893,120,6,1,18,3,0,0,1,0,0,0,0,0,0,1,1,0,5,0,0,5,0,0.13333333333333333,1
0,105000.0,0.0,702,96,6,1,32,3,0,0,1,0,0,0,0,0,1,0,1,0,3,1,6,14,1,0.050505050505050504,0
0,105000.0,0.0,903,120,6,1,25,4,0,0,0,1,0,0,0,0,0,1,1,0,5,1,3,8,0,0.056179775280898875,0
1,74250.0,0.3858695652173913,924,124,10,1,28,2,0,0,0,0,0,0,1,1,1,0,0,0,5,0,6,8,1,0.16666666666666666,1
1,97500.0,0.25112107623318386,1103,147,11,1,14,4,0,0,0,0,1,0,0,0,1,0,1,0,5,0,6,23,1,0.10126582278481013,0
1,104000.0,0.336,967,136,10,1,24,3,1,0,0,0,0,0,0,1,0,1,0,0,3,0,4,3,0,0.11976047904191617,1
1,85250.0,0.32019704433497537,649,90,6,1,13,2,0,0,0,1,0,0,0,0,0,1,1,0,3,0,6,14,1,0.09876543209876543,0
0,105000.0,0.0,1120,148,11,1,13,2,0,0,0,1,0,0,0,1,0,0,1,0,5,0,2,14,0,0.05263157894736842,0
1,68750.0,0.28125,674,90,6,1,26,4,0,0,0,0,1,0,0,0,1,0,0,1,3,0,2,1,0,0.1320754716981132,1
0,105000.0,0.0,936,126,10,1,32,2,0,0,0,1,0,0,0,0,0,1,0,1,5,1,1,11,0,0.057692307692307696,0
0,105000.0,0.0,884,122,10,1,25,3,0,1,0,0,0,0,0,0,1,0,0,1,6,0,5,12,1,0.08071748878923767,0
1,100750.0,0.3551020408163265,1144,151,11,1,35,5,0,0,0,1,0,0,0,1,0,0,0,0,5,0,6,3,1,0.16216216216216217,1
0,105000.0,0.0,776,104,6,1,26,4,0,0,0,0,1,0,0,0,0,0,1,0,7,0,6,9,1,0.07142857142857142,0
1,80500.0,0.26881720430107525,1145,149,11,1,28,3,0,0,0,0,0,0,1,1,0,0,1,0,5,0,3,11,0,0.16842105263157894,1
0,105000.0,0.0,1146,152,11,1,26,4,0,0,0,0,1,0,0,1,0,0,0,1,7,1,1,7,0,0.05,0
0,105000.0,0.0,692,90,6,1,18,3,0,1,0,0,0,0,0,1,0,1,0,0,4,0,5,8,1,0.05555555555555555,0
1,67000.0,0.325,740,98,6,1,26,4,0,0,0,0,1,0,0,0,0,1,1,0,5,0,2,22,0,0.12903225806451613,1
1,105500.0,0.1888412017167382,765,102,6,1,24,3,0,0,0,0,1,0,0,0,0,1,1,0,7,0,5,1,1,0.06779661016949153,0
1,165250.0,0.19398907103825136,892,116,6,1,29,4,0,0,1,0,0,0,0,1,1,0,0,1,5,1,4,13,0,0.09322033898305085,0
1,59000.0,0.21212121212121213,738,98,6,1,19,1,0,0,0,0,0,1,0,0,0,1,1,0,6,0,0,8,0,0.18285714285714286,1
1,74500.0,0.2573099415204678,713,96,6,1,18,2,0,0,0,0,1,0,0,1,0,1,1,0,5,1,0,2,0,0.08080808080808081,0
0,105000.0,0.0,1276,170,11,1,26,4,0,0,0,0,1,0,0,0,0,0,1,0,3,1,0,16,0,0.047619047619047616,0
1,165750.0,0.25065963060686014,1023,142,10,1,19,4,1,0,0,0,0,0,0,1,0,0,1,0,5,0,5,10,1,0.1111111111111111,1
1,89107.20000000001,0.3914022902196358,882,121,10,1,18,1,0,1,0,0,0,0,0,0,0,1,1,0,6,0,4,14,0,0.11904761904761904,1
1,86000.0,0.19895287958115182,868,121,10,1,24,2,0,0,0,0,1,0,0,0,0,1,1,0,4,0,6,11,1,0.08571428571428572,0
1,287976.0,0.2690504469588047,875,121,10,1,33,4,1,0,0,0,0,0,0,0,1,0,1,0,5,0,3,18,0,0.05343511450381679,0
1,112000.0,0.2900763358778626,1308,172,11,1,28,4,0,0,0,0,0,0,1,1,0,0,1,0,5,0,3,15,0,0.1044776119402985,0
1,51500.0,0.2833333333333333,719,94,6,1,24,2,0,0,0,0,0,0,1,1,0,0,1,0,4,0,2,16,0,0.19148936170212766,1
0,105000.0,0.0,892,122,10,1,20,1,0,0,0,0,0,1,0,1,1,0,1,0,5,0,3,11,0,0.11538461538461539,1
1,73750.0,0.3967391304347826,1111,146,11,1,28,3,0,0,0,0,0,0,1,0,0,0,1,0,3,0,4,7,0,0.06349206349206349,0
1,48750.0,0.31896551724137934,1294,171,11,1,22,4,0,0,0,0,0,1,0,0,0,1,0,0,5,0,0,7,0,0.14634146341463414,1
1,79393.6,0.3933080808080809,1027,142,10,1,25,4,0,0,0,1,0,0,0,0,1,0,1,0,4,1,2,4,0,0.15950920245398773,1
1,59250.0,0.3767123287671233,1004,139,10,1,24,1,0,0,0,0,0,0,1,1,1,0,0,0,3,0,6,21,1,0.3137254901960784,1
0,105000.0,0.0,1137,149,11,1,32,1,0,0,0,1,0,0,0,1,0,1,1,0,5,0,4,16,0,0.1021671826625387,0
0,105000.0,0.0,1298,171,11,1,35,5,0,0,0,1,0,0,0,1,1,0,1,0,3,0,3,21,0,0.15151515151515152,1
0,105000.0,0.0,834,110,6,1,19,4,1,0,0,0,0,0,0,0,0,1,1,0,3,0,6,14,1,0.04477611940298507,0
1,116750.0,0.32014388489208634,1004,141,10,1,18,1,1,0,0,0,0,0,0,0,1,0,1,0,6,0,0,16,0,0.1111111111111111,1
1,71000.0,0.2994011976047904,1230,165,11,1,14,4,0,0,0,0,1,0,0,1,0,0,1,0,3,1,2,23,0,0.1691542288557214,1
1,205000.0,0.3162217659137577,1101,148,10,1,32,4,0,0,0,1,0,0,0,1,1,0,0,1,6,1,2,15,0,0.07539682539682539,0
1,57750.0,0.3381294964028777,1275,168,11,1,20,1,0,0,0,0,0,1,0,1,0,1,1,0,5,1,4,10,0,0.15873015873015872,1
0,105000.0,0.0,1281,169,11,1,33,3,1,0,0,0,0,0,0,0,1,0,1,0,7,0,2,10,0,0.0,0
0,105000.0,0.0,848,119,10,1,28,3,0,0,0,1,0,0,0,0,1,0,0,1,3,1,1,16,0,0.017241379310344827,0
1,86000.0,0.32195121951219513,670,91,6,1,14,4,0,0,0,0,1,0,0,0,1,0,1,0,4,0,1,12,0,0.12,1
0,105000.0,0.0,1254,165,11,1,29,2,0,0,1,0,0,0,0,1,0,0,1,0,3,0,0,20,0,0.15254237288135594,1
1,82222.40000000001,0.31694338016177087,1014,139,10,1,28,3,0,0,0,0,0,0,1,0,0,1,1,0,3,0,4,12,0,0.15789473684210525,1
0,105000.0,0.0,924,126,10,1,22,4,0,0,0,0,0,1,0,1,0,1,0,1,6,0,5,23,1,0.023809523809523808,0
1,29500.0,0.2647058823529412,758,98,6,1,28,0,0,0,0,0,0,0,1,0,0,1,1,0,5,0,4,8,0,0.27976190476190477,1
1,249500.0,0.32550335570469796,731,94,6,1,18,4,0,1,0,0,0,0,0,1,0,1,1,0,7,1,6,5,1,0.017543859649122806,0
1,149500.0,0.22023809523809523,838,115,10,1,23,2,0,1,0,0,0,0,0,0,1,0,0,1,3,1,6,19,1,0.06779661016949153,0
1,121750.0,0.2791519434628975,699,94,6,1,19,4,1,0,0,0,0,0,0,0,0,0,1,0,4,0,0,9,0,0.019230769230769232,0
1,79250.0,0.2956989247311828,1087,145,11,1,21,4,1,0,0,0,0,0,0,0,0,1,0,0,4,0,4,3,0,0.09202453987730061,0
0,105000.0,0.0,705,90,6,1,31,3,0,0,0,0,0,0,1,0,0,0,1,0,3,0,3,0,0,0.08415841584158416,0
1,61000.0,0.35135135135135137,670,92,6,1,14,4,0,0,0,0,1,0,0,0,0,1,1,0,4,0,5,14,1,0.05952380952380952,0
0,105000.0,0.0,678,90,6,1,24,3,0,0,0,0,1,0,0,0,0,1,0,0,3,1,0,10,0,0.12096774193548387,1
1,105000.0,0.19742489270386265,826,115,10,1,20,3,0,0,0,0,0,1,0,0,0,1,1,0,3,0,6,5,1,0.07865168539325842,0
1,60750.0,0.2,1236,165,11,1,14,4,0,0,0,0,1,0,0,0,0,1,0,0,3,0,0,11,0,0.09523809523809523,0
1,120203.2,0.19462667916276155,1286,170,11,1,24,3,0,0,0,0,1,0,0,1,1,0,1,0,6,0,6,9,1,0.09259259259259259,0
1,223000.0,0.33891992551210426,901,123,10,1,21,4,0,1,0,0,0,0,0,0,0,0,1,0,6,1,6,5,1,0.06,0
1,79000.0,0.34554973821989526,899,122,6,1,14,2,0,0,0,0,1,0,0,0,0,1,1,0,6,1,4,1,0,0.10256410256410256,0
1,71750.0,0.3785310734463277,843,119,10,1,19,2,0,0,0,0,0,1,0,1,0,1,0,1,3,0,2,18,0,0.19811320754716982,1
0,105000.0,0.0,1137,148,11,1,31,4,0,0,0,0,0,0,1,0,1,0,0,0,4,0,3,6,0,0.04918032786885246,0
1,47500.0,0.3620689655172414,908,120,6,1,25,4,0,0,0,1,0,0,0,0,0,1,1,0,6,0,5,18,1,0.1044776119402985,0
0,105000.0,0.0,772,96,6,1,31,0,0,0,0,0,0,0,1,0,0,1,1,0,5,0,5,8,1,0.1388888888888889,1
0,105000.0,0.0,1254,166,11,1,12,3,0,1,0,0,0,0,0,1,0,0,1,0,5,0,6,16,1,0.11688311688311688,1
1,75750.0,0.3442622950819672,924,122,6,1,28,2,0,0,0,1,0,0,0,0,0,1,1,0,6,0,1,0,0,0.2,1
0,105000.0,0.0,915,124,6,1,18,0,0,0,0,0,1,0,0,0,1,0,1,0,7,0,3,11,0,0.11627906976744186,1
0,105000.0,0.0,700,92,6,1,29,2,0,0,1,0,0,0,0,1,0,1,1,0,3,0,5,6,1,0.16346153846153846,1
1,69000.0,0.25316455696202533,736,95,6,1,25,4,0,0,0,1,0,0,0,1,0,0,1,0,5,0,4,9,0,0.14583333333333334,1
0,105000.0,0.0,997,141,10,1,17,1,1,0,0,0,0,0,0,0,0,1,1,0,4,0,6,9,1,0.061224489795918366,0
1,140750.0,0.2070063694267516,928,129,10,1,14,3,0,0,1,0,0,0,0,1,0,1,0,0,7,0,1,17,0,0.07894736842105263,0
0,105000.0,0.0,1249,166,11,1,25,1,0,0,1,0,0,0,0,1,0,0,1,0,3,1,0,17,0,0.13392857142857142,1
1,37500.0,0.29545454545454547,1275,170,11,1,28,0,0,0,0,0,0,0,1,0,1,0,1,0,3,0,3,18,0,0.2716049382716049,1
1,98500.0,0.2943722943722944,1103,148,11,1,15,1,1,0,0,0,0,0,0,1,0,1,0,0,7,1,6,9,1,0.16568047337278108,1
1,35500.0,0.2891566265060241,733,94,6,1,28,0,0,0,0,0,0,0,1,0,0,1,1,0,4,0,5,20,1,0.26153846153846155,1
1,142250.0,0.3926553672316384,1304,173,11,1,16,3,0,0,1,0,0,0,0,0,0,1,0,0,6,0,5,19,1,0.21052631578947367,1
1,81750.0,0.2879581151832461,1277,171,11,1,24,2,0,0,0,0,1,0,0,0,0,0,1,0,4,0,5,9,1,0.018867924528301886,0
1,45250.0,0.29245283018867924,932,122,6,1,35,5,0,0,0,1,0,0,0,1,0,0,1,0,6,0,5,4,1,0.045454545454545456,0
1,85500.0,0.3235294117647059,1295,170,11,1,32,1,0,0,0,1,0,0,0,1,1,0,1,0,3,0,5,13,1,0.1,0
1,142000.0,0.2360248447204969,898,125,10,1,14,3,0,0,1,0,0,0,0,1,0,0,1,0,5,0,2,11,0,0.08333333333333333,0
0,105000.0,0.0,846,118,10,1,14,1,0,0,1,0,0,0,0,0,1,0,1,0,4,0,1,8,0,0.03333333333333333,0
0,105000.0,0.0,763,99,6,1,22,1,0,0,0,0,0,1,0,0,1,0,1,0,6,0,2,23,0,0.10975609756097561,1
0,105000.0,0.0,842,119,10,1,16,3,0,0,1,0,0,0,0,0,0,0,1,0,3,1,4,7,0,0.030303030303030304,0
0,105000.0,0.0,1085,144,11,1,14,2,0,0,0,0,1,0,0,0,0,1,1,0,3,0,5,6,1,0.15151515151515152,1
1,329250.0,0.26710526315789473,819,115,10,1,18,5,1,0,0,0,0,0,0,0,0,1,1,0,3,1,1,20,0,0.045454545454545456,0
0,105000.0,0.0,1115,146,11,1,28,2,0,0,0,0,0,0,1,1,0,1,1,0,3,1,6,17,1,0.14285714285714285,1
1,94750.0,0.3303964757709251,1146,152,11,1,24,2,0,0,0,0,1,0,0,0,1,0,1,0,7,1,4,19,0,0.06358381502890173,0
1,157750.0,0.1867816091954023,1125,146,11,1,28,5,0,0,0,0,0,0,1,1,0,1,1,0,4,0,0,16,0,0.02702702702702703,0
1,99750.0,0.34439834024896265,729,98,6,1,35,5,0,0,0,1,0,0,0,1,0,0,0,1,4,0,1,19,0,0.07692307692307693,0
0,105000.0,0.0,890,125,10,1,24,3,0,0,0,0,1,0,0,0,0,1,1,0,5,1,2,20,0,0.08609271523178808,0
1,112250.0,0.23921568627450981,905,124,10,1,17,5,0,0,0,1,0,0,0,0,0,0,1,0,5,1,2,20,0,0.12056737588652482,1
0,105000.0,0.0,793,110,6,1,19,2,1,0,0,0,0,0,0,0,0,1,0,0,3,1,2,12,0,0.07894736842105263,0
1,116750.0,0.37282229965156793,1258,166,11,1,13,2,0,1,0,0,0,0,0,0,0,1,1,0,5,1,6,5,1,0.10756972111553785,1
0,105000.0,0.0,737,98,6,1,22,4,0,0,0,0,0,1,0,0,0,1,0,0,5,0,5,19,1,0.0821917808219178,0
0,105000.0,0.0,728,94,6,1,29,3,0,0,1,0,0,0,0,1,0,1,0,0,3,0,4,5,0,0.1,0
0,105000.0,0.0,878,121,10,1,18,1,0,0,1,0,0,0,0,0,0,1,1,0,4,0,2,19,0,0.10236220472440945,0
1,160250.0,0.22437673130193905,1112,146,11,1,13,3,0,1,0,0,0,0,0,0,0,1,1,0,5,1,2,12,0,0.07352941176470588,0
1,150250.0,0.2680115273775216,903,121,6,1,18,4,0,0,1,0,0,0,0,0,1,0,1,0,5,0,4,9,0,0.058823529411764705,0
1,59500.0,0.3586206896551724,753,100,6,1,22,4,0,0,0,0,0,1,0,0,0,1,0,0,6,0,3,0,0,0.16363636363636364,1
1,31500.0,0.34210526315789475,738,96,6,1,28,0,0,0,0,0,0,0,1,0,0,1,1,0,4,0,6,16,1,0.25,1
0,105000.0,0.0,663,86,6,1,14,3,0,1,0,0,0,0,0,0,0,1,1,0,3,1,0,1,0,0.04216867469879518,0
1,130000.0,0.3006535947712418,1118,146,11,1,28,5,0,0,0,0,0,0,1,1,0,0,1,0,3,0,4,9,0,0.14285714285714285,1
0,105000.0,0.0,688,90,6,1,18,4,0,0,1,0,0,0,0,1,0,1,1,0,3,0,4,6,0,0.0,0
1,135000.0,0.3018867924528302,744,101,6,1,13,3,0,0,0,1,0,0,0,0,1,0,1,0,6,0,0,4,0,0.054945054945054944,0
1,79500.0,0.2717391304347826,916,124,10,1,24,3,0,0,0,0,0,0,1,0,0,1,1,0,5,0,3,11,0,0.16666666666666666,1
1,92500.0,0.3105022831050228,1135,151,11,1,14,4,0,0,0,0,1,0,0,1,0,0,1,0,7,1,1,9,0,0.12941176470588237,1
1,138250.0,0.3293051359516616,834,119,10,1,25,1,1,0,0,0,0,0,0,0,0,1,1,0,4,1,5,6,1,0.13125,1
0,105000.0,0.0,1051,144,10,1,25,3,0,1,0,0,0,0,0,1,0,1,1,0,5,1,2,8,0,0.09774436090225563,0
1,145750.0,0.1838006230529595,1039,144,10,1,18,3,0,1,0,0,0,0,0,0,0,1,1,0,6,0,5,21,1,0.05,0
1,141000.0,0.36046511627906974,713,92,6,1,31,5,0,0,0,0,0,0,1,0,0,0,1,0,3,0,5,9,1,0.07547169811320754,0
0,105000.0,0.0,1123,147,11,1,33,4,1,0,0,0,0,0,0,0,0,0,0,0,5,0,2,4,0,0.03896103896103896,0
0,105000.0,0.0,870,122,10,1,28,2,0,0,0,1,0,0,0,0,0,0,1,0,4,1,5,10,1,0.05128205128205128,0
1,82500.0,0.24468085106382978,866,116,6,1,24,3,0,0,0,0,0,0,1,0,0,1,1,0,4,0,5,8,1,0.1,0
1,95000.0,0.25688073394495414,914,125,10,1,20,3,0,0,0,0,0,1,0,0,0,1,1,0,6,1,2,0,0,0.10526315789473684,0
1,261000.0,0.2743801652892562,1269,167,11,1,28,5,0,0,0,1,0,0,0,1,1,0,1,0,4,0,1,14,0,0.08450704225352113,0
0,105000.0,0.0,892,116,6,1,24,3,0,0,0,0,0,0,1,1,0,1,1,0,5,0,3,18,0,0.08695652173913043,0
0,105000.0,0.0,868,122,10,1,17,3,0,1,0,0,0,0,0,0,0,0,1,0,6,1,4,16,0,0.13043478260869565,1
1,133750.0,0.31761006289308175,1152,151,11,1,28,3,0,0,0,1,0,0,0,0,1,0,1,0,6,0,6,0,1,0.10989010989010989,1
0,105000.0,0.0,867,119,6,1,19,4,1,0,0,0,0,0,0,1,0,0,1,0,5,1,3,6,0,0.0761904761904762,0
1,94500.0,0.3125,1067,149,10,1,24,3,0,0,0,0,1,0,0,0,0,1,1,0,6,0,3,3,0,0.10666666666666667,0
1,65750.0,0.19863013698630136,889,115,6,1,28,2,0,0,0,0,0,0,1,1,0,0,1,0,4,0,5,14,1,0.19047619047619047,1
1,39750.0,0.36082474226804123,765,98,6,1,28,1,0,0,0,0,0,0,1,0,0,1,0,1,5,1,4,16,0,0.10576923076923077,0
1,250000.0,0.34983498349834985,841,116,6,1,21,5,0,1,0,0,0,0,0,0,0,0,1,0,3,0,4,22,0,0.047058823529411764,0
1,132500.0,0.36923076923076925,1102,145,11,1,14,1,0,1,0,0,0,0,0,1,1,0,1,0,5,0,1,1,0,0.3157894736842105,1
1,121000.0,0.23357664233576642,901,118,6,1,31,5,0,0,0,0,0,0,1,0,0,0,1,0,4,0,6,20,1,0.06349206349206349,0
0,105000.0,0.0,864,122,10,1,14,4,0,0,0,0,1,0,0,0,0,1,0,1,5,0,5,20,1,0.09803921568627451,0
1,111000.0,0.224,1117,146,11,1,17,5,0,0,0,1,0,0,0,0,0,1,1,0,4,0,3,1,0,0.046511627906976744,0
0,105000.0,0.0,759,96,6,1,31,0,0,0,0,0,0,0,1,1,1,0,1,0,5,1,5,15,1,0.10344827586206896,0
1,209250.0,0.3934740882917466,1020,143,10,1,18,3,1,0,0,0,0,0,0,0,1,0,1,0,7,0,4,22,0,0.07920792079207921,0
0,105000.0,0.0,930,123,6,1,22,3,0,0,0,0,0,1,0,0,1,0,1,0,6,1,0,0,0,0.056338028169014086,0
1,66500.0,0.2727272727272727,681,92,6,1,29,2,0,0,1,0,0,0,0,0,0,1,1,0,3,0,0,1,0,0.0,0
1,83500.0,0.1945945945945946,892,125,10,1,17,5,0,0,0,1,0,0,0,0,1,0,1,0,5,0,0,7,0,0.16083916083916083,1
0,105000.0,0.0,921,124,6,1,32,3,0,0,1,0,0,0,0,0,0,0,0,1,6,1,2,9,0,0.04247104247104247,0
1,134500.0,0.39880952380952384,1137,150,11,1,25,1,0,0,1,0,0,0,0,1,0,1,1,0,6,0,1,20,0,0.02531645569620253,0
1,80750.0,0.28191489361702127,1126,148,11,1,33,1,1,0,0,0,0,0,0,0,0,0,1,0,6,0,3,6,0,0.19607843137254902,1
0,105000.0,0.0,1104,145,11,1,18,2,1,0,0,0,0,0,0,1,1,0,1,0,5,0,1,5,0,0.08333333333333333,0
1,112750.0,0.34191176470588236,1121,147,11,1,13,1,0,1,0,0,0,0,0,0,1,0,1,0,7,0,0,2,0,0.16666666666666666,1
1,147500.0,0.3791208791208791,1268,167,11,1,33,4,1,0,0,0,0,0,0,0,0,0,1,0,5,0,4,3,0,0.13333333333333333,1
0,105000.0,0.0,768,102,6,1,16,2,0,0,1,0,0,0,0,1,0,0,1,0,7,0,3,4,0,0.0784313725490196,0
0,105000.0,0.0,1259,166,11,1,19,4,1,0,0,0,0,0,0,1,1,0,1,0,4,0,1,10,0,0.0,0
1,115000.0,0.32116788321167883,1012,139,10,1,21,1,0,1,0,0,0,0,0,1,0,0,1,0,4,1,2,20,0,0.17543859649122806,1
1,95500.0,0.24770642201834864,1075,146,10,1,28,3,0,0,0,0,0,0,1,0,1,0,1,0,4,0,4,5,0,0.17647058823529413,1
0,105000.0,0.0,737,98,6,1,33,2,1,0,0,0,0,0,0,1,1,0,0,0,7,1,2,13,0,0.08771929824561403,0
0,105000.0,0.0,1244,165,11,1,22,4,0,0,0,0,0,1,0,0,0,1,1,0,3,1,3,16,0,0.043424317617866005,0
0,105000.0,0.0,896,122,10,1,18,2,0,0,1,0,0,0,0,0,0,1,1,0,5,1,3,15,0,0.125,1
1,169769.6,0.3770752559896611,937,129,10,1,16,3,0,0,1,0,0,0,0,0,1,0,1,0,7,0,6,16,1,0.1065989847715736,0
1,133500.0,0.3867069486404834,1106,155,10,1,24,3,0,0,0,0,1,0,0,1,1,0,1,0,7,0,6,10,1,0.175,1
1,80250.0,0.28342245989304815,708,90,6,1,31,3,0,0,0,0,0,0,1,0,0,1,0,0,3,0,1,9,0,0.15053763440860216,1
1,34500.0,0.2077922077922078,879,112,6,1,28,0,0,0,0,0,0,0,1,0,0,1,1,0,4,0,6,3,1,0.17,1
1,156250.0,0.24929971988795518,1256,169,11,1,17,3,0,1,0,0,0,0,0,0,0,1,1,0,3,1,0,13,0,0.10526315789473684,0
0,105000.0,0.0,748,98,6,1,22,3,0,0,0,0,0,1,0,1,0,1,1,0,6,0,1,23,0,0.08695652173913043,0
1,188750.0,0.3370044052863436,909,123,10,1,29,4,0,0,1,0,0,0,0,0,1,0,1,0,4,1,5,0,1,0.06944444444444445,0
0,105000.0,0.0,702,97,6,1,21,4,1,0,0,0,0,0,0,1,0,0,1,0,7,0,2,3,0,0.04918032786885246,0
0,105000.0,0.0,834,117,10,1,17,5,0,0,0,1,0,0,0,0,0,0,1,0,3,0,1,14,0,0.038461538461538464,0
1,124000.0,0.2222222222222222,982,139,10,1,18,2,1,0,0,0,0,0,0,1,0,0,0,0,5,0,3,23,0,0.19607843137254902,1
1,93000.0,0.26976744186046514,682,96,6,1,18,3,0,0,0,0,1,0,0,1,0,1,0,1,4,0,4,10,0,0.10714285714285714,1
1,134500.0,0.3028391167192429,774,103,6,1,24,3,0,0,0,0,1,0,0,0,1,0,1,0,7,0,5,8,1,0.1951219512195122,1
1,148000.0,0.3323943661971831,717,96,6,1,17,3,0,1,0,0,0,0,0,0,0,0,1,0,7,1,0,8,0,0.02857142857142857,0
0,105000.0,0.0,1279,171,11,1,15,0,0,0,1,0,0,0,0,0,0,1,1,0,4,1,3,18,0,0.07723577235772358,0
0,105000.0,0.0,1105,147,11,1,21,4,1,0,0,0,0,0,0,0,0,1,1,0,5,0,5,8,1,0.06741573033707865,0
1,63250.0,0.19285714285714287,1277,169,11,1,29,2,0,0,1,0,0,0,0,1,0,1,0,0,3,0,3,10,0,0.23255813953488372,1
1,129500.0,0.2558922558922559,1264,170,11,1,17,2,1,0,0,0,0,0,0,1,0,0,1,0,5,1,1,18,0,0.1,0
1,67000.0,0.39520958083832336,730,96,6,1,33,4,1,0,0,0,0,0,0,0,0,1,1,0,6,0,5,22,1,0.22727272727272727,1
1,183750.0,0.32954545454545453,1254,167,11,1,19,4,1,0,0,0,0,0,0,0,1,0,0,1,3,0,4,16,0,0.0847457627118644,0
1,109250.0,0.33840304182509506,1132,147,11,1,32,3,0,0,0,1,0,0,0,0,0,1,1,0,4,0,1,21,0,0.08620689655172414,0
1,97250.0,0.3516949152542373,956,135,10,1,12,2,0,1,0,0,0,0,0,0,0,0,0,1,3,1,2,3,0,0.125,1
0,105000.0,0.0,896,114,6,1,28,1,0,0,0,0,0,0,1,0,0,1,0,1,4,1,4,13,0,0.06779661016949153,0
0,105000.0,0.0,1266,170,11,1,25,2,1,0,0,0,0,0,0,1,0,0,1,0,5,0,1,17,0,0.017543859649122806,0
1,72500.0,0.30409356725146197,872,120,10,1,29,1,0,0,1,0,0,0,0,0,1,0,1,0,4,0,3,8,0,0.20652173913043478,1
1,113250.0,0.33455882352941174,1102,145,11,1,14,4,0,0,0,0,1,0,0,1,1,0,1,0,3,1,3,5,0,0.11180124223602485,1
1,71000.0,0.30952380952380953,652,88,6,1,12,0,0,1,0,0,0,0,0,0,1,0,1,0,4,1,6,9,1,0.13445378151260504,1
1,74000.0,0.391304347826087,1316,176,11,1,24,1,0,0,0,0,1,0,0,1,1,0,1,0,7,1,4,23,0,0.1171875,1
1,124500.0,0.34,726,96,6,1,28,3,0,0,0,1,0,0,0,0,0,1,1,0,5,0,4,8,0,0.11428571428571428,1
0,105000.0,0.0,1018,141,10,1,28,2,0,0,0,1,0,0,0,0,0,0,1,0,3,0,3,8,0,0.04950495049504951,0
1,70387.20000000001,0.24344666493641323,888,122,10,1,18,1,0,0,1,0,0,0,0,1,1,0,0,1,5,0,3,22,0,0.18,1
0,105000.0,0.0,1033,143,10,1,19,3,0,0,0,0,0,1,0,1,1,0,1,0,5,1,0,17,0,0.07954545454545454,0
1,51500.0,0.23931623931623933,722,94,6,1,28,2,0,0,0,0,0,0,1,0,0,1,0,0,3,0,5,2,1,0.10493827160493827,0
1,61250.0,0.2116788321167883,1127,147,11,1,22,1,0,0,0,0,0,1,0,1,0,1,1,0,5,0,1,16,0,0.20535714285714285,1
0,105000.0,0.0,1291,170,11,1,28,3,0,0,0,0,0,0,1,1,0,1,0,1,4,0,3,6,0,0.14583333333333334,1
1,82750.0,0.2578947368421053,910,121,6,1,22,4,0,0,0,0,0,1,0,0,1,0,1,0,6,0,1,12,0,0.05660377358490566,0
1,96750.0,0.35319148936170214,719,94,6,1,22,4,0,0,0,0,0,1,0,1,0,1,1,0,4,1,6,12,1,0.08450704225352113,0
1,47750.0,0.36752136752136755,930,125,10,1,31,2,0,0,0,0,0,0,1,1,0,0,1,0,5,0,2,6,0,0.11320754716981132,1
1,120500.0,0.26618705035971224,726,95,6,1,17,3,0,1,0,0,0,0,0,1,0,0,1,0,7,1,2,0,0,0.13829787234042554,1
1,114500.0,0.1968503937007874,909,122,6,1,24,3,0,0,0,0,1,0,0,0,0,1,1,0,7,1,3,22,0,0.1404494382022472,1
1,162000.0,0.36363636363636365,884,125,10,1,13,4,0,0,0,1,0,0,0,0,0,0,1,0,5,0,5,17,1,0.0,0
1,237500.0,0.27898550724637683,1261,168,11,1,15,4,1,0,0,0,0,0,0,0,0,1,0,0,7,0,5,12,1,0.09090909090909091,0
1,141500.0,0.26380368098159507,724,100,6,1,19,3,1,0,0,0,0,0,0,1,0,0,1,0,7,0,5,17,1,0.17142857142857143,1
1,75000.0,0.2658959537572254,1114,147,11,1,13,0,0,1,0,0,0,0,0,0,1,0,1,0,7,1,2,20,0,0.15789473684210525,1
1,200500.0,0.396,1114,148,11,1,18,4,0,0,0,0,1,0,0,0,1,0,1,0,5,0,4,13,0,0.1076923076923077,1
0,105000.0,0.0,864,120,10,1,22,4,0,0,0,0,0,1,0,1,0,1,1,0,3,0,3,2,0,0.11764705882352941,1
1,50250.0,0.23684210526315788,1005,137,10,1,28,2,0,0,0,0,0,0,1,0,0,0,0,0,3,0,2,8,0,0.2125,1
1,62500.0,0.22695035460992907,892,116,6,1,29,1,0,0,1,0,0,0,0,0,1,0,1,0,5,0,6,11,1,0.1270718232044199,1
1,198000.0,0.3869653767820774,1167,153,11,1,32,3,0,0,1,0,0,0,0,0,1,0,0,0,7,0,1,11,0,0.12,1
1,109366.4,0.189877775865037,726,96,6,1,25,1,0,1,0,0,0,0,0,0,0,1,1,0,6,0,5,8,1,0.09375,0
0,105000.0,0.0,820,114,10,1,18,3,1,0,0,0,0,0,0,0,1,0,0,1,3,0,4,11,0,0.07017543859649122,0
1,125500.0,0.38064516129032255,926,124,10,1,32,3,0,0,0,1,0,0,0,0,1,0,1,0,5,0,0,5,0,0.125,1
1,120000.0,0.3838383838383838,918,128,10,1,19,4,1,0,0,0,0,0,0,0,0,1,0,0,6,1,2,19,0,0.046153846153846156,0
0,105000.0,0.0,1057,146,10,1,26,4,0,0,0,0,1,0,0,0,0,1,1,0,6,1,3,7,0,0.07964601769911504,0
1,95250.0,0.32894736842105265,1112,146,11,1,14,1,0,1,0,0,0,0,0,1,0,1,1,0,6,1,3,11,0,0.14375,1
0,105000.0,0.0,1289,171,11,1,24,0,0,0,0,0,1,0,0,0,0,1,1,0,7,0,0,7,0,0.125,1
0,105000.0,0.0,926,125,10,1,32,3,0,0,0,1,0,0,0,1,0,1,1,0,5,1,0,2,0,0.04142011834319527,0
0,105000.0,0.0,897,125,10,1,32,3,0,0,1,0,0,0,0,0,1,0,1,0,4,1,0,17,0,0.04878048780487805,0
1,63750.0,0.21678321678321677,1051,144,10,1,22,2,0,0,0,0,0,1,0,0,0,1,1,0,4,0,5,21,1,0.14423076923076922,1
0,105000.0,0.0,881,125,10,1,26,4,0,0,0,0,1,0,0,0,0,1,1,0,5,0,1,19,0,0.03125,0
0,105000.0,0.0,785,104,6,1,19,4,1,0,0,0,0,0,0,0,1,0,1,0,7,1,1,6,0,0.01517706576728499,0
0,105000.0,0.0,904,118,6,1,20,1,0,0,0,0,0,1,0,0,0,0,1,0,6,0,1,13,0,0.1111111111111111,1
1,39000.0,0.375,1291,169,11,1,31,0,0,0,0,0,0,0,1,0,1,0,0,0,5,0,3,0,0,0.2871287128712871,1
1,174000.0,0.2982885085574572,727,93,6,1,22,4,0,0,0,0,0,1,0,0,1,0,1,0,4,1,4,17,0,0.05853658536585366,0
1,75500.0,0.34972677595628415,1111,152,10,1,28,1,0,0,0,1,0,0,0,1,0,1,0,1,6,1,0,23,0,0.19101123595505617,1
1,126000.0,0.2560553633217993,1117,148,11,1,24,3,0,0,0,0,1,0,0,0,1,0,1,0,5,0,3,9,0,0.11764705882352941,1
1,236000.0,0.3292035398230089,926,129,10,1,16,4,0,0,1,0,0,0,0,1,0,0,1,0,7,1,4,17,0,0.0625,0
1,62500.0,0.23943661971830985,1143,151,11,1,25,4,0,0,0,1,0,0,0,0,0,1,1,0,6,1,5,20,1,0.08791208791208792,0
1,109000.0,0.39705882352941174,878,116,6,1,19,1,1,0,0,0,0,0,0,0,1,0,1,0,6,0,4,17,0,0.14583333333333334,1
1,69750.0,0.3090909090909091,1092,145,11,1,12,0,0,1,0,0,0,0,0,0,0,1,1,0,4,1,0,16,0,0.168141592920354,1
1,79250.0,0.22905027932960895,712,98,6,1,24,2,0,0,0,0,1,0,0,1,0,0,1,0,4,1,6,5,1,0.08333333333333333,0
1,96250.0,0.34763948497854075,844,118,10,1,19,3,0,0,0,0,0,1,0,1,0,1,1,0,3,1,5,1,1,0.14541387024608501,1
0,105000.0,0.0,1151,151,11,1,28,5,0,0,0,1,0,0,0,1,1,0,1,0,6,0,3,1,0,0.0,0
1,101524.8,0.3854804035058707,926,125,10,1,28,3,0,0,0,0,0,0,1,0,1,0,1,0,5,0,2,9,0,0.1506849315068493,1
1,112000.0,0.34074074074074073,871,115,6,1,14,2,0,1,0,0,0,0,0,1,0,0,1,0,7,1,1,17,0,0.23214285714285715,1
0,105000.0,0.0,930,128,10,1,32,3,0,0,1,0,0,0,0,0,1,0,0,0,6,1,6,17,1,0.060109289617486336,0
1,99250.0,0.3729508196721312,828,119,10,1,21,1,0,1,0,0,0,0,0,0,1,0,1,0,4,1,3,10,0,0.0136986301369863,0
1,112500.0,0.3516483516483517,877,123,10,1,18,3,0,0,0,0,1,0,0,1,0,0,1,0,5,0,3,4,0,0.14035087719298245,1
0,105000.0,0.0,1110,146,11,1,13,2,0,1,0,0,0,0,0,1,0,1,1,0,5,0,2,4,0,0.16363636363636364,1
1,41745.6,0.3197990791125994,722,100,6,1,14,4,0,0,0,0,1,0,0,1,0,1,1,0,6,1,4,20,0,0.175,1
0,105000.0,0.0,724,94,6,1,28,0,0,0,0,0,0,0,1,0,0,1,1,0,4,0,2,10,0,0.07352941176470588,0
0,105000.0,0.0,1088,145,11,1,17,3,0,1,0,0,0,0,0,0,0,1,1,0,3,0,0,13,0,0.041666666666666664,0
1,82000.0,0.28272251308900526,1109,145,11,1,31,3,0,0,0,0,0,0,1,1,0,0,1,0,3,0,1,15,0,0.125,1
1,123500.0,0.19708029197080293,1301,173,11,1,16,2,0,0,1,0,0,0,0,1,1,0,0,0,6,1,0,0,0,0.1391304347826087,1
1,94494.4,0.3941322021915871,1040,145,10,1,32,3,0,0,0,1,0,0,0,0,0,0,1,0,3,0,4,9,0,0.0594059405940594,0
1,54750.0,0.20491803278688525,869,121,10,1,18,0,0,0,1,0,0,0,0,1,1,0,1,0,4,1,0,17,0,0.24299065420560748,1
0,105000.0,0.0,834,118,10,1,18,1,0,0,0,0,1,0,0,0,0,1,0,0,3,0,3,9,0,0.04950495049504951,0
1,92250.0,0.32272727272727275,981,140,10,1,19,1,1,0,0,0,0,0,0,1,0,1,1,0,3,0,0,11,0,0.1414141414141414,1
0,105000.0,0.0,883,116,6,1,18,4,0,0,1,0,0,0,0,0,0,0,1,0,5,1,6,15,1,0.03333333333333333,0
0,105000.0,0.0,998,138,10,1,21,2,0,1,0,0,0,0,0,0,1,0,1,0,4,0,4,7,0,0.10714285714285714,1
0,105000.0,0.0,887,119,6,1,28,2,0,0,0,1,0,0,0,1,0,0,0,0,5,1,4,21,0,0.08333333333333333,0
1,98500.0,0.3017241379310345,827,110,6,1,16,2,0,0,1,0,0,0,0,0,0,1,1,0,3,1,1,17,0,0.11585365853658537,1
1,161250.0,0.27540106951871657,745,100,6,1,13,4,0,0,0,1,0,0,0,0,0,1,1,0,6,1,5,6,1,0.025252525252525252,0
1,111000.0,0.2723735408560311,1144,150,11,1,25,1,0,0,1,0,0,0,0,0,1,0,1,0,6,0,2,7,0,0.18518518518518517,1
0,105000.0,0.0,1129,148,11,1,17,5,0,0,0,1,0,0,0,0,1,0,1,0,5,0,1,12,0,0.03076923076923077,0
1,125250.0,0.37337662337662336,689,92,6,1,13,3,0,0,0,1,0,0,0,0,0,1,1,0,3,0,4,5,0,0.07042253521126761,0
0,105000.0,0.0,1083,144,11,1,18,3,0,1,0,0,0,0,0,0,1,0,1,0,3,0,1,19,0,0.05952380952380952,0
0,105000.0,0.0,1104,145,11,1,24,1,0,0,0,0,0,0,1,1,0,0,0,1,3,0,0,13,0,0.09210526315789473,0
1,102500.0,0.32653061224489793,697,94,6,1,14,1,0,1,0,0,0,0,0,1,1,0,0,0,6,1,1,3,0,0.13821138211382114,1
1,122886.4,0.32729331823329555,1116,149,11,1,24,3,1,0,0,0,0,0,0,1,0,0,1,0,7,0,1,10,0,0.14583333333333334,1
1,112000.0,0.22924901185770752,732,100,6,1,18,3,0,0,0,0,1,0,0,1,0,0,1,0,6,0,2,21,0,0.1259259259259259,1
0,105000.0,0.0,1097,144,11,1,14,3,0,0,0,0,1,0,0,0,1,0,1,0,3,0,2,22,0,0.06818181818181818,0
1,219250.0,0.3848987108655617,716,96,6,1,14,5,0,0,0,0,1,0,0,0,1,0,1,0,6,0,1,8,0,0.03333333333333333,0
1,84864.0,0.2939577670917833,1114,145,11,1,28,3,0,0,0,0,0,0,1,0,0,1,1,0,3,0,1,7,0,0.14736842105263157,1
0,105000.0,0.0,971,131,6,1,32,3,0,0,1,0,0,0,0,0,1,0,1,0,7,1,2,14,0,0.03125,0
1,99000.0,0.1834862385321101,655,90,6,1,18,2,0,0,0,0,1,0,0,1,1,0,1,0,3,1,3,9,0,0.0847457627118644,0
0,105000.0,0.0,721,92,6,1,28,1,0,0,0,0,0,0,1,1,0,1,1,0,4,0,4,22,0,0.20833333333333334,1
0,105000.0,0.0,911,125,10,1,25,1,0,1,0,0,0,0,0,1,0,1,1,0,7,0,4,21,0,0.09375,0
0,105000.0,0.0,1115,147,11,1,25,1,0,0,1,0,0,0,0,0,0,1,1,0,4,0,3,9,0,0.056451612903225805,0
1,78750.0,0.3333333333333333,1122,147,11,1,13,2,0,0,0,1,0,0,0,1,0,0,0,1,5,0,2,15,0,0.08695652173913043,0
1,196500.0,0.18475750577367206,1126,148,11,1,21,3,0,1,0,0,0,0,0,0,1,0,1,0,6,0,6,20,1,0.11538461538461539,1
1,55250.0,0.38686131386861317,1290,169,11,1,24,1,0,0,0,0,0,0,1,0,1,0,1,0,5,0,0,5,0,0.11764705882352941,1
1,278000.0,0.3074581430745814,1086,144,11,1,18,4,1,0,0,0,0,0,0,0,1,0,1,0,3,0,5,0,1,0.08163265306122448,0
0,105000.0,0.0,893,121,6,1,14,2,0,0,0,0,1,0,0,1,0,0,1,0,7,0,5,22,1,0.07352941176470588,0
1,146500.0,0.20245398773006135,875,123,10,1,26,4,0,0,0,0,1,0,0,0,1,0,0,1,4,0,5,0,1,0.04081632653061224,0
1,181542.4,0.3071179208688906,708,94,6,1,12,3,0,1,0,0,0,0,0,0,1,0,1,0,7,0,4,11,0,0.16374269005847952,1
1,136000.0,0.3761194029850746,1046,147,10,1,19,4,0,0,0,0,0,1,0,1,0,0,1,0,4,0,1,0,0,0.06060606060606061,0
0,105000.0,0.0,1288,169,11,1,24,1,0,0,0,0,0,0,1,1,0,1,1,0,5,0,3,16,0,0.08771929824561403,0
1,274250.0,0.3044822256568779,734,99,6,1,33,4,1,0,0,0,0,0,0,1,0,0,1,0,7,0,0,20,0,0.14285714285714285,1
1,61750.0,0.24822695035460993,675,92,6,1,13,0,0,1,0,0,0,0,0,0,0,0,0,0,5,0,4,21,0,0.12121212121212122,1
0,105000.0,0.0,885,120,6,1,19,4,1,0,0,0,0,0,0,0,0,1,1,0,6,1,1,15,0,0.08571428571428572,0
0,105000.0,0.0,1261,165,11,1,32,3,0,0,1,0,0,0,0,0,0,1,1,0,3,0,4,3,0,0.08888888888888889,0
1,155500.0,0.26256983240223464,708,94,6,1,18,3,1,0,0,0,0,0,0,1,0,1,0,0,6,0,0,14,0,0.21739130434782608,1
0,105000.0,0.0,1088,144,11,1,19,4,1,0,0,0,0,0,0,0,1,0,0,0,3,1,4,20,0,0.0410958904109589,0
1,158500.0,0.31382978723404253,665,86,6,1,18,3,0,1,0,0,0,0,0,0,0,1,1,0,3,1,1,7,0,0.08653846153846154,0
1,56000.0,0.23622047244094488,911,118,6,1,28,2,0,0,0,0,0,0,1,0,0,1,1,0,5,0,4,17,0,0.16831683168316833,1
0,105000.0,0.0,685,92,6,1,15,1,0,0,1,0,0,0,0,0,1,0,0,1,4,0,0,19,0,0.09090909090909091,0
1,151250.0,0.18862275449101795,685,91,6,1,24,3,0,0,0,0,1,0,0,0,1,0,0,0,3,0,0,21,0,0.10344827586206896,0
1,78250.0,0.39487179487179486,917,121,6,1,13,1,0,0,0,1,0,0,0,1,0,0,1,0,6,0,2,7,0,0.17511520737327188,1
1,282250.0,0.18780096308186195,801,110,6,1,12,5,0,1,0,0,0,0,0,0,0,1,1,0,4,0,2,2,0,0.02564102564102564,0
0,105000.0,0.0,748,101,6,1,28,3,0,0,0,1,0,0,0,1,1,0,0,0,5,0,0,17,0,0.06756756756756757,0
0,105000.0,0.0,1123,154,10,1,35,5,0,0,0,1,0,0,0,0,0,1,1,0,6,0,3,18,0,0.046242774566473986,0
1,80500.0,0.23076923076923078,1037,146,10,1,14,4,0,0,0,0,1,0,0,1,0,0,1,0,6,0,5,19,1,0.0625,0
1,139755.19999999998,0.22914745025695085,1277,171,11,1,19,4,1,0,0,0,0,0,0,0,0,1,1,0,4,1,1,12,0,0.08860759493670886,0
0,105000.0,0.0,706,94,6,1,18,0,0,0,1,0,0,0,0,1,0,1,1,0,4,0,2,6,0,0.06493506493506493,0
0,105000.0,0.0,1122,148,11,1,32,1,0,0,0,1,0,0,0,1,0,1,1,0,4,1,5,20,1,0.04941860465116279,0
1,124000.0,0.3466666666666667,945,128,10,1,32,3,0,0,0,1,0,0,0,1,0,0,1,0,6,0,0,23,0,0.1,0
0,105000.0,0.0,1055,145,10,1,21,4,0,1,0,0,0,0,0,0,0,1,1,0,7,0,5,16,1,0.044444444444444446,0
1,130750.0,0.28524590163934427,1075,149,10,1,16,2,0,0,1,0,0,0,0,0,1,0,1,0,7,1,5,23,1,0.09174311926605505,0
1,185250.0,0.38209606986899564,1256,167,11,1,15,3,1,0,0,0,0,0,0,0,1,0,0,1,6,1,4,20,0,0.03508771929824561,0
0,105000.0,0.0,782,104,6,1,28,2,0,0,0,1,0,0,0,1,0,0,1,0,6,0,6,19,1,0.13793103448275862,1
1,377750.0,0.2965050732807215,824,116,10,1,13,5,0,1,0,0,0,0,0,0,1,0,1,0,4,0,6,8,1,0.04054054054054054,0
1,56250.0,0.3695652173913043,936,124,10,1,31,2,0,0,0,0,0,0,1,1,0,1,1,0,5,1,4,6,0,0.19753086419753085,1
0,105000.0,0.0,914,122,6,1,16,1,0,0,1,0,0,0,0,0,1,0,1,0,7,0,5,21,1,0.06349206349206349,0
1,55000.0,0.3582089552238806,1071,144,10,1,24,1,0,0,0,0,0,0,1,0,1,0,1,0,5,0,4,19,0,0.2,1
0,105000.0,0.0,747,101,6,1,19,4,1,0,0,0,0,0,0,0,1,0,1,0,6,0,0,22,0,0.0625,0
1,124750.0,0.2613240418118467,1272,169,11,1,19,1,1,0,0,0,0,0,0,0,1,0,1,0,7,0,2,23,0,0.11538461538461539,1
1,55500.0,0.3181818181818182,1142,149,11,1,28,1,0,0,0,0,0,0,1,0,1,0,1,0,5,0,1,20,0,0.20118343195266272,1
1,70000.0,0.3132530120481928,1282,168,11,1,28,3,0,0,0,0,0,0,1,1,0,0,0,1,4,0,2,15,0,0.2753623188405797,1
1,78000.0,0.3315508021390374,744,98,6,1,28,2,0,0,0,1,0,0,0,0,0,1,0,0,5,0,3,1,0,0.05405405405405406,0
1,176500.0,0.3427230046948357,923,122,6,1,15,3,0,0,1,0,0,0,0,0,1,0,1,0,6,1,3,6,0,0.06451612903225806,0
1,85000.0,0.38095238095238093,1099,145,11,1,24,1,0,0,0,0,1,0,0,0,1,0,1,0,3,1,0,22,0,0.06315789473684211,0
1,124500.0,0.20216606498194944,1250,166,11,1,24,3,0,0,0,0,1,0,0,1,0,1,1,0,3,0,5,19,1,0.049019607843137254,0
1,67828.8,0.39320029563932013,932,122,6,1,35,5,0,0,0,1,0,0,0,0,0,0,1,0,6,0,0,12,0,0.09836065573770492,0
1,87500.0,0.23232323232323232,1290,168,11,1,28,3,0,0,0,0,0,0,1,0,0,1,1,0,5,1,1,8,0,0.11851851851851852,1
1,108000.0,0.33204633204633205,880,120,10,1,23,2,0,1,0,0,0,0,0,0,0,0,1,0,6,0,5,2,1,0.08888888888888889,0
0,105000.0,0.0,1097,144,11,1,22,4,0,0,0,0,0,1,0,1,0,1,0,1,3,0,4,21,0,0.1488095238095238,1
0,105000.0,0.0,1121,148,11,1,15,3,1,0,0,0,0,0,0,0,0,1,1,0,7,1,4,21,0,0.02857142857142857,0
1,87750.0,0.3674418604651163,738,98,6,1,13,2,0,0,0,1,0,0,0,0,0,1,1,0,6,0,2,20,0,0.09659090909090909,0
0,105000.0,0.0,1281,168,11,1,28,1,0,0,0,0,0,0,1,0,1,0,1,0,4,1,1,10,0,0.058823529411764705,0
0,105000.0,0.0,1043,141,10,1,32,1,0,0,0,1,0,0,0,0,0,1,1,0,4,0,0,1,0,0.015873015873015872,0
0,105000.0,0.0,1141,150,11,1,17,5,0,0,0,1,0,0,0,0,0,1,1,0,6,0,5,16,1,0.10909090909090909,1
0,105000.0,0.0,944,129,10,1,28,3,0,0,0,1,0,0,0,1,1,0,1,0,6,0,3,16,0,0.09090909090909091,0
0,105000.0,0.0,920,127,10,1,17,5,0,0,0,1,0,0,0,0,0,1,0,0,6,0,5,20,1,0.061855670103092786,0
0,105000.0,0.0,1119,147,11,1,17,3,0,1,0,0,0,0,0,0,1,0,0,0,5,0,4,21,0,0.020689655172413793,0
0,105000.0,0.0,1103,146,11,1,21,4,1,0,0,0,0,0,0,1,0,1,0,1,5,0,1,23,0,0.043478260869565216,0
0,105000.0,0.0,850,118,10,1,17,5,0,0,0,1,0,0,0,0,0,1,1,0,4,0,0,5,0,0.04887218045112782,0
0,105000.0,0.0,909,122,6,1,20,1,0,0,0,0,0,1,0,0,0,0,1,0,5,0,2,9,0,0.03636363636363636,0
1,88250.0,0.21717171717171718,1136,149,11,1,32,2,0,0,0,1,0,0,0,1,0,0,1,0,4,0,5,14,1,0.21951219512195122,1
1,52250.0,0.28688524590163933,904,118,6,1,29,1,0,0,1,0,0,0,0,0,0,1,1,0,5,0,6,1,1,0.05357142857142857,0
0,105000.0,0.0,839,121,10,1,19,4,1,0,0,0,0,0,0,0,0,0,0,1,3,1,0,14,0,0.05747126436781609,0
1,60250.0,0.21481481481481482,693,96,6,1,26,4,0,0,0,0,1,0,0,1,0,1,1,0,4,0,3,21,0,0.13333333333333333,1
1,93766.4,0.24092859929769805,842,116,10,1,20,3,0,0,0,0,0,1,0,1,0,1,1,0,3,0,2,16,0,0.23076923076923078,1
1,47750.0,0.3391304347826087,1145,149,11,1,31,1,0,0,0,0,0,0,1,1,0,0,1,0,5,1,1,10,0,0.1504424778761062,1
0,105000.0,0.0,729,96,6,1,25,3,0,1,0,0,0,0,0,0,1,0,0,0,6,1,3,6,0,0.04878048780487805,0
0,105000.0,0.0,1273,169,11,1,17,5,0,0,0,1,0,0,0,0,0,1,1,0,3,0,1,23,0,0.038461538461538464,0
1,104104.0,0.32468619246861924,1007,141,10,1,18,1,0,1,0,0,0,0,0,0,0,1,1,0,4,1,2,23,0,0.1038961038961039,0
1,163750.0,0.25333333333333335,855,115,6,1,15,3,1,0,0,0,0,0,0,1,0,0,1,0,5,0,0,12,0,0.0,0
1,78000.0,0.26666666666666666,878,120,10,1,20,3,0,0,0,0,0,1,0,1,0,0,1,0,4,0,4,13,0,0.11363636363636363,1
1,169500.0,0.2570694087403599,652,88,6,1,18,3,0,1,0,0,0,0,0,0,1,0,1,0,3,0,5,5,1,0.07692307692307693,0
0,105000.0,0.0,706,92,6,1,18,3,0,0,1,0,0,0,0,0,0,1,0,0,4,0,0,10,0,0.07761194029850746,0
1,142250.0,0.18789808917197454,1260,167,11,1,33,3,1,0,0,0,0,0,0,0,0,0,0,0,4,0,5,10,1,0.07272727272727272,0
1,156250.0,0.3974358974358974,926,125,10,1,28,4,0,0,0,0,0,0,1,0,1,0,1,0,5,1,2,6,0,0.027692307692307693,0
1,124363.2,0.327926164172843,886,123,10,1,12,2,0,1,0,0,0,0,0,0,0,1,1,0,7,0,2,18,0,0.07692307692307693,0
0,105000.0,0.0,1276,168,11,1,32,4,0,0,0,1,0,0,0,0,0,1,1,0,4,0,1,21,0,0.014285714285714285,0
0,105000.0,0.0,1128,149,11,1,26,4,0,0,0,0,1,0,0,1,0,0,0,0,5,0,3,15,0,0.10526315789473684,0
0,105000.0,0.0,1139,151,11,1,26,4,0,0,0,0,1,0,0,1,0,1,1,0,6,0,6,12,1,0.02857142857142857,0
1,59500.0,0.38095238095238093,873,118,6,1,13,1,0,0,0,1,0,0,0,0,0,1,1,0,5,0,4,11,0,0.045454545454545456,0
1,70500.0,0.26993865030674846,765,98,6,1,31,3,0,0,0,0,0,0,1,0,0,1,1,0,5,0,4,11,0,0.2857142857142857,1
1,123250.0,0.3782894736842105,1109,146,11,1,25,4,0,0,0,1,0,0,0,0,1,0,1,0,3,0,0,10,0,0.10759493670886076,1
1,126750.0,0.28135593220338984,1150,151,11,1,32,3,0,0,0,1,0,0,0,0,1,0,1,0,6,1,2,1,0,0.06336088154269973,0
1,82000.0,0.2916666666666667,881,119,10,1,31,3,0,0,0,0,0,0,1,0,0,1,1,0,3,1,6,15,1,0.12,1
1,135250.0,0.29874213836477986,1275,170,11,1,19,4,1,0,0,0,0,0,0,0,0,1,1,0,5,0,4,21,0,0.08495575221238938,0
0,105000.0,0.0,1112,146,11,1,15,3,0,0,1,0,0,0,0,0,1,0,1,0,4,1,6,18,1,0.07432432432432433,0
1,84750.0,0.3933649289099526,688,92,6,1,15,1,0,0,1,0,0,0,0,0,0,0,1,0,4,0,5,23,1,0.20212765957446807,1
0,105000.0,0.0,696,95,6,1,21,4,1,0,0,0,0,0,0,1,0,0,0,1,7,0,4,9,0,0.0,0
1,77750.0,0.281767955801105,667,91,6,1,14,4,0,0,0,0,1,0,0,1,1,0,1,0,3,1,0,21,0,0.18769230769230769,1
1,120750.0,0.25,744,97,6,1,33,4,1,0,0,0,0,0,0,1,0,0,1,0,7,1,5,10,1,0.14093959731543623,1
0,105000.0,0.0,904,117,6,1,28,3,0,0,0,0,0,0,1,0,1,0,1,0,4,0,3,6,0,0.05405405405405406,0
0,105000.0,0.0,853,117,10,1,24,3,1,0,0,0,0,0,0,0,1,0,1,0,3,1,2,3,0,0.09872611464968153,0
1,115000.0,0.21705426356589147,893,123,10,1,22,4,0,0,0,0,0,1,0,1,1,0,1,0,5,1,5,13,1,0.12179487179487179,1
0,105000.0,0.0,760,100,6,1,14,3,0,0,1,0,0,0,0,0,0,1,1,0,6,1,4,1,0,0.04838709677419355,0
1,125500.0,0.2689655172413793,740,101,6,1,24,3,0,0,0,0,1,0,0,0,1,0,0,1,6,1,2,16,0,0.06140350877192982,0
1,71500.0,0.2236024844720497,1132,149,11,1,18,1,0,0,1,0,0,0,0,1,1,0,1,0,6,0,1,15,0,0.1906474820143885,1
0,105000.0,0.0,781,104,6,1,32,3,0,0,1,0,0,0,0,0,1,0,0,1,6,0,2,1,0,0.023255813953488372,0
0,105000.0,0.0,1096,146,11,1,12,2,0,1,0,0,0,0,0,0,0,1,0,0,5,0,1,22,0,0.1111111111111111,1
1,249142.4,0.38712717969433785,822,116,10,1,19,4,1,0,0,0,0,0,0,1,1,0,1,0,3,0,5,21,1,0.1111111111111111,1
1,226750.0,0.3234750462107209,710,98,6,1,18,4,1,0,0,0,0,0,0,1,0,0,1,0,7,0,4,17,0,0.06741573033707865,0
1,144000.0,0.2222222222222222,1091,144,11,1,15,2,1,0,0,0,0,0,0,0,1,0,1,0,3,0,3,9,0,0.08571428571428572,0
1,44500.0,0.2549019607843137,668,92,6,1,13,0,0,0,0,1,0,0,0,0,0,1,1,0,3,0,2,2,0,0.11842105263157894,1
1,46176.0,0.19177524429967416,1114,145,11,1,31,1,0,0,0,0,0,0,1,0,0,0,1,0,3,0,6,13,1,0.32,1
0,105000.0,0.0,725,94,6,1,28,1,0,0,0,0,0,0,1,0,0,1,1,0,4,0,0,8,0,0.039735099337748346,0
1,83750.0,0.3737864077669903,854,120,10,1,21,4,1,0,0,0,0,0,0,0,1,0,0,1,5,0,2,5,0,0.10101010101010101,0
0,105000.0,0.0,908,118,6,1,24,3,0,0,0,0,0,0,1,0,0,0,1,0,5,1,1,22,0,0.05845511482254697,0
0,105000.0,0.0,1015,143,10,1,24,3,0,0,0,0,1,0,0,1,0,0,0,0,4,0,5,14,1,0.0,0
0,105000.0,0.0,1079,149,10,1,26,4,0,0,0,0,1,0,0,1,1,0,1,0,6,0,6,4,1,0.04838709677419355,0
1,90000.0,0.36363636363636365,838,112,6,1,25,1,0,1,0,0,0,0,0,1,0,1,1,0,5,0,2,21,0,0.0975609756097561,0
1,57500.0,0.203125,691,92,6,1,13,1,0,0,0,1,0,0,0,0,0,0,1,0,3,0,6,17,1,0.12698412698412698,1
1,72250.0,0.22699386503067484,1148,150,11,1,29,1,0,0,1,0,0,0,0,0,1,0,1,0,6,0,2,21,0,0.15151515151515152,1
1,82000.0,0.3350253807106599,756,99,6,1,13,1,0,0,0,1,0,0,0,1,0,0,1,0,6,0,0,17,0,0.16666666666666666,1
1,88524.8,0.3866565579984837,1246,165,11,1,22,4,0,0,0,0,0,1,0,0,0,1,1,0,3,1,5,2,1,0.0891089108910891,0
1,146250.0,0.2844574780058651,862,119,10,1,24,3,0,0,0,0,1,0,0,0,1,0,1,0,3,0,6,17,1,0.09615384615384616,0
0,105000.0,0.0,1116,147,11,1,15,2,0,0,1,0,0,0,0,1,0,1,1,0,4,0,1,13,0,0.14285714285714285,1
0,105000.0,0.0,770,102,6,1,25,1,0,0,1,0,0,0,0,0,0,1,1,0,7,0,0,11,0,0.03225806451612903,0
1,127000.0,0.2049469964664311,846,113,6,1,26,4,0,0,0,0,1,0,0,0,1,0,1,0,3,0,3,18,0,0.16279069767441862,1
1,127000.0,0.272108843537415,651,88,6,1,25,1,1,0,0,0,0,0,0,1,0,1,1,0,3,0,6,4,1,0.10582010582010581,0
1,97750.0,0.2925764192139738,889,122,10,1,20,3,0,0,0,0,0,1,0,0,1,0,0,0,5,0,5,5,1,0.11538461538461539,1
0,105000.0,0.0,1122,147,11,1,25,2,0,1,0,0,0,0,0,0,0,0,0,1,6,0,4,18,0,0.0995260663507109,0
1,62000.0,0.4,858,119,10,1,28,3,0,0,0,0,0,0,1,0,0,0,1,0,3,0,1,22,0,0.19230769230769232,1
1,112528.0,0.32869941303676237,1136,150,11,1,19,4,1,0,0,0,0,0,0,1,0,1,1,0,6,0,0,14,0,0.17647058823529413,1
0,105000.0,0.0,1113,146,11,1,15,0,0,0,1,0,0,0,0,0,0,1,1,0,4,0,6,17,1,0.1,0
1,109000.0,0.3166023166023166,866,120,10,1,18,3,0,0,0,0,1,0,0,0,0,0,1,0,4,0,4,6,0,0.09090909090909091,0
1,101250.0,0.35365853658536583,843,120,10,1,14,2,0,0,1,0,0,0,0,0,0,0,1,0,4,0,5,1,1,0.13953488372093023,1
1,83500.0,0.1945945945945946,1256,167,11,1,17,1,1,0,0,0,0,0,0,0,0,0,0,0,3,0,0,11,0,0.09090909090909091,0
0,105000.0,0.0,1091,144,11,1,21,3,0,1,0,0,0,0,0,0,1,0,1,0,3,1,4,5,0,0.03608247422680412,0
1,57250.0,0.291044776119403,1127,149,11,1,19,1,0,0,0,0,0,1,0,0,0,0,1,0,5,1,0,20,0,0.2545454545454545,1
0,105000.0,0.0,1141,150,11,1,17,5,0,0,0,1,0,0,0,0,0,0,1,0,6,0,5,6,1,0.04081632653061224,0
1,106250.0,0.3,838,117,10,1,17,2,1,0,0,0,0,0,0,0,0,1,1,0,4,0,3,15,0,0.10079575596816977,0
0,105000.0,0.0,931,126,6,1,19,4,1,0,0,0,0,0,0,1,0,1,1,0,7,0,2,8,0,0.047619047619047616,0
1,81500.0,0.31088082901554404,896,123,10,1,18,2,0,0,1,0,0,0,0,0,1,0,0,1,5,0,5,14,1,0.1095890410958904,1
1,42000.0,0.2127659574468085,1052,142,10,1,28,1,0,0,0,0,0,0,1,0,0,1,0,1,4,0,3,9,0,0.1503267973856209,1
0,105000.0,0.0,1100,146,11,1,28,4,0,0,0,1,0,0,0,1,1,0,0,0,3,0,5,13,1,0.0196078431372549,0
1,85750.0,0.31862745098039214,691,94,6,1,22,4,0,0,0,0,0,1,0,0,1,0,1,0,3,0,5,10,1,0.15789473684210525,1
1,110000.0,0.18181818181818182,698,96,6,1,19,2,1,0,0,0,0,0,0,0,0,1,1,0,6,0,3,18,0,0.10526315789473684,0
1,113750.0,0.21568627450980393,728,96,6,1,13,3,0,0,0,1,0,0,0,1,0,0,0,0,5,0,3,19,0,0.03508771929824561,0
1,111000.0,0.23107569721115537,1153,149,11,1,31,4,0,0,0,0,0,0,1,1,0,0,1,0,5,0,1,2,0,0.1388888888888889,1
1,91000.0,0.375,858,119,10,1,29,2,0,0,1,0,0,0,0,0,1,0,0,0,3,1,4,13,0,0.09649122807017543,0
1,172250.0,0.3397590361445783,855,120,10,1,18,2,1,0,0,0,0,0,0,0,1,0,0,0,6,1,2,11,0,0.09219858156028368,0
1,73500.0,0.39344262295081966,714,98,6,1,19,0,1,0,0,0,0,0,0,0,0,1,0,0,7,0,6,2,1,0.1,0
0,105000.0,0.0,682,90,6,1,20,2,0,0,0,0,0,1,0,0,0,1,0,0,4,1,4,9,0,0.08349146110056926,0
1,163500.0,0.22282608695652173,1125,148,11,1,16,3,0,0,1,0,0,0,0,0,1,0,0,0,5,0,1,23,0,0.08823529411764706,0
1,161000.0,0.3359173126614987,875,120,6,1,25,4,0,0,0,1,0,0,0,1,0,0,1,0,3,1,3,6,0,0.06772908366533864,0
1,130500.0,0.3987730061349693,680,92,6,1,17,5,0,0,0,1,0,0,0,0,0,1,1,0,3,0,0,1,0,0.06153846153846154,0
0,105000.0,0.0,881,121,10,1,35,5,0,0,0,1,0,0,0,1,1,0,1,0,3,0,6,20,1,0.12727272727272726,1
1,49750.0,0.19090909090909092,1284,169,11,1,19,1,0,0,0,0,0,1,0,0,0,1,1,0,6,0,0,6,0,0.15,1
1,105750.0,0.3730769230769231,1110,148,11,1,14,4,0,0,0,0,1,0,0,0,0,1,0,0,5,0,6,10,1,0.07692307692307693,0
1,69750.0,0.2670807453416149,722,92,6,1,28,3,0,0,0,0,0,0,1,0,0,1,0,1,4,0,5,2,1,0.15789473684210525,1
1,81500.0,0.31088082901554404,1276,170,11,1,13,1,0,1,0,0,0,0,0,0,0,0,1,0,5,0,5,18,1,0.16129032258064516,1
1,101250.0,0.2391304347826087,831,117,10,1,19,4,1,0,0,0,0,0,0,0,0,1,0,1,3,1,1,7,0,0.08108108108108109,0
0,105000.0,0.0,916,125,10,1,20,4,0,0,0,0,0,1,0,0,0,1,1,0,6,0,2,13,0,0.056338028169014086,0
1,89750.0,0.38288288288288286,740,98,6,1,29,3,0,0,1,0,0,0,0,0,0,0,1,0,5,1,1,18,0,0.10176991150442478,0
0,105000.0,0.0,834,117,10,1,33,4,1,0,0,0,0,0,0,1,0,1,1,0,3,0,4,0,0,0.2222222222222222,1
0,105000.0,0.0,891,121,6,1,33,3,1,0,0,0,0,0,0,1,1,0,1,0,7,1,1,5,0,0.04888888888888889,0
1,210750.0,0.35992217898832685,735,99,6,1,33,3,1,0,0,0,0,0,0,0,1,0,1,0,6,0,0,1,0,0.05263157894736842,0
1,168750.0,0.2558139534883721,1242,165,11,1,19,4,1,0,0,0,0,0,0,0,1,0,1,0,3,1,5,8,1,0.07865168539325842,0
1,175250.0,0.22081218274111675,958,133,10,1,32,3,0,0,1,0,0,0,0,1,1,0,0,1,7,1,6,12,1,0.15748031496062992,1
1,98250.0,0.38934426229508196,745,98,6,1,33,4,1,0,0,0,0,0,0,0,0,1,1,0,7,1,5,18,1,0.07142857142857142,0
0,105000.0,0.0,754,98,6,1,28,3,0,0,0,0,0,0,1,0,1,0,1,0,5,1,4,4,0,0.10909090909090909,1
0,105000.0,0.0,1312,174,11,1,32,3,0,0,1,0,0,0,0,1,0,0,1,0,6,0,5,21,1,0.02040816326530612,0
1,116250.0,0.3684210526315789,1112,147,11,1,17,5,0,0,0,1,0,0,0,0,0,1,1,0,4,0,3,1,0,0.1,0
1,70500.0,0.3411764705882353,1078,145,10,1,28,2,0,0,0,0,0,0,1,0,1,0,1,0,5,1,4,20,0,0.19032258064516128,1
1,114250.0,0.35611510791366907,903,123,10,1,24,4,0,0,0,0,0,0,1,1,0,0,1,0,4,1,6,19,1,0.08163265306122448,0
0,105000.0,0.0,1106,147,11,1,24,3,1,0,0,0,0,0,0,0,1,0,1,0,6,0,5,14,1,0.027522935779816515,0
1,97500.0,0.19444444444444445,856,117,10,1,28,3,0,0,0,0,0,0,1,0,1,0,0,0,3,0,3,22,0,0.17757009345794392,1
1,41750.0,0.18478260869565216,849,112,6,1,28,1,0,0,0,0,0,0,1,0,0,1,1,0,3,1,4,13,0,0.15298507462686567,1
0,105000.0,0.0,1121,146,11,1,28,1,0,0,0,0,0,0,1,1,0,1,0,0,4,0,0,4,0,0.0625,0
1,55000.0,0.38235294117647056,684,91,6,1,28,2,0,0,0,0,0,0,1,1,0,0,1,0,3,0,1,17,0,0.1651376146788991,1
1,91500.0,0.26540284360189575,841,114,6,1,15,2,0,0,1,0,0,0,0,1,0,0,1,0,4,0,2,1,0,0.045454545454545456,0
1,172250.0,0.3236009732360097,1114,148,11,1,24,3,1,0,0,0,0,0,0,0,0,1,1,0,6,0,3,6,0,0.09333333333333334,0
1,78750.0,0.24022346368715083,717,94,6,1,28,3,0,0,0,0,0,0,1,1,0,1,1,0,3,1,3,8,0,0.20689655172413793,1
1,93250.0,0.36403508771929827,1092,144,11,1,13,1,0,1,0,0,0,0,0,1,0,0,1,0,3,0,6,9,1,0.14285714285714285,1
1,97750.0,0.3,1129,149,11,1,18,3,0,0,0,0,1,0,0,1,0,0,1,0,6,0,4,13,0,0.0875,0
1,47750.0,0.23148148148148148,1288,168,11,1,28,1,0,0,0,0,0,0,1,1,1,0,1,0,5,1,1,22,0,0.225,1
1,91000.0,0.20689655172413793,683,90,6,1,20,3,0,0,0,0,0,1,0,0,0,0,0,1,3,1,6,13,1,0.06818181818181818,0
0,105000.0,0.0,654,90,6,1,24,3,1,0,0,0,0,0,0,1,0,1,0,0,4,0,6,22,1,0.12408759124087591,1
1,180750.0,0.3789237668161435,730,95,6,1,20,4,0,0,0,0,0,1,0,0,1,0,1,0,5,0,0,11,0,0.03614457831325301,0
0,105000.0,0.0,820,116,10,1,18,2,1,0,0,0,0,0,0,0,0,1,1,0,4,0,6,10,1,0.06382978723404255,0
1,112250.0,0.38489208633093525,1272,169,11,1,12,1,0,1,0,0,0,0,0,1,0,0,1,0,5,0,0,23,0,0.07954545454545454,0
1,56750.0,0.33088235294117646,1291,171,11,1,18,1,0,0,1,0,0,0,0,1,0,1,0,1,5,0,1,14,0,0.20967741935483872,1
1,98500.0,0.28695652173913044,880,120,10,1,14,1,0,1,0,0,0,0,0,0,0,1,1,0,6,0,5,13,1,0.06666666666666667,0
1,209000.0,0.3639921722113503,665,92,6,1,18,5,0,0,0,0,1,0,0,0,0,0,1,0,3,0,4,19,0,0.046875,0
0,105000.0,0.0,1286,170,11,1,13,3,0,0,0,1,0,0,0,1,0,1,0,0,6,0,6,3,1,0.05555555555555555,0
1,90250.0,0.2971698113207547,1105,147,11,1,19,1,1,0,0,0,0,0,0,0,0,0,0,0,5,0,4,4,0,0.12903225806451613,1
0,105000.0,0.0,1129,148,11,1,24,1,0,0,0,0,0,0,1,1,0,1,1,0,4,0,3,14,0,0.1744186046511628,1
1,160500.0,0.30606860158311344,1104,147,11,1,19,4,1,0,0,0,0,0,0,0,1,0,1,0,4,0,0,7,0,0.14788732394366197,1
1,98000.0,0.23423423423423423,846,117,10,1,25,1,1,0,0,0,0,0,0,0,0,1,0,0,3,0,1,11,0,0.14893617021276595,1
0,105000.0,0.0,868,122,10,1,14,3,0,0,1,0,0,0,0,0,0,1,1,0,4,0,1,6,0,0.02654867256637168,0
1,124250.0,0.2979452054794521,923,129,10,1,25,1,0,0,1,0,0,0,0,0,1,0,0,0,6,0,1,13,0,0.11170212765957446,1
0,105000.0,0.0,877,115,6,1,12,2,0,1,0,0,0,0,0,1,0,0,1,0,7,0,6,16,1,0.07228915662650602,0
1,116000.0,0.1875,991,139,10,1,26,4,0,0,0,0,1,0,0,1,0,1,1,0,3,0,3,6,0,0.11363636363636363,1
1,90750.0,0.36486486486486486,1131,150,11,1,14,1,0,0,1,0,0,0,0,1,0,1,1,0,6,0,6,4,1,0.16071428571428573,1
1,65000.0,0.3950617283950617,850,117,10,1,18,1,0,0,1,0,0,0,0,0,0,1,1,0,3,0,0,21,0,0.1878453038674033,1
0,105000.0,0.0,1281,170,11,1,14,2,0,0,0,0,1,0,0,0,1,0,1,0,6,0,2,6,0,0.037037037037037035,0
1,89500.0,0.33488372093023255,846,118,10,1,24,3,0,0,0,0,1,0,0,0,0,0,1,0,3,0,2,17,0,0.10416666666666667,0
1,115750.0,0.2977941176470588,892,123,10,1,33,4,1,0,0,0,0,0,0,0,0,1,1,0,6,1,6,21,1,0.06722689075630252,0
0,105000.0,0.0,712,96,6,1,12,1,0,1,0,0,0,0,0,0,0,1,1,0,7,0,1,9,0,0.01818181818181818,0
1,119500.0,0.3344947735191638,711,92,6,1,29,4,0,0,1,0,0,0,0,1,0,0,1,0,4,0,2,7,0,0.08,0
1,51750.0,0.3700787401574803,954,130,10,1,35,5,0,0,0,1,0,0,0,1,0,0,1,0,6,1,1,22,0,0.18181818181818182,1
0,105000.0,0.0,998,139,10,1,25,1,1,0,0,0,0,0,0,0,1,0,1,0,4,0,1,6,0,0.075,0
1,96000.0,0.3659574468085106,1030,147,10,1,24,2,0,0,0,0,1,0,0,1,1,0,1,0,4,1,1,1,0,0.13333333333333333,1
1,120750.0,0.36824324324324326,686,94,6,1,22,4,0,0,0,0,0,1,0,0,0,0,1,0,3,0,6,23,1,0.09090909090909091,0
1,93000.0,0.3013698630136986,1129,149,11,1,26,4,0,0,0,0,1,0,0,0,1,0,1,0,5,1,0,3,0,0.1864406779661017,1
1,276750.0,0.24006359300476948,914,122,6,1,26,4,0,0,0,0,1,0,0,0,1,0,1,0,7,1,4,0,0,0.08653846153846154,0
1,236750.0,0.335676625659051,1027,145,10,1,24,3,1,0,0,0,0,0,0,1,1,0,1,0,5,1,2,4,0,0.05504587155963303,0
0,105000.0,0.0,729,94,6,1,28,3,0,0,0,0,0,0,1,1,0,1,1,0,4,0,5,12,1,0.0847457627118644,0
1,94000.0,0.3793103448275862,695,93,6,1,24,2,0,0,0,0,1,0,0,0,1,0,1,0,3,0,0,20,0,0.12857142857142856,1
1,92250.0,0.3150684931506849,908,126,10,1,19,4,1,0,0,0,0,0,0,0,1,0,1,0,6,1,0,8,0,0.06547619047619048,0
0,105000.0,0.0,874,121,10,1,18,1,1,0,0,0,0,0,0,0,0,0,1,0,6,0,0,1,0,0.11475409836065574,1
0,105000.0,0.0,1122,147,11,1,28,5,0,0,0,0,0,0,1,1,0,1,0,1,4,1,3,19,0,0.056962025316455694,0
0,105000.0,0.0,1241,165,11,1,14,0,0,0,0,0,1,0,0,1,0,0,0,1,4,1,2,20,0,0.078125,0
1,115750.0,0.2851851851851852,846,112,6,1,24,3,0,0,0,0,1,0,0,0,0,1,1,0,3,0,5,4,1,0.08888888888888889,0
0,105000.0,0.0,898,118,6,1,28,1,0,0,0,0,0,0,1,1,0,1,0,1,3,0,6,15,1,0.13333333333333333,1
1,102500.0,0.24786324786324787,1092,153,10,1,19,4,1,0,0,0,0,0,0,0,1,0,1,0,6,1,0,22,0,0.13793103448275862,1
0,105000.0,0.0,1109,145,11,1,20,4,0,0,0,0,0,1,0,0,0,1,1,0,3,0,0,4,0,0.034482758620689655,0
0,105000.0,0.0,1034,144,10,1,24,0,0,0,0,0,0,0,1,0,1,0,1,0,3,0,1,14,0,0.1864406779661017,1
1,51500.0,0.2542372881355932,1033,139,10,1,31,1,0,0,0,0,0,0,1,0,1,0,1,0,3,0,1,13,0,0.2,1
0,105000.0,0.0,1101,148,10,1,28,3,0,0,0,0,0,0,1,0,0,1,1,0,5,0,6,0,1,0.08450704225352113,0
1,62000.0,0.2158273381294964,1047,143,10,1,24,2,0,0,0,0,0,0,1,0,1,0,0,1,4,0,4,11,0,0.21739130434782608,1
1,230250.0,0.38986013986013984,1109,147,11,1,21,4,1,0,0,0,0,0,0,1,0,1,1,0,5,0,1,20,0,0.046875,0
1,80500.0,0.26881720430107525,821,110,6,1,18,2,0,0,0,0,1,0,0,0,0,1,1,0,3,1,5,8,1,0.058823529411764705,0
1,140750.0,0.22397476340694006,866,120,10,1,21,3,0,1,0,0,0,0,0,0,0,1,1,0,5,0,2,19,0,0.09090909090909091,0
0,105000.0,0.0,926,120,6,1,28,0,0,0,0,0,0,0,1,0,1,0,1,0,5,0,4,3,0,0.06557377049180328,0
0,105000.0,0.0,1298,173,11,1,14,2,0,0,0,0,1,0,0,1,0,0,0,1,6,0,6,13,1,0.07317073170731707,0
1,131250.0,0.23825503355704697,742,97,6,1,24,4,0,0,0,0,0,0,1,0,1,0,0,1,4,0,2,21,0,0.06896551724137931,0
0,105000.0,0.0,917,125,10,1,32,4,0,0,0,1,0,0,0,1,0,0,1,0,4,1,4,7,0,0.0,0
1,130748.8,0.32261507671781187,823,116,10,1,13,2,0,1,0,0,0,0,0,0,0,1,1,0,4,1,3,2,0,0.12883435582822086,1
0,105000.0,0.0,876,122,10,1,17,3,0,1,0,0,0,0,0,1,0,1,1,0,6,0,1,4,0,0.08333333333333333,0
1,119250.0,0.35517241379310344,850,119,10,1,21,1,0,1,0,0,0,0,0,0,1,0,0,0,4,0,3,8,0,0.23809523809523808,1
1,264000.0,0.33175355450236965,734,99,6,1,25,4,0,0,0,1,0,0,0,1,1,0,1,0,4,0,4,23,0,0.023809523809523808,0
1,47750.0,0.32456140350877194,1137,148,11,1,24,1,0,0,0,0,0,0,1,1,0,1,0,1,4,0,3,23,0,0.22115384615384615,1
0,105000.0,0.0,1062,149,10,1,26,4,0,0,0,0,1,0,0,0,1,0,1,0,5,0,4,7,0,0.08409090909090909,0
1,167250.0,0.3275,868,123,10,1,33,3,1,0,0,0,0,0,0,0,0,0,1,0,5,0,3,10,0,0.04945054945054945,0
1,89500.0,0.27884615384615385,755,98,6,1,32,2,0,0,0,1,0,0,0,0,0,1,0,0,5,1,6,8,1,0.12396694214876033,1
1,98500.0,0.3017241379310345,963,134,10,1,14,1,0,1,0,0,0,0,0,0,0,1,1,0,3,1,5,22,1,0.08247422680412371,0
0,105000.0,0.0,1305,172,11,1,24,3,0,0,0,0,0,0,1,0,0,0,1,0,5,0,4,17,0,0.02564102564102564,0
1,134000.0,0.34055727554179566,761,102,6,1,14,3,0,0,1,0,0,0,0,0,0,1,0,1,7,0,2,7,0,0.06451612903225806,0
0,105000.0,0.0,720,96,6,1,25,3,0,1,0,0,0,0,0,0,0,0,0,1,5,1,6,4,1,0.09420289855072464,0
1,200387.2,0.2901135960241392,691,94,6,1,25,1,1,0,0,0,0,0,0,1,0,0,0,0,5,1,4,5,0,0.12,1
1,157250.0,0.21813031161473087,814,110,6,1,24,3,1,0,0,0,0,0,0,0,0,0,1,0,4,1,6,11,1,0.08522727272727272,0
1,87318.4,0.3201280512204882,1039,142,10,1,22,3,0,0,0,0,0,1,0,1,0,1,0,0,4,1,3,3,0,0.11834319526627218,1
0,105000.0,0.0,747,102,6,1,24,2,0,0,0,0,1,0,0,0,0,1,1,0,6,0,0,22,0,0.043478260869565216,0
1,49750.0,0.28448275862068967,864,120,10,1,14,4,0,0,0,0,1,0,0,0,0,1,1,0,4,1,3,21,0,0.09651474530831099,0
0,105000.0,0.0,1023,138,10,1,28,3,0,0,0,0,0,0,1,0,1,0,1,0,3,1,5,10,1,0.05,0
1,119620.8,0.31373698871133254,1102,145,11,1,22,4,0,0,0,0,0,1,0,0,0,1,1,0,3,0,2,17,0,0.09333333333333334,0
1,115250.0,0.27340823970037453,1258,166,11,1,24,3,0,0,0,0,1,0,0,0,0,1,1,0,3,1,3,18,0,0.061224489795918366,0
0,105000.0,0.0,834,116,10,1,18,3,0,1,0,0,0,0,0,1,0,0,1,0,4,0,0,15,0,0.3,1
1,162250.0,0.226775956284153,681,92,6,1,25,3,1,0,0,0,0,0,0,0,0,1,1,0,5,0,1,11,0,0.08571428571428572,0
1,235250.0,0.31362007168458783,838,119,10,1,18,4,1,0,0,0,0,0,0,1,0,1,1,0,5,0,2,18,0,0.07142857142857142,0
1,290250.0,0.21384615384615385,1108,146,11,1,21,4,0,1,0,0,0,0,0,1,1,0,1,0,5,0,5,7,1,0.07142857142857142,0
1,183768.0,0.21153846153846145,1119,148,11,1,19,3,1,0,0,0,0,0,0,0,1,0,1,0,6,0,4,13,0,0.037037037037037035,0
1,39750.0,0.21348314606741572,1149,149,11,1,29,0,0,0,1,0,0,0,0,0,0,1,0,0,6,0,2,8,0,0.18604651162790697,1
1,132496.0,0.3350757971772085,1108,148,11,1,21,4,1,0,0,0,0,0,0,1,0,0,1,0,6,1,3,11,0,0.13592233009708737,1
1,131250.0,0.3746130030959752,1135,149,11,1,24,5,0,0,0,0,0,0,1,0,0,1,1,0,5,0,0,8,0,0.09259259259259259,0
1,115500.0,0.35587188612099646,1278,170,11,1,15,3,0,0,1,0,0,0,0,1,0,0,0,0,4,0,0,7,0,0.09278350515463918,0
0,105000.0,0.0,1120,148,11,1,25,5,0,1,0,0,0,0,0,1,0,1,0,0,6,0,4,16,0,0.013888888888888888,0
0,105000.0,0.0,816,110,6,1,13,3,0,0,0,1,0,0,0,0,1,0,1,0,3,0,5,22,1,0.08536585365853659,0
1,285250.0,0.3906911142454161,830,112,6,1,18,4,0,1,0,0,0,0,0,0,1,0,1,0,3,0,6,6,1,0.06666666666666667,0
0,105000.0,0.0,1124,148,11,1,24,3,0,0,0,0,0,0,1,0,1,0,1,0,4,0,4,22,0,0.08658008658008658,0
1,162250.0,0.1871508379888268,1126,149,11,1,32,3,0,0,1,0,0,0,0,1,0,0,1,0,4,1,3,0,0,0.051094890510948905,0
1,90500.0,0.3317972350230415,1014,139,10,1,24,3,0,0,0,0,0,0,1,1,0,0,1,0,3,1,4,15,0,0.17647058823529413,1
1,178750.0,0.26034063260340634,746,101,6,1,28,4,0,0,0,1,0,0,0,0,1,0,1,0,5,0,0,9,0,0.028985507246376812,0
0,105000.0,0.0,1145,149,11,1,28,2,0,0,0,0,0,0,1,1,1,0,0,0,5,1,0,19,0,0.08450704225352113,0
1,115750.0,0.21923076923076923,873,116,6,1,25,2,0,1,0,0,0,0,0,0,0,0,0,1,6,0,3,5,0,0.1111111111111111,1
0,105000.0,0.0,1264,168,11,1,18,2,1,0,0,0,0,0,0,1,0,1,1,0,7,1,3,19,0,0.07539682539682539,0
0,105000.0,0.0,687,94,6,1,21,4,1,0,0,0,0,0,0,0,0,0,1,0,6,0,3,11,0,0.057692307692307696,0
1,111750.0,0.25390625,878,122,10,1,35,5,0,0,0,1,0,0,0,0,1,0,1,0,3,0,4,10,0,0.1388888888888889,1
1,195250.0,0.34182590233545646,850,120,10,1,25,3,1,0,0,0,0,0,0,0,1,0,1,0,5,0,5,16,1,0.0673076923076923,0
1,108500.0,0.32432432432432434,1137,150,11,1,24,3,0,0,0,0,1,0,0,1,0,0,1,0,6,0,3,9,0,0.14102564102564102,1
0,105000.0,0.0,884,121,10,1,31,2,0,0,0,0,0,0,1,0,0,1,1,0,3,0,4,1,0,0.13559322033898305,1
1,165250.0,0.3223350253807107,718,96,6,1,18,3,1,0,0,0,0,0,0,0,0,0,0,1,7,0,2,6,0,0.13846153846153847,1
1,250000.0,0.3050847457627119,927,128,10,1,32,3,0,0,1,0,0,0,0,0,1,0,0,0,6,0,0,9,0,0.0847457627118644,0
1,102750.0,0.19736842105263158,651,86,6,1,15,1,1,0,0,0,0,0,0,0,0,1,1,0,3,0,1,18,0,0.07792207792207792,0
0,105000.0,0.0,859,116,6,1,18,3,0,0,0,0,1,0,0,0,0,1,1,0,6,0,4,0,0,0.04428904428904429,0
1,161500.0,0.2955145118733509,1224,164,11,1,14,3,0,1,0,0,0,0,0,0,0,1,1,0,3,0,6,0,1,0.0650887573964497,0
1,104000.0,0.3020408163265306,850,120,10,1,19,3,0,0,0,0,0,1,0,0,0,1,1,0,3,1,4,5,0,0.13043478260869565,1
1,68500.0,0.36904761904761907,973,137,10,1,13,1,0,0,0,1,0,0,0,1,0,1,1,0,3,1,3,8,0,0.14035087719298245,1
1,318250.0,0.3700384122919334,669,88,6,1,16,5,0,0,1,0,0,0,0,0,1,0,1,0,3,1,4,14,0,0.017167381974248927,0
0,105000.0,0.0,1306,175,11,1,26,4,0,0,0,0,1,0,0,0,0,0,1,0,6,0,0,21,0,0.05660377358490566,0
1,232000.0,0.19103313840155944,736,97,6,1,33,4,1,0,0,0,0,0,0,1,0,0,1,0,7,1,1,8,0,0.07692307692307693,0
0,105000.0,0.0,1121,148,11,1,21,4,1,0,0,0,0,0,0,0,0,1,1,0,7,1,3,17,0,0.06956521739130435,0
1,71000.0,0.30952380952380953,891,114,6,1,20,2,0,0,0,0,0,1,0,0,0,1,1,0,5,0,2,2,0,0.17342342342342343,1
1,67250.0,0.39880952380952384,700,93,6,1,25,0,0,1,0,0,0,0,0,1,0,0,0,0,6,0,6,5,1,0.24528301886792453,1
1,81500.0,0.18888888888888888,913,124,6,1,16,1,0,0,1,0,0,0,0,0,0,1,1,0,6,0,6,1,1,0.14285714285714285,1
1,152250.0,0.3405994550408719,718,96,6,1,35,5,0,0,0,1,0,0,0,0,0,0,1,0,4,0,4,18,0,0.046511627906976744,0
1,88000.0,0.2131979695431472,710,98,6,1,17,3,0,1,0,0,0,0,0,0,0,0,0,0,6,0,1,9,0,0.12295081967213115,1
1,47000.0,0.39316239316239315,914,122,6,1,35,5,0,0,0,1,0,0,0,1,0,0,1,0,4,0,5,16,1,0.26666666666666666,1
0,105000.0,0.0,1286,168,11,1,28,1,0,0,0,0,0,0,1,0,0,1,1,0,5,1,5,11,1,0.085,0
1,62750.0,0.24475524475524477,1271,167,11,1,32,0,0,0,0,1,0,0,0,0,1,0,0,1,4,1,3,5,0,0.038461538461538464,0
1,108000.0,0.21487603305785125,675,90,6,1,21,2,0,1,0,0,0,0,0,1,0,1,0,0,3,0,2,15,0,0.19801980198019803,1
1,49628.799999999996,0.36048109965635744,1109,145,11,1,31,1,0,0,0,0,0,0,1,0,1,0,1,0,3,0,4,12,0,0.1643835616438356,1
1,127250.0,0.20774647887323944,842,120,10,1,25,4,0,0,0,1,0,0,0,1,0,0,1,0,3,0,0,20,0,0.06862745098039216,0
1,57750.0,0.20930232558139536,879,116,6,1,35,5,0,0,0,1,0,0,0,0,1,0,1,0,4,0,5,5,1,0.0,0
1,139000.0,0.3884057971014493,880,121,10,1,13,2,0,1,0,0,0,0,0,0,1,0,1,0,6,0,5,0,1,0.14814814814814814,1
1,159000.0,0.2033898305084746,916,128,10,1,14,4,0,0,0,0,1,0,0,0,0,1,1,0,7,0,2,9,0,0.046511627906976744,0
1,65250.0,0.21232876712328766,700,94,6,1,13,1,0,0,0,1,0,0,0,0,0,1,0,1,5,0,1,4,0,0.07526881720430108,0
0,105000.0,0.0,874,123,10,1,19,4,0,0,0,0,0,1,0,0,1,0,0,0,4,0,2,11,0,0.0,0
1,209250.0,0.25625,872,121,10,1,22,4,0,0,0,0,0,1,0,1,1,0,1,0,3,0,3,8,0,0.03076923076923077,0
1,109000.0,0.1908713692946058,1135,150,11,1,17,5,0,0,0,1,0,0,0,0,1,0,1,0,6,0,4,3,0,0.061068702290076333,0
1,97073.6,0.20829333845267808,762,100,6,1,25,4,0,0,0,1,0,0,0,0,0,1,1,0,6,0,2,16,0,0.14285714285714285,1
0,105000.0,0.0,1302,173,11,1,22,4,0,0,0,0,0,1,0,0,1,0,0,0,5,0,2,16,0,0.03614457831325301,0
0,105000.0,0.0,1281,169,11,1,24,2,0,0,0,0,1,0,0,0,1,0,1,0,6,0,5,18,1,0.04,0
1,57000.0,0.2857142857142857,852,116,10,1,20,1,0,0,0,0,0,1,0,0,0,1,1,0,3,1,0,10,0,0.2248995983935743,1
1,120000.0,0.32752613240418116,869,119,10,1,24,3,0,0,0,0,1,0,0,1,0,1,0,0,3,0,2,11,0,0.06451612903225806,0
1,136750.0,0.25796178343949044,675,91,6,1,14,1,0,1,0,0,0,0,0,0,1,0,1,0,4,0,2,18,0,0.0847457627118644,0
0,105000.0,0.0,868,120,10,1,18,3,0,0,0,0,1,0,0,0,0,1,0,0,4,0,0,13,0,0.019230769230769232,0
1,122000.0,0.2571428571428571,935,127,6,1,14,4,0,0,0,0,1,0,0,0,1,0,0,1,7,0,1,13,0,0.08,0
1,85000.0,0.39622641509433965,1264,166,11,1,31,3,0,0,0,0,0,0,1,1,0,1,1,0,3,0,5,2,1,0.18604651162790697,1
1,61750.0,0.3197278911564626,898,121,10,1,28,2,0,0,0,0,0,0,1,0,0,1,1,0,4,0,6,2,1,0.14285714285714285,1
0,105000.0,0.0,874,118,10,1,28,2,0,0,0,0,0,0,1,1,0,1,1,0,3,0,3,4,0,0.16049382716049382,1
0,105000.0,0.0,911,120,6,1,28,2,0,0,0,0,0,0,1,0,0,0,1,0,4,0,3,3,0,0.05555555555555555,0
1,237500.0,0.3843537414965986,1037,144,10,1,24,3,1,0,0,0,0,0,0,0,1,0,1,0,7,0,5,10,1,0.07547169811320754,0
1,86750.0,0.386046511627907,821,110,6,1,20,3,0,0,0,0,0,1,0,1,0,1,1,0,3,1,0,17,0,0.10179640718562874,0
1,157500.0,0.3969465648854962,1049,144,10,1,25,4,0,0,0,1,0,0,0,0,1,0,0,0,5,0,4,23,0,0.0990990990990991,0
1,182500.0,0.3256880733944954,930,131,10,1,24,4,0,0,0,0,1,0,0,0,1,0,1,0,7,0,0,9,0,0.0,0
1,232000.0,0.30656934306569344,710,92,6,1,23,4,0,1,0,0,0,0,0,1,0,1,1,0,5,1,3,7,0,0.05138339920948617,0
0,105000.0,0.0,1109,155,10,1,26,4,0,0,0,0,1,0,0,1,1,0,1,0,7,0,2,11,0,0.07317073170731707,0
1,77250.0,0.22413793103448276,836,112,6,1,33,0,1,0,0,0,0,0,0,0,1,0,1,0,4,0,3,4,0,0.22641509433962265,1
1,141000.0,0.30120481927710846,892,125,10,1,18,4,0,0,0,0,1,0,0,0,0,1,0,0,5,1,1,9,0,0.07462686567164178,0
1,114000.0,0.3655913978494624,1132,149,11,1,21,1,0,1,0,0,0,0,0,0,1,0,0,0,7,0,2,6,0,0.0,0
1,99250.0,0.27391304347826084,962,127,6,1,32,1,0,0,0,1,0,0,0,1,1,0,1,0,6,0,4,21,0,0.14736842105263157,1
1,69750.0,0.18831168831168832,783,98,6,1,31,3,0,0,0,0,0,0,1,1,0,1,1,0,5,0,1,3,0,0.16129032258064516,1
1,51000.0,0.38095238095238093,702,96,6,1,24,2,0,0,0,0,0,0,1,0,0,0,1,0,3,0,1,14,0,0.1111111111111111,1
1,183750.0,0.23741007194244604,670,90,6,1,12,3,0,1,0,0,0,0,0,1,1,0,0,0,4,1,6,4,1,0.1134020618556701,1
1,139000.0,0.3976945244956772,874,123,10,1,17,3,0,1,0,0,0,0,0,0,1,0,1,0,6,0,5,5,1,0.12949640287769784,1
1,97385.6,0.26720947446336046,902,124,10,1,16,2,0,0,1,0,0,0,0,0,0,1,0,1,6,1,4,19,0,0.14285714285714285,1
0,105000.0,0.0,1113,148,11,1,32,3,0,0,1,0,0,0,0,1,0,0,1,0,4,0,6,1,1,0.016666666666666666,0
0,105000.0,0.0,1128,150,11,1,25,1,0,0,1,0,0,0,0,0,0,1,0,0,5,0,2,20,0,0.02,0
0,105000.0,0.0,778,99,6,1,28,0,0,0,0,0,0,0,1,0,1,0,1,0,5,1,3,23,0,0.10084033613445378,0
0,105000.0,0.0,1139,149,11,1,22,3,0,0,0,0,0,1,0,0,0,1,1,0,6,0,1,5,0,0.08108108108108109,0
1,81972.79999999999,0.22397476340694017,867,114,6,1,28,3,0,0,0,0,0,0,1,0,0,1,0,1,3,0,5,16,1,0.11458333333333333,1
0,105000.0,0.0,837,111,6,1,19,3,0,0,0,0,0,1,0,1,0,0,0,0,4,0,4,6,0,0.0945945945945946,0
0,105000.0,0.0,866,118,10,1,22,3,0,0,0,0,0,1,0,0,0,1,0,0,4,0,4,14,0,0.054945054945054944,0
1,63750.0,0.3333333333333333,1119,148,11,1,35,5,0,0,0,1,0,0,0,0,0,0,1,0,4,1,1,3,0,0.13333333333333333,1
1,191000.0,0.39832285115303984,1251,166,11,1,33,3,1,0,0,0,0,0,0,0,0,1,0,1,3,0,6,20,1,0.041666666666666664,0
1,113110.40000000001,0.2345779220779221,694,94,6,1,14,3,0,0,0,0,1,0,0,0,0,1,1,0,4,1,0,2,0,0.10646387832699619,0
0,105000.0,0.0,1327,175,11,1,32,3,0,0,0,1,0,0,0,0,0,0,1,0,6,0,1,19,0,0.05102040816326531,0
0,105000.0,0.0,1105,145,11,1,18,4,0,0,1,0,0,0,0,0,1,0,0,0,3,0,0,18,0,0.0410958904109589,0
0,105000.0,0.0,1001,140,10,1,24,3,1,0,0,0,0,0,0,0,0,0,1,0,5,0,1,21,0,0.06557377049180328,0
0,105000.0,0.0,1103,145,11,1,17,5,0,0,0,1,0,0,0,0,1,0,1,0,3,0,5,22,1,0.0425531914893617,0
0,105000.0,0.0,1120,148,11,1,17,4,1,0,0,0,0,0,0,0,1,0,1,0,7,0,3,21,0,0.09782608695652174,0
1,171250.0,0.21614583333333334,792,110,6,1,15,3,1,0,0,0,0,0,0,0,0,1,1,0,4,1,3,20,0,0.1111111111111111,1
0,105000.0,0.0,872,114,6,1,25,4,0,1,0,0,0,0,0,0,0,1,1,0,5,0,5,4,1,0.038461538461538464,0
1,108500.0,0.34980988593155893,849,116,6,1,19,2,1,0,0,0,0,0,0,0,0,1,1,0,5,0,4,9,0,0.1111111111111111,1
0,105000.0,0.0,1143,149,11,1,28,3,0,0,0,0,0,0,1,0,0,1,1,0,5,0,3,16,0,0.1276595744680851,1
1,125465.6,0.2566473988439307,736,97,6,1,24,3,0,0,0,0,1,0,0,1,0,0,0,0,6,1,5,8,1,0.14814814814814814,1
1,96000.0,0.29333333333333333,806,117,10,1,21,4,1,0,0,0,0,0,0,0,0,1,1,0,3,1,1,20,0,0.12371134020618557,1
1,100250.0,0.34297520661157027,897,124,10,1,15,1,0,0,1,0,0,0,0,0,1,0,1,0,6,0,4,17,0,0.1,0
0,105000.0,0.0,1117,146,11,1,20,3,0,0,0,0,0,1,0,1,0,1,1,0,4,1,4,22,0,0.04929577464788732,0
0,105000.0,0.0,1145,149,11,1,28,4,0,0,0,0,0,0,1,1,0,0,0,1,5,0,1,6,0,0.08333333333333333,0
1,62250.0,0.38311688311688313,1103,145,11,1,22,1,0,0,0,0,0,1,0,0,1,0,1,0,4,0,1,23,0,0.2222222222222222,1
1,88500.0,0.3142857142857143,749,98,6,1,26,4,0,0,0,0,1,0,0,0,1,0,0,0,5,0,6,12,1,0.03125,0
1,53000.0,0.24793388429752067,860,114,6,1,28,2,0,0,0,0,0,0,1,1,0,1,1,0,3,0,2,21,0,0.18181818181818182,1
0,105000.0,0.0,1261,167,11,1,21,1,0,1,0,0,0,0,0,1,1,0,0,0,5,0,4,16,0,0.0547945205479452,0
1,95500.0,0.28699551569506726,1154,150,11,1,29,2,0,0,1,0,0,0,0,0,1,0,1,0,6,0,1,12,0,0.06818181818181818,0
1,135500.0,0.21710526315789475,913,129,10,1,14,3,0,0,0,0,1,0,0,1,1,0,1,0,7,1,4,17,0,0.0782122905027933,0
1,55500.0,0.3795620437956204,1140,151,11,1,18,0,0,0,0,0,1,0,0,1,1,0,0,0,7,0,3,7,0,0.13714285714285715,1
1,110250.0,0.3905109489051095,910,128,10,1,14,4,0,0,0,0,1,0,0,0,1,0,0,1,7,0,5,7,1,0.1590909090909091,1
0,105000.0,0.0,717,98,6,1,16,3,0,0,1,0,0,0,0,1,0,1,1,0,5,0,3,10,0,0.07058823529411765,0
1,177250.0,0.3663594470046083,1043,140,10,1,28,5,0,0,0,0,0,0,1,1,1,0,0,0,4,0,4,3,0,0.07407407407407407,0
0,105000.0,0.0,1229,164,11,1,19,1,1,0,0,0,0,0,0,1,0,0,1,0,3,0,3,12,0,0.07692307692307693,0
1,71250.0,0.3136094674556213,850,122,10,1,26,4,0,0,0,0,1,0,0,1,0,1,0,0,4,0,0,11,0,0.13725490196078433,1
0,105000.0,0.0,856,122,10,1,25,1,1,0,0,0,0,0,0,1,0,1,1,0,6,0,3,0,0,0.07692307692307693,0
0,105000.0,0.0,901,121,10,1,31,2,0,0,0,0,0,0,1,1,0,1,1,0,4,0,0,17,0,0.08823529411764706,0
0,105000.0,0.0,673,92,6,1,19,3,1,0,0,0,0,0,0,0,0,1,1,0,5,1,4,20,0,0.06976744186046512,0
1,72250.0,0.3854748603351955,691,92,6,1,28,1,0,0,0,1,0,0,0,0,0,1,1,0,3,1,2,6,0,0.09401709401709402,0
1,108250.0,0.26104417670682734,673,90,6,1,12,2,0,1,0,0,0,0,0,0,0,1,0,1,4,0,4,3,0,0.1111111111111111,1
0,105000.0,0.0,1278,171,11,1,17,5,0,0,0,1,0,0,0,0,0,0,1,0,4,0,0,16,0,0.07547169811320754,0
1,104750.0,0.2170212765957447,1132,149,11,1,24,3,0,0,0,0,1,0,0,0,0,1,1,0,5,0,2,5,0,0.043478260869565216,0
1,82500.0,0.29015544041450775,1112,148,11,1,24,1,0,0,0,0,1,0,0,0,1,0,0,1,4,0,3,22,0,0.175,1
1,81500.0,0.3781094527363184,1291,173,11,1,14,4,0,0,0,0,1,0,0,1,0,1,1,0,6,1,0,0,0,0.11764705882352941,1
1,54000.0,0.3511450381679389,1137,149,11,1,18,1,0,0,1,0,0,0,0,1,0,1,0,1,6,0,3,6,0,0.16304347826086957,1
1,37250.0,0.3626373626373626,1279,170,11,1,19,0,0,0,0,0,0,1,0,1,0,0,0,1,4,1,5,12,1,0.102803738317757,0
1,137500.0,0.338368580060423,907,123,10,1,28,4,0,0,0,0,0,0,1,0,1,0,0,0,4,1,3,16,0,0.06521739130434782,0
0,105000.0,0.0,746,99,6,1,20,3,0,0,0,0,0,1,0,0,1,0,1,0,6,0,3,11,0,0.049019607843137254,0
0,105000.0,0.0,838,110,6,1,24,4,0,0,0,0,0,0,1,0,0,1,1,0,3,0,0,1,0,0.04504504504504504,0
0,105000.0,0.0,1091,144,11,1,14,2,0,1,0,0,0,0,0,0,0,1,1,0,3,0,1,6,0,0.11627906976744186,1
1,95680.0,0.3931191058330422,679,91,6,1,14,1,0,0,0,0,1,0,0,0,1,0,0,0,3,0,0,19,0,0.12857142857142856,1
1,59500.0,0.3586206896551724,854,110,6,1,28,2,0,0,0,0,0,0,1,1,0,1,1,0,3,1,3,18,0,0.31343283582089554,1
0,105000.0,0.0,1288,169,11,1,28,1,0,0,0,0,0,0,1,0,1,0,1,0,5,0,6,2,1,0.11538461538461539,1
1,111500.0,0.34814814814814815,1132,150,11,1,14,3,0,0,0,0,1,0,0,0,0,1,0,0,7,0,5,23,1,0.072,0
0,105000.0,0.0,1143,151,11,1,14,1,0,0,1,0,0,0,0,0,0,1,1,0,7,0,6,18,1,0.09375,0
1,59250.0,0.3877551020408163,891,116,6,1,22,2,0,0,0,0,0,1,0,0,0,0,1,0,5,0,6,8,1,0.1320754716981132,1
0,105000.0,0.0,844,112,6,1,14,2,0,1,0,0,0,0,0,0,0,0,1,0,5,0,4,3,0,0.07547169811320754,0
1,103750.0,0.23404255319148937,923,125,10,1,32,3,0,0,0,1,0,0,0,1,0,1,1,0,4,0,1,0,0,0.02631578947368421,0
0,105000.0,0.0,818,117,10,1,17,3,0,1,0,0,0,0,0,0,1,0,1,0,3,1,2,16,0,0.1262135922330097,1
1,59000.0,0.22556390977443608,1277,167,11,1,24,2,0,0,0,0,0,0,1,0,0,1,1,0,4,1,6,16,1,0.12987012987012986,1
1,201468.8,0.33296041308089497,897,123,10,1,13,3,0,1,0,0,0,0,0,0,1,0,1,0,7,0,6,0,1,0.08256880733944955,0
1,184750.0,0.3969631236442516,1117,148,11,1,13,3,0,1,0,0,0,0,0,0,1,0,1,0,7,0,2,23,0,0.11538461538461539,1
1,88750.0,0.37155963302752293,1087,144,11,1,14,4,0,0,0,0,1,0,0,0,1,0,1,0,3,1,3,1,0,0.04081632653061224,0
1,127000.0,0.2953020134228188,1282,170,11,1,19,4,1,0,0,0,0,0,0,0,0,1,0,0,6,0,4,10,0,0.13253012048192772,1
1,98000.0,0.3459915611814346,1264,167,11,1,18,2,0,1,0,0,0,0,0,0,0,1,0,0,6,1,1,6,0,0.14754098360655737,1
1,99750.0,0.2948717948717949,1124,148,11,1,33,4,1,0,0,0,0,0,0,0,0,0,1,0,6,0,3,18,0,0.10135135135135136,0
1,125750.0,0.2832764505119454,828,110,6,1,25,4,0,0,0,1,0,0,0,0,1,0,1,0,3,0,0,20,0,0.05405405405405406,0
1,136000.0,0.2508038585209003,874,122,10,1,21,4,1,0,0,0,0,0,0,0,0,0,1,0,6,0,1,8,0,0.14634146341463414,1
1,83250.0,0.27461139896373055,929,121,6,1,29,2,0,0,1,0,0,0,0,1,0,0,0,0,6,0,0,5,0,0.225,1
0,105000.0,0.0,1099,153,10,1,26,4,0,0,0,0,1,0,0,1,0,0,1,0,6,0,4,23,0,0.0,0
0,105000.0,0.0,1003,143,10,1,24,2,0,0,0,0,1,0,0,0,1,0,1,0,4,0,2,10,0,0.10752688172043011,1
0,105000.0,0.0,884,121,10,1,24,3,0,0,0,0,0,0,1,0,0,1,1,0,4,0,4,23,0,0.0625,0
1,185000.0,0.29493087557603687,963,133,10,1,32,3,0,0,1,0,0,0,0,0,1,0,1,0,7,0,6,13,1,0.05263157894736842,0
0,105000.0,0.0,873,119,10,1,18,3,0,0,1,0,0,0,0,0,1,0,0,1,4,0,1,6,0,0.0,0
1,149364.80000000002,0.25716019417475733,864,121,10,1,35,5,0,0,0,1,0,0,0,0,1,0,0,0,3,0,6,5,1,0.16216216216216217,1
1,253697.6,0.2968651818753055,841,119,10,1,14,4,0,0,1,0,0,0,0,0,1,0,1,0,4,0,4,3,0,0.07692307692307693,0
1,56750.0,0.37857142857142856,1130,148,11,1,22,1,0,0,0,0,0,1,0,1,0,1,0,0,5,0,1,23,0,0.2541436464088398,1
1,83200.0,0.2415384615384616,845,119,10,1,15,0,1,0,0,0,0,0,0,0,1,0,1,0,5,0,2,14,0,0.20634920634920634,1
0,105000.0,0.0,899,116,6,1,28,3,0,0,0,0,0,0,1,0,1,0,1,0,5,1,0,15,0,0.1206896551724138,1
1,84250.0,0.3316831683168317,1122,146,11,1,12,1,0,1,0,0,0,0,0,0,0,1,1,0,6,1,5,5,1,0.10294117647058823,0
1,143500.0,0.2916666666666667,894,120,6,1,15,3,0,0,1,0,0,0,0,0,0,1,1,0,6,0,2,12,0,0.096,0
0,105000.0,0.0,1048,145,10,1,13,3,0,1,0,0,0,0,0,0,0,0,1,0,6,1,1,16,0,0.035842293906810034,0
1,106371.2,0.23442085275332294,834,114,10,1,22,3,0,0,0,0,0,1,0,0,0,1,1,0,3,1,5,11,1,0.09740259740259741,0
1,87750.0,0.2537313432835821,1002,140,10,1,32,1,0,0,0,1,0,0,0,0,1,0,1,0,3,0,1,2,0,0.17045454545454544,1
0,105000.0,0.0,1256,165,11,1,23,3,0,1,0,0,0,0,0,0,1,0,1,0,4,1,2,14,0,0.08045977011494253,0
0,105000.0,0.0,1064,149,10,1,24,3,1,0,0,0,0,0,0,1,0,1,1,0,7,0,1,20,0,0.018867924528301886,0
1,285500.0,0.20440251572327045,920,127,10,1,17,5,0,0,0,1,0,0,0,1,1,0,1,0,6,1,3,6,0,0.02727272727272727,0
1,72500.0,0.3333333333333333,846,120,10,1,25,4,0,0,0,1,0,0,0,0,0,0,1,0,3,0,2,15,0,0.09230769230769231,0
1,223250.0,0.2693798449612403,748,98,6,1,22,5,0,0,0,0,0,1,0,0,1,0,1,0,6,0,6,21,1,0.0641025641025641,0
1,172515.19999999998,0.31747641748656047,1271,167,11,1,18,3,0,1,0,0,0,0,0,1,0,1,1,0,7,0,6,11,1,0.08536585365853659,0
0,105000.0,0.0,664,88,6,1,21,4,1,0,0,0,0,0,0,1,0,1,1,0,3,0,2,15,0,0.07547169811320754,0
1,72500.0,0.39779005524861877,1118,146,11,1,28,3,0,0,0,0,0,0,1,1,0,1,0,0,3,1,3,5,0,0.14906832298136646,1
1,219750.0,0.3989071038251366,1245,165,11,1,18,5,0,0,1,0,0,0,0,0,1,0,1,0,3,1,4,12,0,0.044642857142857144,0
0,105000.0,0.0,918,127,10,1,19,3,0,0,0,0,0,1,0,1,1,0,1,0,6,0,2,5,0,0.09803921568627451,0
0,105000.0,0.0,908,124,10,1,29,2,0,0,1,0,0,0,0,0,1,0,0,1,5,0,0,17,0,0.09302325581395349,0
1,90750.0,0.2548076923076923,875,114,6,1,28,3,0,0,0,0,0,0,1,1,1,0,1,0,4,1,1,1,0,0.20967741935483872,1
1,101750.0,0.19911504424778761,728,95,6,1,28,3,0,0,0,0,0,0,1,0,1,0,1,0,4,0,2,20,0,0.1568627450980392,1
0,105000.0,0.0,753,100,6,1,15,4,0,0,1,0,0,0,0,0,1,0,1,0,7,1,2,7,0,0.0392156862745098,0
1,101500.0,0.30833333333333335,862,118,10,1,18,3,0,0,1,0,0,0,0,1,0,1,1,0,4,1,4,12,0,0.19811320754716982,1
1,83657.59999999999,0.20824053452115818,860,114,6,1,24,3,0,0,0,0,0,0,1,1,0,1,1,0,3,0,0,8,0,0.18699186991869918,1
1,147750.0,0.35833333333333334,904,127,10,1,19,4,1,0,0,0,0,0,0,0,0,1,1,0,6,1,0,20,0,0.09163346613545817,0
1,94250.0,0.2706422018348624,839,108,6,1,28,3,0,0,0,0,0,0,1,1,1,0,1,0,3,0,0,1,0,0.32323232323232326,1
1,69750.0,0.3872832369942196,724,94,6,1,24,3,0,0,0,0,0,0,1,0,0,1,1,0,4,0,3,18,0,0.16326530612244897,1
1,78750.0,0.36787564766839376,713,96,6,1,17,3,0,1,0,0,0,0,0,0,0,0,1,0,6,1,0,15,0,0.13385826771653545,1
0,105000.0,0.0,983,138,10,1,13,2,0,1,0,0,0,0,0,0,0,1,1,0,5,0,3,2,0,0.12195121951219512,1
1,80750.0,0.33505154639175255,1238,165,11,1,15,1,0,0,1,0,0,0,0,0,0,1,1,0,3,1,5,7,1,0.07563025210084033,0
1,107750.0,0.18143459915611815,1263,166,11,1,12,1,0,1,0,0,0,0,0,1,0,1,1,0,6,0,1,18,0,0.17355371900826447,1
1,106500.0,0.30278884462151395,1134,151,11,1,26,4,0,0,0,0,1,0,0,1,0,0,0,0,6,0,6,16,1,0.12903225806451613,1
0,105000.0,0.0,772,98,6,1,31,1,0,0,0,0,0,0,1,0,0,0,1,0,5,0,1,9,0,0.12396694214876033,1
0,105000.0,0.0,706,96,6,1,24,4,0,0,0,0,0,0,1,1,0,0,1,0,3,0,1,16,0,0.05714285714285714,0
0,105000.0,0.0,745,99,6,1,25,3,0,1,0,0,0,0,0,0,1,0,1,0,7,0,3,6,0,0.04938271604938271,0
1,159250.0,0.36246786632390743,1233,164,11,1,21,3,0,1,0,0,0,0,0,1,0,0,1,0,3,0,1,3,0,0.1702127659574468,1
0,105000.0,0.0,1123,146,11,1,23,0,0,1,0,0,0,0,0,0,1,0,1,0,6,0,3,10,0,0.04294478527607362,0
1,82750.0,0.22994652406417113,917,129,10,1,24,2,0,0,0,0,1,0,0,0,0,1,1,0,6,0,4,5,0,0.08,0
1,116500.0,0.23484848484848486,1121,149,11,1,14,3,0,0,0,0,1,0,0,0,0,1,0,0,6,0,1,13,0,0.1,0
0,105000.0,0.0,881,122,10,1,24,4,0,0,0,0,0,0,1,0,0,1,0,1,4,0,3,6,0,0.07692307692307693,0
1,121659.2,0.3468061051441493,710,94,6,1,28,4,0,0,0,0,0,0,1,0,1,0,1,0,3,1,6,2,1,0.043478260869565216,0
1,51000.0,0.19469026548672566,1041,140,10,1,28,1,0,0,0,0,0,0,1,1,0,1,1,0,4,0,6,22,1,0.21153846153846154,1
1,68500.0,0.3592814371257485,860,122,10,1,14,1,0,0,0,0,1,0,0,1,0,0,0,1,5,0,2,13,0,0.0,0
1,122500.0,0.35570469798657717,817,112,6,1,19,4,0,0,0,0,0,1,0,1,0,0,1,0,3,0,2,22,0,0.07894736842105263,0
1,253500.0,0.2900505902192243,814,116,10,1,21,4,1,0,0,0,0,0,0,0,0,1,1,0,3,1,5,20,1,0.02127659574468085,0
1,155500.0,0.3544973544973545,915,125,10,1,17,3,0,1,0,0,0,0,0,0,0,1,0,0,7,0,1,12,0,0.10909090909090909,1
1,86500.0,0.2955665024630542,1113,147,11,1,16,1,0,0,1,0,0,0,0,0,0,1,1,0,4,0,3,15,0,0.11627906976744186,1
1,124500.0,0.25263157894736843,860,122,10,1,17,2,1,0,0,0,0,0,0,1,1,0,1,0,7,1,6,4,1,0.12244897959183673,1
1,130000.0,0.3006535947712418,1304,172,11,1,25,1,0,0,1,0,0,0,0,0,0,0,0,1,7,0,0,5,0,0.13636363636363635,1
0,105000.0,0.0,1039,147,10,1,18,1,0,0,0,0,1,0,0,0,1,0,1,0,4,0,6,3,1,0.0,0
0,105000.0,0.0,765,98,6,1,28,2,0,0,0,0,0,0,1,0,0,1,1,0,5,0,4,16,0,0.10256410256410256,0
1,283500.0,0.2895927601809955,890,125,10,1,25,5,1,0,0,0,0,0,0,0,0,0,1,0,7,0,4,2,0,0.016666666666666666,0
0,105000.0,0.0,912,128,10,1,14,1,0,0,0,0,1,0,0,0,1,0,1,0,7,0,2,4,0,0.045454545454545456,0
0,105000.0,0.0,1152,151,11,1,28,2,0,0,0,1,0,0,0,0,1,0,0,1,6,1,2,22,0,0.0851063829787234,0
0,105000.0,0.0,728,96,6,1,33,4,1,0,0,0,0,0,0,1,0,1,1,0,6,1,4,3,0,0.08450704225352113,0
0,105000.0,0.0,1118,146,11,1,29,2,0,0,1,0,0,0,0,1,1,0,1,0,4,0,0,12,0,0.03225806451612903,0
1,118750.0,0.3620689655172414,1028,143,10,1,25,1,1,0,0,0,0,0,0,0,0,1,1,0,6,0,5,21,1,0.09523809523809523,0
1,133250.0,0.2861736334405145,1155,151,11,1,32,3,0,0,0,1,0,0,0,0,1,0,1,0,6,0,1,19,0,0.04225352112676056,0
1,74838.4,0.2868364675077362,917,127,10,1,32,3,0,0,1,0,0,0,0,0,0,1,1,0,5,0,4,14,0,0.2222222222222222,1
1,158500.0,0.25824175824175827,1253,166,11,1,33,2,1,0,0,0,0,0,0,0,1,0,1,0,3,0,0,15,0,0.14666666666666667,1
1,144750.0,0.37359550561797755,912,128,10,1,19,4,1,0,0,0,0,0,0,1,0,0,1,0,6,0,6,4,1,0.1,0
0,105000.0,0.0,1096,144,11,1,14,1,0,1,0,0,0,0,0,0,1,0,1,0,4,1,4,20,0,0.11619718309859155,1
1,102000.0,0.2928870292887029,909,125,10,1,21,2,0,1,0,0,0,0,0,0,0,0,1,0,7,0,2,15,0,0.06976744186046512,0
1,213250.0,0.294,692,95,6,1,12,3,0,1,0,0,0,0,0,1,1,0,1,0,6,0,2,5,0,0.12244897959183673,1
1,141750.0,0.228125,1260,167,11,1,32,3,0,0,1,0,0,0,0,0,0,1,1,0,3,1,2,0,0,0.05,0
0,105000.0,0.0,746,96,6,1,32,1,0,0,0,1,0,0,0,1,0,1,1,0,5,0,2,15,0,0.07936507936507936,0
1,106000.0,0.33725490196078434,1033,144,10,1,17,3,0,1,0,0,0,0,0,0,0,1,0,0,7,0,4,17,0,0.125,1
1,206750.0,0.3558648111332008,1098,145,11,1,17,3,0,1,0,0,0,0,0,0,1,0,1,0,3,0,2,3,0,0.13333333333333333,1
1,40000.0,0.20224719101123595,765,104,6,1,24,0,0,0,0,0,1,0,0,0,0,0,1,0,7,0,3,8,0,0.15384615384615385,1
1,117250.0,0.3485915492957746,749,99,6,1,35,5,0,0,0,1,0,0,0,0,1,0,0,0,4,1,5,19,1,0.07692307692307693,0
1,125049.59999999999,0.24912638322655803,1288,172,11,1,17,5,0,0,0,1,0,0,0,0,0,1,1,0,5,1,4,20,0,0.07964601769911504,0
0,105000.0,0.0,696,94,6,1,21,4,1,0,0,0,0,0,0,1,1,0,0,1,6,0,5,21,1,0.08653846153846154,0
1,168230.4,0.39942614029880275,1097,144,11,1,18,3,0,1,0,0,0,0,0,0,1,0,1,0,4,0,5,22,1,0.0958904109589041,0
1,71000.0,0.2994011976047904,854,117,10,1,20,2,0,0,0,0,0,1,0,0,0,1,0,1,3,0,0,0,0,0.2926829268292683,1
1,96000.0,0.26244343891402716,1131,148,11,1,32,2,0,0,0,1,0,0,0,1,1,0,0,1,4,0,0,16,0,0.16901408450704225,1
0,105000.0,0.0,751,99,6,1,15,4,0,0,1,0,0,0,0,0,1,0,1,0,6,1,2,10,0,0.0367170626349892,0
0,105000.0,0.0,917,122,6,1,13,1,0,0,0,1,0,0,0,1,0,0,1,0,6,0,2,0,0,0.08522727272727272,0
1,90355.2,0.3780806572068708,720,98,6,1,24,3,1,0,0,0,0,0,0,1,0,0,1,0,6,0,2,5,0,0.11428571428571428,1
1,151750.0,0.20414201183431951,1110,147,11,1,14,3,0,0,1,0,0,0,0,0,0,1,1,0,5,1,6,19,1,0.1125,1
1,100250.0,0.24890829694323144,903,123,10,1,18,1,0,1,0,0,0,0,0,1,0,1,0,0,7,0,5,17,1,0.10638297872340426,0
1,116750.0,0.3784722222222222,850,119,10,1,24,3,0,0,0,0,1,0,0,0,0,1,1,0,3,1,5,22,1,0.06097560975609756,0
1,59000.0,0.3262411347517731,714,92,6,1,32,1,0,0,0,1,0,0,0,1,0,0,1,0,3,0,5,10,1,0.07547169811320754,0
1,149750.0,0.33611111111111114,1102,145,11,1,25,3,0,1,0,0,0,0,0,0,0,1,1,0,4,0,2,7,0,0.1,0
1,183250.0,0.23373493975903614,706,93,6,1,32,4,0,0,0,1,0,0,0,1,0,0,1,0,4,1,0,0,0,0.06349206349206349,0
1,42250.0,0.32673267326732675,1051,143,10,1,24,1,0,0,0,0,0,0,1,0,0,1,0,0,4,1,0,1,0,0.17094017094017094,1
1,222000.0,0.20242914979757085,1245,164,11,1,25,3,1,0,0,0,0,0,0,0,1,0,0,0,3,0,0,1,0,0.15555555555555556,1
1,121000.0,0.2775800711743772,1134,151,11,1,19,4,1,0,0,0,0,0,0,0,0,1,1,0,6,0,3,20,0,0.12280701754385964,1
1,47250.0,0.2336448598130841,688,91,6,1,14,4,0,0,0,0,1,0,0,1,0,0,1,0,4,0,3,14,0,0.2,1
0,105000.0,0.0,1230,163,11,1,18,2,1,0,0,0,0,0,0,0,0,1,1,0,3,1,3,14,0,0.08296943231441048,0
1,164750.0,0.3059125964010283,652,88,6,1,17,3,1,0,0,0,0,0,0,1,0,1,1,0,3,1,0,21,0,0.09146341463414634,0
1,82680.0,0.23372583870251049,876,118,10,1,28,3,0,0,0,0,0,0,1,1,0,1,0,0,3,1,1,6,0,0.1576923076923077,1
1,88500.0,0.2647058823529412,1293,171,11,1,14,1,0,0,1,0,0,0,0,0,0,1,1,0,7,0,6,21,1,0.08275862068965517,0
1,64250.0,0.2751677852348993,869,121,10,1,18,1,0,0,1,0,0,0,0,1,1,0,1,0,4,0,6,23,1,0.09090909090909091,0
1,50750.0,0.23478260869565218,881,118,6,1,25,4,0,0,0,1,0,0,0,0,0,1,1,0,4,0,4,17,0,0.15789473684210525,1
1,104750.0,0.2757201646090535,860,121,10,1,15,2,0,0,1,0,0,0,0,1,0,0,1,0,4,1,5,21,1,0.11587982832618025,1
0,105000.0,0.0,746,96,6,1,32,1,0,0,0,1,0,0,0,0,0,1,1,0,5,1,4,19,0,0.03664921465968586,0
0,105000.0,0.0,846,120,10,1,21,4,1,0,0,0,0,0,0,0,1,0,1,0,5,0,5,3,1,0.06037735849056604,0
1,80000.0,0.2887700534759358,914,129,10,1,14,1,0,0,0,0,1,0,0,1,1,0,1,0,7,1,0,22,0,0.15034168564920272,1
1,104250.0,0.39615384615384613,750,97,6,1,24,3,0,0,0,0,0,0,1,0,1,0,1,0,4,0,2,8,0,0.125,1
1,130000.0,0.3950617283950617,1118,148,11,1,18,1,1,0,0,0,0,0,0,0,1,0,1,0,7,1,2,5,0,0.12790697674418605,1
1,188500.0,0.3056179775280899,662,91,6,1,12,3,0,1,0,0,0,0,0,0,1,0,1,0,5,0,0,4,0,0.07894736842105263,0
1,128750.0,0.3114754098360656,846,118,10,1,15,2,0,0,1,0,0,0,0,1,1,0,0,1,3,0,1,21,0,0.07462686567164178,0
1,135000.0,0.25806451612903225,885,121,10,1,25,3,0,1,0,0,0,0,0,0,0,1,1,0,5,1,2,12,0,0.12101910828025478,1
0,105000.0,0.0,854,112,6,1,28,0,0,0,0,0,0,0,1,0,0,0,0,0,3,0,1,5,0,0.07547169811320754,0
0,105000.0,0.0,1146,150,11,1,28,4,0,0,0,1,0,0,0,0,0,1,1,0,6,0,0,22,0,0.0,0
0,105000.0,0.0,1142,152,11,1,24,1,0,0,0,0,1,0,0,0,0,1,1,0,7,0,3,23,0,0.06666666666666667,0
1,91500.0,0.19704433497536947,834,112,6,1,22,4,0,0,0,0,0,1,0,0,0,0,0,1,3,0,5,20,1,0.10236220472440945,0
0,105000.0,0.0,900,116,6,1,32,0,0,0,0,1,0,0,0,0,0,0,1,0,5,0,2,3,0,0.058823529411764705,0
0,105000.0,0.0,1250,165,11,1,29,1,0,0,1,0,0,0,0,1,0,0,1,0,3,0,5,11,1,0.041666666666666664,0
0,105000.0,0.0,849,112,6,1,32,3,0,0,1,0,0,0,0,1,0,1,0,1,3,1,2,23,0,0.059278350515463915,0
1,103250.0,0.2647058823529412,799,108,6,1,25,1,1,0,0,0,0,0,0,0,0,1,1,0,3,0,4,7,0,0.2857142857142857,1
1,208750.0,0.26403326403326405,709,94,6,1,32,4,0,0,0,1,0,0,0,1,1,0,1,0,4,1,3,12,0,0.03125,0
1,99500.0,0.19090909090909092,719,96,6,1,24,3,0,0,0,0,1,0,0,1,0,0,1,0,4,0,1,13,0,0.05531914893617021,0
1,144250.0,0.38375350140056025,891,121,6,1,17,5,0,0,0,1,0,0,0,1,1,0,1,0,5,1,1,1,0,0.03496503496503497,0
0,105000.0,0.0,888,120,10,1,28,2,0,0,0,0,0,0,1,0,0,1,1,0,4,0,0,0,0,0.2857142857142857,1
0,105000.0,0.0,886,123,10,1,17,3,0,1,0,0,0,0,0,0,1,0,0,0,6,1,0,16,0,0.10909090909090909,1
1,152500.0,0.3287671232876712,842,119,10,1,15,3,0,0,1,0,0,0,0,0,0,1,1,0,4,1,3,20,0,0.035256410256410256,0
1,170500.0,0.2512820512820513,1020,143,10,1,17,3,1,0,0,0,0,0,0,0,0,1,1,0,7,0,1,8,0,0.07692307692307693,0
1,193250.0,0.3657505285412262,1103,146,11,1,19,4,0,0,0,0,0,1,0,0,1,0,0,0,3,0,6,21,1,0.07792207792207792,0
1,59500.0,0.2753623188405797,1145,150,11,1,29,0,0,0,1,0,0,0,0,0,1,0,1,0,6,0,4,23,0,0.19855595667870035,1
1,103230.40000000001,0.3009243409791167,691,90,6,1,12,1,0,1,0,0,0,0,0,0,1,0,1,0,5,0,6,14,1,0.125,1
1,101500.0,0.376,888,123,10,1,18,1,0,1,0,0,0,0,0,0,1,0,0,0,7,1,3,16,0,0.112,1
1,72500.0,0.34285714285714286,834,119,10,1,12,0,0,1,0,0,0,0,0,1,0,0,1,0,5,0,0,20,0,0.26666666666666666,1
0,105000.0,0.0,747,97,6,1,28,3,0,0,0,0,0,0,1,1,1,0,0,1,4,0,0,2,0,0.05555555555555555,0
1,140462.4,0.2559400826446281,840,114,6,1,19,3,1,0,0,0,0,0,0,1,0,0,1,0,5,1,6,0,1,0.09523809523809523,0
0,105000.0,0.0,854,119,10,1,12,2,0,1,0,0,0,0,0,0,1,0,0,0,5,0,2,20,0,0.07377049180327869,0
1,65500.0,0.27631578947368424,1094,144,11,1,13,1,0,0,0,1,0,0,0,1,0,1,1,0,3,0,2,7,0,0.022727272727272728,0
1,41000.0,0.37623762376237624,1268,169,11,1,14,4,0,0,0,0,1,0,0,0,0,0,1,0,5,0,2,4,0,0.16363636363636364,1
1,169750.0,0.33578431372549017,919,124,6,1,24,4,0,0,0,0,1,0,0,0,0,1,1,0,7,1,4,2,0,0.07518796992481203,0
1,32000.0,0.358974358974359,693,92,6,1,24,0,0,0,0,0,0,0,1,0,0,1,1,0,3,0,3,3,0,0.24778761061946902,1
0,105000.0,0.0,746,96,6,1,28,1,0,0,0,0,0,0,1,0,0,1,1,0,4,0,3,10,0,0.13636363636363635,1
1,78750.0,0.3333333333333333,1100,145,11,1,22,4,0,0,0,0,0,1,0,1,0,0,1,0,3,0,2,1,0,0.15488215488215487,1
0,105000.0,0.0,906,120,6,1,18,2,0,0,1,0,0,0,0,0,1,0,0,1,5,0,6,10,1,0.06504065040650407,0
1,150250.0,0.33055555555555555,722,98,6,1,26,4,0,0,0,0,1,0,0,1,0,1,1,0,5,1,3,20,0,0.07669616519174041,0
1,261500.0,0.259567387687188,1254,167,11,1,25,4,1,0,0,0,0,0,0,0,0,1,1,0,5,0,3,5,0,0.08,0
0,105000.0,0.0,1136,150,11,1,24,2,0,0,0,0,1,0,0,0,0,1,1,0,6,0,4,1,0,0.0625,0
0,105000.0,0.0,1135,149,11,1,25,2,0,1,0,0,0,0,0,0,1,0,1,0,7,1,5,2,1,0.09558823529411764,0
1,71614.4,0.36437054631828975,1112,145,11,1,28,3,0,0,0,0,0,0,1,0,0,1,1,0,3,0,0,20,0,0.16417910447761194,1
1,81910.40000000001,0.24134851529359239,1149,151,11,1,28,1,0,0,0,1,0,0,0,1,0,0,1,0,6,0,4,23,0,0.1323529411764706,1
0,105000.0,0.0,1089,145,11,1,19,0,0,0,0,0,0,1,0,1,0,1,1,0,3,0,5,19,1,0.0898876404494382,0
1,62750.0,0.20714285714285716,862,123,10,1,14,1,0,0,0,0,1,0,0,0,0,0,1,0,5,1,5,16,1,0.09523809523809523,0
0,105000.0,0.0,711,92,6,1,28,0,0,0,0,0,0,0,1,1,1,0,1,0,3,1,4,5,0,0.09090909090909091,0
1,168500.0,0.3990498812351544,1083,144,11,1,17,3,1,0,0,0,0,0,0,1,0,1,1,0,3,1,5,22,1,0.06538461538461539,0
1,52250.0,0.328,1017,143,10,1,24,0,0,0,0,0,1,0,0,1,0,0,1,0,3,1,1,4,0,0.13157894736842105,1
0,105000.0,0.0,854,123,10,1,24,3,0,0,0,0,1,0,0,0,0,1,1,0,4,0,0,16,0,0.07027027027027027,0
1,67750.0,0.29559748427672955,908,127,10,1,13,2,0,0,0,1,0,0,0,1,0,0,0,1,6,1,3,22,0,0.06,0
1,206000.0,0.23554603854389722,1023,138,10,1,18,4,0,1,0,0,0,0,0,0,0,0,1,0,5,1,3,21,0,0.0364963503649635,0
1,45750.0,0.27358490566037735,753,96,6,1,28,2,0,0,0,0,0,0,1,0,0,0,0,1,5,0,6,9,1,0.10416666666666667,0
0,105000.0,0.0,1129,149,11,1,14,1,0,0,1,0,0,0,0,0,1,0,1,0,6,1,2,20,0,0.05394190871369295,0
1,65000.0,0.19444444444444445,695,92,6,1,25,4,0,0,0,1,0,0,0,0,0,1,1,0,3,0,3,21,0,0.14285714285714285,1
1,66250.0,0.20945945945945946,995,141,10,1,24,3,1,0,0,0,0,0,0,0,0,1,0,0,5,0,5,21,1,0.1678832116788321,1
1,179500.0,0.25304136253041365,894,123,10,1,29,4,0,0,1,0,0,0,0,0,1,0,1,0,5,0,4,17,0,0.06315789473684211,0
1,170019.19999999998,0.2107912881689833,845,119,10,1,14,3,0,1,0,0,0,0,0,0,0,1,1,0,5,0,0,3,0,0.16417910447761194,1
1,138500.0,0.23003194888178913,979,132,6,1,32,3,0,0,1,0,0,0,0,0,0,0,0,0,7,1,5,3,1,0.05782312925170068,0
1,125382.40000000001,0.3961686843155514,879,120,10,1,32,3,0,0,0,1,0,0,0,1,0,1,1,0,3,1,0,14,0,0.0708215297450425,0
1,261750.0,0.18858131487889274,741,94,6,1,33,4,1,0,0,0,0,0,0,0,0,1,1,0,6,0,2,8,0,0.1048951048951049,0
1,88000.0,0.35514018691588783,812,112,6,1,17,3,0,1,0,0,0,0,0,1,0,1,1,0,4,0,2,19,0,0.2594142259414226,1
1,121750.0,0.3090277777777778,1020,141,10,1,25,1,0,0,1,0,0,0,0,0,0,0,0,1,3,0,3,12,0,0.1111111111111111,1
1,112250.0,0.37906137184115524,975,136,10,1,14,4,0,0,0,0,1,0,0,0,0,1,1,0,3,1,5,22,1,0.03508771929824561,0
0,105000.0,0.0,1117,145,11,1,28,1,0,0,0,1,0,0,0,0,1,0,0,1,3,1,1,14,0,0.05,0
1,96500.0,0.3217391304347826,862,119,10,1,26,4,0,0,0,0,1,0,0,0,1,0,1,0,4,1,3,10,0,0.12094395280235988,1
0,105000.0,0.0,1291,171,11,1,24,2,0,0,0,0,1,0,0,1,0,1,1,0,6,0,0,9,0,0.03571428571428571,0
1,69750.0,0.34911242603550297,1025,143,10,1,17,0,1,0,0,0,0,0,0,0,0,0,1,0,7,0,4,0,0,0.16058394160583941,1
0,105000.0,0.0,863,116,6,1,20,1,0,0,0,0,0,1,0,0,0,0,1,0,3,0,2,6,0,0.16304347826086957,1
0,105000.0,0.0,681,91,6,1,25,4,0,1,0,0,0,0,0,0,1,0,1,0,3,0,1,17,0,0.020833333333333332,0
0,105000.0,0.0,1124,149,11,1,25,3,1,0,0,0,0,0,0,0,0,1,0,0,7,0,1,11,0,0.03076923076923077,0
0,105000.0,0.0,1039,143,10,1,13,1,0,0,0,1,0,0,0,0,1,0,1,0,5,0,5,15,1,0.1036036036036036,0
1,155000.0,0.2535211267605634,720,94,6,1,33,4,1,0,0,0,0,0,0,1,0,0,1,0,4,1,5,6,1,0.09375,0
0,105000.0,0.0,836,119,10,1,14,4,0,0,0,0,1,0,0,1,0,1,1,0,3,0,6,11,1,0.11290322580645161,1
1,64250.0,0.2751677852348993,833,117,10,1,22,4,0,0,0,0,0,1,0,0,0,1,1,0,3,1,3,6,0,0.17375886524822695,1
1,205750.0,0.24145299145299146,1144,151,11,1,26,4,0,0,0,0,1,0,0,1,0,0,0,1,7,1,1,0,0,0.0,0
0,105000.0,0.0,1289,168,11,1,28,3,0,0,0,0,0,0,1,0,0,1,0,0,4,0,3,2,0,0.10526315789473684,0
0,105000.0,0.0,1266,169,11,1,17,3,0,1,0,0,0,0,0,0,0,0,1,0,7,0,0,18,0,0.07692307692307693,0
1,49250.0,0.3305084745762712,933,125,10,1,31,1,0,0,0,0,0,0,1,0,1,0,1,0,5,1,6,7,1,0.0784313725490196,0
0,105000.0,0.0,1140,150,11,1,14,4,0,0,1,0,0,0,0,0,0,1,1,0,7,0,0,1,0,0.05063291139240506,0
1,326250.0,0.1925207756232687,903,119,6,1,32,3,0,0,1,0,0,0,0,1,0,0,1,0,6,0,6,6,1,0.02564102564102564,0
1,55000.0,0.32061068702290074,761,100,6,1,18,0,0,0,0,0,1,0,0,0,1,0,1,0,7,1,0,14,0,0.0945945945945946,0
1,370000.0,0.25471698113207547,798,110,6,1,17,3,0,1,0,0,0,0,0,0,1,0,1,0,3,0,5,23,1,0.05063291139240506,0
1,95250.0,0.3924050632911392,730,96,6,1,33,1,1,0,0,0,0,0,0,0,0,1,1,0,6,0,0,19,0,0.13855421686746988,1
0,105000.0,0.0,983,139,10,1,15,3,0,0,1,0,0,0,0,1,1,0,1,0,3,0,2,20,0,0.058823529411764705,0
1,105000.0,0.3969465648854962,851,114,6,1,13,3,0,0,0,1,0,0,0,0,0,1,0,1,4,0,0,15,0,0.08695652173913043,0
1,135250.0,0.345565749235474,673,90,6,1,25,4,0,0,0,1,0,0,0,0,1,0,1,0,3,1,0,22,0,0.04371584699453552,0
0,105000.0,0.0,1104,145,11,1,25,4,0,0,0,1,0,0,0,0,0,0,1,0,3,1,5,22,1,0.1276595744680851,1
0,105000.0,0.0,832,108,6,1,22,4,0,0,0,0,0,1,0,0,1,0,1,0,4,0,6,0,1,0.0,0
0,105000.0,0.0,824,112,6,1,19,0,1,0,0,0,0,0,0,0,0,1,1,0,4,0,6,14,1,0.07368421052631578,0
1,224750.0,0.39464285714285713,682,92,6,1,18,4,0,1,0,0,0,0,0,0,0,0,1,0,4,0,0,2,0,0.08450704225352113,0
1,78500.0,0.29347826086956524,1282,170,11,1,14,4,0,0,0,0,1,0,0,0,1,0,1,0,5,0,4,19,0,0.1487603305785124,1
1,127250.0,0.38924050632911394,1267,166,11,1,25,2,0,1,0,0,0,0,0,1,1,0,1,0,5,0,5,8,1,0.12244897959183673,1
1,102500.0,0.340080971659919,909,128,10,1,14,4,0,0,0,0,1,0,0,0,0,0,0,1,7,0,1,14,0,0.045454545454545456,0
1,92500.0,0.26291079812206575,1117,147,11,1,28,3,0,0,0,0,0,0,1,1,0,0,1,0,3,0,3,8,0,0.20588235294117646,1
1,165750.0,0.23670212765957446,681,92,6,1,15,3,1,0,0,0,0,0,0,1,0,0,1,0,6,0,3,17,0,0.14705882352941177,1
0,105000.0,0.0,1102,146,11,1,22,4,0,0,0,0,0,1,0,1,1,0,1,0,3,1,0,6,0,0.0975609756097561,0
0,105000.0,0.0,713,94,6,1,24,3,0,0,0,0,1,0,0,0,0,1,0,1,5,1,5,13,1,0.012987012987012988,0
1,105750.0,0.25206611570247933,681,92,6,1,18,2,1,0,0,0,0,0,0,0,0,0,1,0,5,0,2,15,0,0.1956521739130435,1
0,105000.0,0.0,979,139,10,1,14,2,0,0,1,0,0,0,0,0,1,0,1,0,3,0,3,14,0,0.08771929824561403,0
1,57000.0,0.3829787234042553,906,123,10,1,20,1,0,0,0,0,0,1,0,0,0,1,0,0,5,0,0,8,0,0.1956521739130435,1
1,306758.39999999997,0.24595623215984777,716,96,6,1,33,4,1,0,0,0,0,0,0,1,1,0,1,0,5,1,3,5,0,0.05339805825242718,0
1,133500.0,0.2939297124600639,942,129,10,1,28,3,0,0,0,1,0,0,0,1,0,0,1,0,6,0,2,2,0,0.05555555555555555,0
0,105000.0,0.0,1061,143,10,1,23,3,0,1,0,0,0,0,0,1,0,1,1,0,7,0,0,9,0,0.041666666666666664,0
1,126750.0,0.23344947735191637,975,137,10,1,24,3,1,0,0,0,0,0,0,0,0,1,1,0,3,1,2,2,0,0.061488673139158574,0
0,105000.0,0.0,1273,167,11,1,32,0,0,0,0,1,0,0,0,0,0,1,0,1,4,1,4,13,0,0.07954545454545454,0
0,105000.0,0.0,1147,151,11,1,25,1,0,0,1,0,0,0,0,0,0,1,1,0,7,1,3,6,0,0.05357142857142857,0
0,105000.0,0.0,1063,145,10,1,28,2,0,0,0,0,0,0,1,1,0,1,1,0,4,0,4,2,0,0.14563106796116504,1
0,105000.0,0.0,815,110,6,1,15,2,1,0,0,0,0,0,0,0,0,1,1,0,5,0,6,14,1,0.07766990291262135,0
1,82750.0,0.345,648,90,6,1,14,4,0,0,0,0,1,0,0,0,0,1,1,0,3,1,5,5,1,0.13636363636363635,1
0,105000.0,0.0,886,120,10,1,28,2,0,0,0,0,0,0,1,0,0,0,1,0,3,0,1,9,0,0.1016949152542373,0
0,105000.0,0.0,874,120,10,1,18,5,0,1,0,0,0,0,0,0,1,0,0,0,6,0,0,7,0,0.02857142857142857,0
1,86500.0,0.3121951219512195,1079,145,10,1,28,3,0,0,0,0,0,0,1,0,1,0,1,0,5,0,4,15,0,0.08571428571428572,0
1,77750.0,0.30978260869565216,922,125,10,1,24,3,0,0,0,0,0,0,1,1,0,0,1,0,5,1,5,8,1,0.15517241379310345,1
1,121500.0,0.2517985611510791,1033,145,10,1,25,1,1,0,0,0,0,0,0,0,0,1,1,0,7,0,2,7,0,0.16901408450704225,1
0,105000.0,0.0,1105,145,11,1,25,4,0,1,0,0,0,0,0,1,0,0,1,0,3,0,2,0,0,0.024390243902439025,0
1,98800.0,0.23354406842692454,1121,147,11,1,28,3,0,0,0,0,0,0,1,1,1,0,1,0,4,0,6,7,1,0.1619718309859155,1
1,237910.4,0.31645569620253167,808,112,6,1,19,4,1,0,0,0,0,0,0,0,0,1,1,0,4,1,4,12,0,0.06796116504854369,0
1,173500.0,0.31143552311435524,667,90,6,1,26,4,0,0,0,0,1,0,0,0,0,0,0,0,3,1,1,23,0,0.018072289156626505,0
1,140250.0,0.2791411042944785,874,123,10,1,16,3,0,0,1,0,0,0,0,0,0,1,1,0,5,0,5,11,1,0.05555555555555555,0
1,54250.0,0.23577235772357724,726,95,6,1,24,1,0,0,0,0,0,0,1,1,1,0,1,0,4,1,4,12,0,0.16666666666666666,1
1,86250.0,0.2835820895522388,1261,166,11,1,28,3,0,0,0,0,0,0,1,0,0,1,1,0,3,1,4,21,0,0.10112359550561797,0
1,86750.0,0.2736318407960199,1128,148,11,1,32,2,0,0,0,1,0,0,0,0,0,1,0,1,4,0,5,18,1,0.06060606060606061,0
1,63000.0,0.3741935483870968,705,92,6,1,17,5,0,0,0,1,0,0,0,0,1,0,1,0,4,1,3,19,0,0.058823529411764705,0
0,105000.0,0.0,922,124,6,1,32,3,0,0,1,0,0,0,0,0,1,0,1,0,6,0,2,8,0,0.09375,0
1,61250.0,0.39869281045751637,918,121,6,1,28,1,0,0,0,0,0,0,1,1,1,0,1,0,4,0,4,8,0,0.18604651162790697,1
1,56000.0,0.35294117647058826,1120,146,11,1,31,2,0,0,0,0,0,0,1,1,0,1,1,0,3,0,1,4,0,0.16129032258064516,1
1,83750.0,0.35784313725490197,867,120,6,1,25,1,1,0,0,0,0,0,0,0,0,0,0,1,5,0,2,14,0,0.12380952380952381,1
1,41000.0,0.17777777777777778,744,100,6,1,13,0,0,0,0,1,0,0,0,1,0,0,1,0,6,1,0,6,0,0.16071428571428573,1
1,208000.0,0.336,1115,147,11,1,16,4,0,0,1,0,0,0,0,0,0,0,1,0,4,1,0,14,0,0.03731343283582089,0
0,105000.0,0.0,1122,148,11,1,28,3,0,0,0,0,0,0,1,0,1,0,1,0,4,0,0,2,0,0.12698412698412698,1
1,190000.0,0.2608695652173913,1250,166,11,1,25,1,1,0,0,0,0,0,0,0,1,0,1,0,4,0,2,3,0,0.09375,0
1,198000.0,0.3935091277890467,1132,149,11,1,25,4,0,0,0,1,0,0,0,0,1,0,1,0,5,0,0,23,0,0.0625,0
0,105000.0,0.0,1021,140,10,1,20,4,0,0,0,0,0,1,0,1,1,0,0,1,4,0,0,20,0,0.08256880733944955,0
1,49750.0,0.19090909090909092,764,98,6,1,28,1,0,0,0,0,0,0,1,0,1,0,1,0,5,1,1,1,0,0.17391304347826086,1
0,105000.0,0.0,991,137,10,1,15,5,0,0,1,0,0,0,0,1,0,0,1,0,3,1,1,16,0,0.02536997885835095,0
1,128750.0,0.3753943217665615,860,119,10,1,16,3,0,0,1,0,0,0,0,0,0,1,1,0,4,0,5,13,1,0.06060606060606061,0
0,105000.0,0.0,848,117,10,1,29,4,0,0,1,0,0,0,0,1,0,1,1,0,3,0,3,4,0,0.041666666666666664,0
1,199250.0,0.2328159645232816,1020,143,10,1,15,4,1,0,0,0,0,0,0,0,0,1,0,1,7,0,5,3,1,0.08196721311475409,0
1,40601.6,0.23542702214188874,1050,143,10,1,24,1,0,0,0,0,0,0,1,0,0,0,1,0,4,1,2,9,0,0.18571428571428572,1
1,116500.0,0.26119402985074625,932,131,10,1,24,3,0,0,0,0,1,0,0,0,0,1,0,0,7,0,2,11,0,0.05128205128205128,0
0,105000.0,0.0,1122,148,11,1,13,3,0,1,0,0,0,0,0,0,0,1,1,0,7,0,1,1,0,0.06818181818181818,0
0,105000.0,0.0,822,118,10,1,17,5,0,0,0,1,0,0,0,1,0,1,1,0,3,0,2,20,0,0.06349206349206349,0
1,136500.0,0.3893805309734513,882,122,10,1,16,3,0,0,1,0,0,0,0,1,0,1,0,0,5,0,4,1,0,0.08396946564885496,0
1,83657.59999999999,0.2663793103448276,647,92,6,1,13,2,0,0,0,1,0,0,0,0,0,1,1,0,3,0,1,0,0,0.06097560975609756,0
0,105000.0,0.0,736,102,6,1,19,4,1,0,0,0,0,0,0,1,0,1,1,0,6,0,2,12,0,0.1016949152542373,0
1,73750.0,0.3611111111111111,768,102,6,1,25,4,0,0,0,1,0,0,0,0,0,0,0,1,5,0,0,13,0,0.024691358024691357,0
1,75500.0,0.23391812865497075,733,98,6,1,14,1,0,0,1,0,0,0,0,0,0,1,1,0,6,1,5,14,1,0.08187134502923976,0
1,146000.0,0.29239766081871343,1104,145,11,1,32,3,0,0,0,1,0,0,0,0,1,0,1,0,3,0,1,15,0,0.06060606060606061,0
0,105000.0,0.0,1081,149,10,1,18,3,0,0,1,0,0,0,0,0,1,0,1,0,6,0,6,21,1,0.059880239520958084,0
1,68500.0,0.23225806451612904,1144,151,11,1,14,0,0,0,1,0,0,0,0,0,1,0,0,0,7,0,5,1,1,0.09090909090909091,0
1,120750.0,0.33448275862068966,1059,144,10,1,32,3,0,0,0,1,0,0,0,0,0,1,1,0,3,1,6,18,1,0.05970149253731343,0
0,105000.0,0.0,882,122,10,1,18,4,0,1,0,0,0,0,0,0,0,0,0,1,7,0,3,6,0,0.016260162601626018,0
0,105000.0,0.0,1283,172,11,1,24,3,0,0,0,0,1,0,0,0,1,0,0,0,4,0,6,3,1,0.08333333333333333,0
1,60798.4,0.3718662952646239,1112,146,11,1,29,1,0,0,1,0,0,0,0,1,0,1,1,0,4,0,4,8,0,0.24,1
0,105000.0,0.0,870,122,10,1,25,4,0,0,0,1,0,0,0,0,0,0,1,0,4,0,5,14,1,0.08823529411764706,0
1,92000.0,0.2222222222222222,1037,146,10,1,24,3,0,0,0,0,1,0,0,1,0,0,0,0,5,0,4,9,0,0.16981132075471697,1
1,79393.6,0.2235923685435086,854,112,6,1,35,5,0,0,0,1,0,0,0,1,0,1,1,0,3,0,1,12,0,0.10344827586206896,0
1,157500.0,0.25,871,118,6,1,25,3,1,0,0,0,0,0,0,0,0,0,1,0,6,0,6,15,1,0.09174311926605505,0
0,105000.0,0.0,896,123,10,1,18,3,0,1,0,0,0,0,0,1,0,1,0,0,7,1,1,7,0,0.10416666666666667,0
0,105000.0,0.0,1130,150,11,1,16,3,0,0,1,0,0,0,0,0,0,1,1,0,6,0,0,8,0,0.06,0
1,160500.0,0.19154929577464788,843,117,10,1,25,2,1,0,0,0,0,0,0,0,1,0,1,0,3,1,0,8,0,0.1527777777777778,1
1,107250.0,0.3436293436293436,857,118,6,1,26,4,0,0,0,0,1,0,0,0,0,1,1,0,3,0,0,23,0,0.0970873786407767,0
0,105000.0,0.0,899,123,10,1,33,4,1,0,0,0,0,0,0,0,1,0,0,1,6,0,1,21,0,0.09090909090909091,0
1,60750.0,0.3581081081081081,1128,146,11,1,31,2,0,0,0,0,0,0,1,1,0,0,1,0,4,1,0,16,0,0.23809523809523808,1
0,105000.0,0.0,1127,147,11,1,23,0,0,1,0,0,0,0,0,1,1,0,1,0,6,0,4,14,0,0.16666666666666666,1
1,78250.0,0.3081081081081081,1120,148,11,1,24,2,0,0,0,0,0,0,1,0,1,0,1,0,4,1,1,15,0,0.2653061224489796,1
1,126984.0,0.30284920083391254,754,101,6,1,18,3,0,0,0,0,1,0,0,0,1,0,1,0,7,0,2,22,0,0.038461538461538464,0
0,105000.0,0.0,736,94,6,1,31,3,0,0,0,0,0,0,1,1,0,1,1,0,4,0,1,18,0,0.10344827586206896,0
1,125250.0,0.3519736842105263,1256,167,11,1,13,3,0,0,0,1,0,0,0,0,1,0,1,0,4,1,2,9,0,0.026200873362445413,0
1,77500.0,0.35978835978835977,865,114,6,1,32,1,0,0,0,1,0,0,0,0,1,0,0,0,3,0,4,23,0,0.1095890410958904,1
0,105000.0,0.0,1047,147,10,1,13,2,0,0,0,1,0,0,0,0,0,1,0,1,4,1,3,6,0,0.07462686567164178,0
0,105000.0,0.0,948,127,6,1,32,3,0,0,1,0,0,0,0,1,1,0,0,0,5,0,5,5,1,0.0,0
0,105000.0,0.0,879,117,6,1,28,2,0,0,0,1,0,0,0,0,1,0,1,0,4,1,2,16,0,0.029661016949152543,0
1,120500.0,0.35494880546075086,895,127,10,1,18,3,0,0,0,0,1,0,0,0,1,0,1,0,6,0,2,22,0,0.09859154929577464,0
0,105000.0,0.0,710,94,6,1,31,5,0,0,0,0,0,0,1,0,0,0,0,0,3,1,6,4,1,0.047058823529411764,0
1,128750.0,0.31699346405228757,1013,142,10,1,12,3,0,1,0,0,0,0,0,0,0,0,0,1,5,1,1,3,0,0.07407407407407407,0
1,136750.0,0.22402597402597402,912,126,10,1,33,1,1,0,0,0,0,0,0,0,1,0,0,0,7,0,2,17,0,0.1875,1
1,156000.0,0.370757180156658,722,96,6,1,25,1,1,0,0,0,0,0,0,0,0,1,0,0,6,0,6,2,1,0.045454545454545456,0
0,105000.0,0.0,848,120,10,1,15,4,1,0,0,0,0,0,0,1,0,1,1,0,6,0,6,11,1,0.05102040816326531,0
1,189500.0,0.2966292134831461,850,119,10,1,12,3,0,1,0,0,0,0,0,1,1,0,1,0,5,1,3,19,0,0.15584415584415584,1
1,96500.0,0.3217391304347826,1069,144,10,1,22,3,0,0,0,0,0,1,0,0,0,0,1,0,6,0,6,19,1,0.17142857142857143,1
1,81577.59999999999,0.19244065452869327,1252,166,11,1,18,1,0,1,0,0,0,0,0,1,0,1,1,0,5,0,2,17,0,0.12121212121212122,1
1,116500.0,0.3416370106761566,1090,151,10,1,13,3,0,0,0,1,0,0,0,0,0,1,1,0,6,0,0,21,0,0.06666666666666667,0
1,92250.0,0.3815789473684211,874,123,10,1,13,1,0,1,0,0,0,0,0,0,0,0,1,0,7,0,4,20,0,0.043478260869565216,0
1,73000.0,0.3218390804597701,900,125,10,1,32,3,0,0,1,0,0,0,0,0,0,0,0,1,4,0,0,22,0,0.14903846153846154,1
0,105000.0,0.0,705,96,6,1,14,4,0,0,0,0,1,0,0,0,0,1,1,0,5,0,5,13,1,0.07,0
0,105000.0,0.0,876,123,10,1,19,4,1,0,0,0,0,0,0,0,1,0,1,0,5,1,1,14,0,0.07874015748031496,0
1,136500.0,0.3701492537313433,870,121,10,1,24,4,0,0,0,0,0,0,1,0,1,0,0,1,3,0,1,13,0,0.16049382716049382,1
1,89750.0,0.39732142857142855,920,128,10,1,14,1,0,0,1,0,0,0,0,0,0,1,1,0,7,0,0,15,0,0.17647058823529413,1
1,115793.6,0.37326515704894087,1111,147,11,1,18,1,1,0,0,0,0,0,0,1,0,0,1,0,6,0,3,5,0,0.1724137931034483,1
0,105000.0,0.0,896,118,6,1,25,4,0,0,0,1,0,0,0,0,0,1,1,0,5,1,1,18,0,0.03409090909090909,0
1,106000.0,0.34375,705,94,6,1,15,1,1,0,0,0,0,0,0,1,1,0,1,0,7,0,2,23,0,0.16666666666666666,1
0,105000.0,0.0,745,100,6,1,14,4,0,0,0,0,1,0,0,0,0,1,1,0,7,1,6,16,1,0.03529411764705882,0
0,105000.0,0.0,783,104,6,1,24,4,0,0,0,0,1,0,0,1,0,1,1,0,7,0,3,4,0,0.03278688524590164,0
1,190750.0,0.386892177589852,1264,169,11,1,19,4,1,0,0,0,0,0,0,0,0,1,1,0,5,0,5,17,1,0.05,0
1,58385.6,0.19833119383825415,1249,165,11,1,18,2,0,0,1,0,0,0,0,0,0,0,1,0,3,1,3,5,0,0.08,0
1,59000.0,0.3262411347517731,1304,174,11,1,24,1,0,0,0,0,1,0,0,0,0,1,1,0,6,0,0,10,0,0.08771929824561403,0
0,105000.0,0.0,912,123,10,1,28,1,0,0,0,0,0,0,1,1,1,0,1,0,4,1,2,5,0,0.1791044776119403,1
0,105000.0,0.0,851,114,6,1,17,3,0,1,0,0,0,0,0,1,0,1,1,0,6,1,2,21,0,0.08045977011494253,0
1,101250.0,0.3401639344262295,708,96,6,1,25,1,0,0,1,0,0,0,0,1,0,0,0,1,4,1,6,23,1,0.10869565217391304,1
1,144622.4,0.18269733403031885,822,116,10,1,18,3,0,0,0,0,1,0,0,0,1,0,1,0,3,0,1,0,0,0.10638297872340426,0
1,134500.0,0.27009646302250806,647,88,6,1,15,3,1,0,0,0,0,0,0,0,0,0,0,0,3,0,5,9,1,0.05454545454545454,0
1,105000.0,0.25,741,98,6,1,25,1,0,1,0,0,0,0,0,0,1,0,1,0,7,0,1,18,0,0.11904761904761904,1
0,105000.0,0.0,890,124,10,1,19,4,1,0,0,0,0,0,0,0,1,0,0,1,5,0,2,17,0,0.04819277108433735,0
1,71250.0,0.3333333333333333,1139,148,11,1,31,2,0,0,0,0,0,0,1,0,1,0,1,0,4,1,5,17,1,0.12962962962962962,1
0,105000.0,0.0,705,92,6,1,12,3,0,1,0,0,0,0,0,0,0,0,1,0,6,0,2,1,0,0.1875,1
0,105000.0,0.0,835,111,6,1,18,1,0,1,0,0,0,0,0,1,0,0,1,0,3,0,3,18,0,0.21428571428571427,1
1,65750.0,0.18620689655172415,751,97,6,1,18,1,0,0,1,0,0,0,0,0,1,0,1,0,6,0,2,20,0,0.18,1
0,105000.0,0.0,859,119,6,1,19,4,1,0,0,0,0,0,0,1,0,0,1,0,4,0,4,2,0,0.027777777777777776,0
1,153000.0,0.23631123919308358,1282,171,11,1,18,3,1,0,0,0,0,0,0,1,0,1,0,0,7,0,4,0,0,0.10300429184549356,0
0,105000.0,0.0,715,94,6,1,20,3,0,0,0,0,0,1,0,0,1,0,1,0,4,0,0,2,0,0.07692307692307693,0
1,72500.0,0.3888888888888889,891,122,6,1,18,2,0,0,0,0,1,0,0,1,0,0,1,0,6,0,0,0,0,0.11956521739130435,1
0,105000.0,0.0,1294,171,11,1,29,2,0,0,1,0,0,0,0,1,0,1,1,0,4,0,0,7,0,0.23655913978494625,1
1,36250.0,0.29411764705882354,910,124,10,1,18,0,0,0,1,0,0,0,0,0,0,1,0,0,6,0,6,0,1,0.14285714285714285,1
0,105000.0,0.0,862,120,10,1,14,3,0,1,0,0,0,0,0,1,0,0,1,0,6,0,4,11,0,0.0847457627118644,0
1,208250.0,0.19696969696969696,819,110,6,1,25,3,1,0,0,0,0,0,0,0,1,0,1,0,3,1,5,19,1,0.05357142857142857,0
1,121500.0,0.21978021978021978,1062,147,10,1,13,3,0,0,0,1,0,0,0,1,0,0,1,0,6,0,6,23,1,0.08620689655172414,0
0,105000.0,0.0,1273,166,11,1,23,3,0,1,0,0,0,0,0,0,1,0,0,0,5,0,3,9,0,0.09375,0
0,105000.0,0.0,713,96,6,1,26,4,0,0,0,0,1,0,0,0,0,1,1,0,5,1,3,13,0,0.0,0
0,105000.0,0.0,808,117,10,1,19,3,1,0,0,0,0,0,0,0,0,1,0,1,3,0,2,7,0,0.0625,0
0,105000.0,0.0,890,124,10,1,14,4,0,0,0,0,1,0,0,0,0,0,1,0,6,0,0,12,0,0.01098901098901099,0
1,32250.0,0.2328767123287671,1132,148,11,1,28,0,0,0,0,0,0,0,1,0,0,0,1,0,4,0,2,21,0,0.14705882352941177,1
1,111750.0,0.29389312977099236,867,120,10,1,13,1,0,1,0,0,0,0,0,0,1,0,1,0,6,0,0,12,0,0.18333333333333332,1
1,115000.0,0.2706766917293233,1140,150,11,1,35,5,0,0,0,1,0,0,0,0,0,1,0,1,5,1,6,1,1,0.03896103896103896,0
0,105000.0,0.0,1251,166,11,1,21,3,0,1,0,0,0,0,0,1,0,1,1,0,5,0,0,15,0,0.04,0
1,198500.0,0.31422505307855625,1023,142,10,1,17,3,0,1,0,0,0,0,0,1,1,0,1,0,6,0,3,21,0,0.09302325581395349,0
0,105000.0,0.0,799,108,6,1,13,4,0,1,0,0,0,0,0,0,0,0,0,1,3,0,3,15,0,0.08955223880597014,0
1,130750.0,0.39570552147239263,1063,147,10,1,25,1,0,0,1,0,0,0,0,0,0,1,1,0,5,1,1,0,0,0.047058823529411764,0
0,105000.0,0.0,737,98,6,1,28,1,0,0,0,1,0,0,0,1,0,1,1,0,5,0,5,6,1,0.11904761904761904,1
1,182750.0,0.28805620608899296,656,89,6,1,21,4,1,0,0,0,0,0,0,1,0,0,1,0,4,1,4,4,0,0.054945054945054944,0
1,52500.0,0.20512820512820512,1139,148,11,1,28,1,0,0,0,0,0,0,1,0,1,0,1,0,5,0,4,7,0,0.2,1
1,93250.0,0.19806763285024154,1250,166,11,1,17,3,0,1,0,0,0,0,0,1,0,0,1,0,4,1,1,10,0,0.15217391304347827,1
0,105000.0,0.0,721,96,6,1,17,1,1,0,0,0,0,0,0,0,0,0,1,0,7,0,4,15,0,0.1282051282051282,1
1,87318.4,0.2839329517579722,1047,148,10,1,24,3,1,0,0,0,0,0,0,1,0,0,1,0,7,1,2,11,0,0.125,1
1,45500.0,0.3148148148148148,896,121,10,1,31,1,0,0,0,0,0,0,1,0,0,0,1,0,3,0,5,22,1,0.14285714285714285,1
1,186000.0,0.38961038961038963,814,117,10,1,14,5,0,0,0,0,1,0,0,0,0,1,1,0,3,1,2,2,0,0.05016722408026756,0
1,106371.2,0.23167358229598903,922,122,6,1,28,3,0,0,0,1,0,0,0,1,0,0,1,0,6,1,1,0,0,0.10869565217391304,1
1,69430.40000000001,0.19345238095238101,1315,173,11,1,28,3,0,0,0,0,0,0,1,1,0,1,1,0,5,0,5,15,1,0.125,1
0,105000.0,0.0,938,130,10,1,19,4,1,0,0,0,0,0,0,0,0,0,0,0,7,1,3,13,0,0.012987012987012988,0
0,105000.0,0.0,912,125,10,1,29,2,0,0,1,0,0,0,0,0,0,1,1,0,5,0,0,11,0,0.09259259259259259,0
1,121500.0,0.3006993006993007,865,116,6,1,21,2,0,1,0,0,0,0,0,0,0,1,0,0,6,1,5,19,1,0.12947658402203857,1
0,105000.0,0.0,1315,173,11,1,31,4,0,0,0,0,0,0,1,0,1,0,1,0,5,1,2,13,0,0.04838709677419355,0
0,105000.0,0.0,847,117,10,1,20,4,0,0,0,0,0,1,0,0,0,0,0,0,3,0,5,17,1,0.07142857142857142,0
0,105000.0,0.0,819,112,6,1,15,2,0,0,1,0,0,0,0,1,1,0,1,0,3,0,1,5,0,0.11904761904761904,1
0,105000.0,0.0,1125,149,11,1,25,4,0,0,0,1,0,0,0,1,0,0,1,0,5,0,5,22,1,0.06153846153846154,0
0,105000.0,0.0,711,92,6,1,28,2,0,0,0,0,0,0,1,0,0,1,1,0,3,0,6,9,1,0.09146341463414634,0
1,86500.0,0.21649484536082475,1253,166,11,1,26,4,0,0,0,0,1,0,0,0,0,1,1,0,3,1,6,19,1,0.022222222222222223,0
1,38250.0,0.2413793103448276,722,96,6,1,24,1,0,0,0,0,0,0,1,0,0,0,1,0,4,1,2,9,0,0.19548872180451127,1
1,86798.4,0.29513888888888895,667,88,6,1,22,2,0,0,0,0,0,1,0,0,1,0,1,0,3,0,5,17,1,0.09375,0
1,179250.0,0.29285714285714287,830,116,10,1,25,3,0,1,0,0,0,0,0,0,0,1,1,0,3,0,6,19,1,0.0846774193548387,0
0,105000.0,0.0,833,112,6,1,25,5,0,1,0,0,0,0,0,0,0,1,0,0,4,1,0,13,0,0.0,0
1,177000.0,0.21662468513853905,1116,147,11,1,16,3,0,0,1,0,0,0,0,0,1,0,1,0,4,1,4,18,0,0.08179012345679013,0
1,148990.4,0.3600045787545788,1282,171,11,1,13,4,0,0,0,1,0,0,0,0,0,0,1,0,4,0,1,8,0,0.020833333333333332,0
0,105000.0,0.0,912,123,10,1,28,3,0,0,0,0,0,0,1,1,0,0,1,0,4,0,0,15,0,0.07317073170731707,0
1,107250.0,0.35,1000,141,10,1,25,1,1,0,0,0,0,0,0,0,0,1,0,1,3,0,3,2,0,0.12931034482758622,1
0,105000.0,0.0,746,99,6,1,20,3,0,0,0,0,0,1,0,0,1,0,1,0,6,0,6,15,1,0.0782608695652174,0
1,105000.0,0.24267782426778242,882,122,10,1,18,3,0,0,0,0,1,0,0,0,0,1,1,0,5,1,0,7,0,0.08888888888888889,0
1,53500.0,0.2459016393442623,935,125,10,1,28,2,0,0,0,0,0,0,1,0,0,0,0,1,5,1,5,6,1,0.1643192488262911,1
0,105000.0,0.0,1107,147,11,1,19,5,0,0,0,0,0,1,0,0,0,0,1,0,3,0,3,12,0,0.014705882352941176,0
1,88000.0,0.3157894736842105,856,120,10,1,24,1,0,0,0,0,1,0,0,0,1,0,1,0,4,0,6,13,1,0.11363636363636363,1
1,59508.799999999996,0.2493880048959608,1275,167,11,1,28,2,0,0,0,0,0,0,1,1,0,1,1,0,4,0,4,6,0,0.15555555555555556,1
1,70500.0,0.21518987341772153,765,104,6,1,26,4,0,0,0,0,1,0,0,0,0,1,1,0,7,0,2,12,0,0.11842105263157894,1
0,105000.0,0.0,687,92,6,1,26,4,0,0,0,0,1,0,0,1,0,1,1,0,3,0,5,3,1,0.0392156862745098,0
0,105000.0,0.0,818,117,10,1,13,0,0,0,0,1,0,0,0,0,0,1,0,1,3,0,3,12,0,0.07407407407407407,0
0,105000.0,0.0,920,125,10,1,20,2,0,0,0,0,0,1,0,0,1,0,1,0,6,0,3,2,0,0.10810810810810811,1
1,67250.0,0.3795180722891566,1114,146,11,1,32,1,0,0,0,1,0,0,0,0,0,1,1,0,3,0,2,9,0,0.17857142857142858,1
1,124500.0,0.3883495145631068,1270,169,11,1,14,3,0,0,0,0,1,0,0,0,0,1,1,0,6,0,0,10,0,0.13333333333333333,1
1,87500.0,0.27586206896551724,706,94,6,1,13,2,0,0,0,1,0,0,0,0,1,0,1,0,4,0,0,10,0,0.05714285714285714,0
0,105000.0,0.0,1133,151,11,1,24,1,0,0,0,0,1,0,0,0,1,0,1,0,6,0,2,4,0,0.109375,1
0,105000.0,0.0,1103,147,11,1,16,3,0,0,1,0,0,0,0,1,0,0,1,0,4,0,6,2,1,0.045454545454545456,0
0,105000.0,0.0,1089,148,10,1,35,5,0,0,0,1,0,0,0,0,0,1,1,0,5,0,3,7,0,0.06896551724137931,0
1,106000.0,0.35019455252918286,1264,169,11,1,14,2,0,0,1,0,0,0,0,0,0,1,1,0,4,0,5,2,1,0.16666666666666666,1
1,61500.0,0.33783783783783783,904,122,10,1,28,1,0,0,0,0,0,0,1,0,1,0,1,0,4,1,4,7,0,0.1984732824427481,1
0,105000.0,0.0,849,118,10,1,13,4,0,0,0,1,0,0,0,0,1,0,1,0,3,0,5,0,1,0.0,0
1,54500.0,0.3851851851851852,1288,168,11,1,28,1,0,0,0,0,0,0,1,0,1,0,1,0,5,1,1,7,0,0.1348314606741573,1
0,105000.0,0.0,819,117,10,1,14,4,0,0,0,0,1,0,0,0,1,0,1,0,3,0,5,7,1,0.08823529411764706,0
0,105000.0,0.0,1100,146,11,1,24,4,0,0,0,0,0,0,1,0,0,1,1,0,3,1,2,21,0,0.08333333333333333,0
1,58750.0,0.20610687022900764,995,137,10,1,20,2,0,0,0,0,0,1,0,1,0,0,0,0,3,1,6,18,1,0.1801470588235294,1
0,105000.0,0.0,928,121,6,1,28,3,0,0,0,1,0,0,0,0,1,0,1,0,6,0,1,4,0,0.04054054054054054,0
1,152500.0,0.2768361581920904,732,98,6,1,25,3,1,0,0,0,0,0,0,0,0,1,1,0,7,1,6,6,1,0.13157894736842105,1
1,68500.0,0.38823529411764707,747,98,6,1,17,5,0,0,0,1,0,0,0,0,0,0,1,0,5,0,2,18,0,0.1368421052631579,1
0,105000.0,0.0,894,123,10,1,17,5,0,0,0,1,0,0,0,1,0,0,1,0,5,0,6,11,1,0.07534246575342465,0
0,105000.0,0.0,1277,170,11,1,28,4,0,0,0,0,0,0,1,0,1,0,1,0,3,0,2,13,0,0.043010752688172046,0
1,153250.0,0.3159340659340659,662,90,6,1,19,3,1,0,0,0,0,0,0,0,0,1,1,0,4,0,1,12,0,0.0703125,0
0,105000.0,0.0,869,112,6,1,28,3,0,0,0,0,0,0,1,0,0,1,1,0,4,1,0,14,0,0.04895104895104895,0
1,102250.0,0.2217391304347826,684,89,6,1,14,1,0,1,0,0,0,0,0,1,0,0,1,0,5,1,6,12,1,0.1762114537444934,1
1,49500.0,0.3770491803278688,1096,145,11,1,17,5,0,0,0,1,0,0,0,0,0,0,1,0,3,0,3,5,0,0.06060606060606061,0
0,105000.0,0.0,912,124,10,1,33,4,1,0,0,0,0,0,0,1,0,0,1,0,7,0,4,16,0,0.07526881720430108,0
1,77250.0,0.35638297872340424,758,102,6,1,32,3,0,0,1,0,0,0,0,1,0,1,1,0,6,0,6,12,1,0.21311475409836064,1
1,57750.0,0.31386861313868614,931,124,6,1,22,4,0,0,0,0,0,1,0,0,0,1,1,0,6,0,6,20,1,0.21428571428571427,1
0,105000.0,0.0,687,94,6,1,19,1,1,0,0,0,0,0,0,0,0,1,1,0,5,1,1,12,0,0.0926517571884984,0
1,69000.0,0.3953488372093023,901,122,6,1,24,2,0,0,0,0,1,0,0,1,0,1,0,0,5,0,1,10,0,0.15328467153284672,1
0,105000.0,0.0,738,100,6,1,25,1,0,0,1,0,0,0,0,0,0,1,0,0,5,0,5,9,1,0.1111111111111111,1
1,175250.0,0.2297979797979798,718,98,6,1,33,3,1,0,0,0,0,0,0,0,0,1,1,0,6,0,5,21,1,0.05555555555555555,0
1,166750.0,0.22606382978723405,1138,151,11,1,19,4,1,0,0,0,0,0,0,0,1,0,1,0,6,0,4,5,0,0.07303370786516854,0
1,92750.0,0.2903225806451613,976,128,6,1,35,5,0,0,0,1,0,0,0,0,0,0,1,0,6,0,4,2,0,0.08045977011494253,0
0,105000.0,0.0,658,88,6,1,14,1,0,1,0,0,0,0,0,0,1,0,1,0,3,0,6,0,1,0.06382978723404255,0
0,105000.0,0.0,911,117,6,1,29,1,0,0,1,0,0,0,0,1,0,0,1,0,6,0,2,9,0,0.17567567567567569,1
1,76250.0,0.3862433862433862,892,122,10,1,28,2,0,0,0,0,0,0,1,0,1,0,1,0,4,1,5,18,1,0.17201166180758018,1
0,105000.0,0.0,906,118,6,1,24,3,0,0,0,0,0,0,1,0,1,0,1,0,5,0,3,4,0,0.06493506493506493,0
0,105000.0,0.0,1133,157,10,1,32,3,0,0,1,0,0,0,0,0,0,0,1,0,7,0,6,8,1,0.06,0
1,85000.0,0.22916666666666666,776,98,6,1,28,3,0,0,0,0,0,0,1,1,1,0,1,0,5,0,1,17,0,0.1566265060240964,1
1,169000.0,0.24870466321243523,891,121,10,1,32,4,0,0,0,1,0,0,0,0,0,1,1,0,3,0,3,14,0,0.047619047619047616,0
1,74750.0,0.3202247191011236,914,128,10,1,26,4,0,0,0,0,1,0,0,0,0,1,1,0,6,0,1,8,0,0.06896551724137931,0
1,91250.0,0.3991228070175439,1011,139,10,1,18,2,0,0,1,0,0,0,0,0,1,0,1,0,4,0,1,15,0,0.034482758620689655,0
1,106000.0,0.2109704641350211,1132,148,11,1,32,3,0,0,0,1,0,0,0,1,0,1,1,0,4,0,0,7,0,0.11290322580645161,1
1,117750.0,0.3979591836734694,951,130,10,1,35,5,0,0,0,1,0,0,0,0,0,1,1,0,6,0,3,18,0,0.06493506493506493,0
1,94000.0,0.3508771929824561,1285,170,11,1,32,3,0,0,1,0,0,0,0,0,0,0,1,0,5,1,4,5,0,0.10778443113772455,1
0,105000.0,0.0,1162,153,11,1,32,3,0,0,1,0,0,0,0,1,0,1,1,0,7,0,3,21,0,0.1388888888888889,1
1,172598.4,0.21028793270786153,1096,145,11,1,24,4,0,0,0,0,1,0,0,0,0,1,1,0,3,0,3,18,0,0.07142857142857142,0
1,105250.0,0.1853448275862069,704,93,6,1,14,2,0,0,1,0,0,0,0,1,0,0,1,0,5,0,5,7,1,0.21212121212121213,1
1,69929.59999999999,0.3910026322086624,708,90,6,1,31,2,0,0,0,0,0,0,1,0,1,0,1,0,3,0,6,8,1,0.17901234567901234,1
1,121000.0,0.24,1273,169,11,1,25,4,0,0,0,1,0,0,0,1,0,0,1,0,5,0,5,2,1,0.14285714285714285,1
1,70250.0,0.34705882352941175,927,121,6,1,22,1,0,0,0,0,0,1,0,1,0,0,1,0,6,1,4,7,0,0.18333333333333332,1
1,142500.0,0.3235294117647059,1160,152,11,1,32,3,0,0,1,0,0,0,0,0,0,1,1,0,6,0,6,0,1,0.06521739130434782,0
0,105000.0,0.0,1263,167,11,1,33,0,1,0,0,0,0,0,0,1,0,1,1,0,5,0,2,15,0,0.07777777777777778,0
0,105000.0,0.0,995,141,10,1,14,4,0,0,0,0,1,0,0,0,0,1,1,0,4,0,4,15,0,0.014705882352941176,0
1,154500.0,0.22922636103151864,1279,167,11,1,28,5,0,0,0,0,0,0,1,1,1,0,1,0,4,1,6,20,1,0.09859154929577464,0
0,105000.0,0.0,1058,143,10,1,28,3,0,0,0,0,0,0,1,0,0,0,1,0,4,0,6,0,1,0.09578544061302682,0
0,105000.0,0.0,905,120,6,1,17,5,0,0,0,1,0,0,0,0,0,1,0,1,6,1,0,20,0,0.05078125,0
0,105000.0,0.0,999,139,10,1,18,3,0,0,1,0,0,0,0,0,0,0,1,0,4,0,2,15,0,0.05555555555555555,0
1,104500.0,0.3008130081300813,731,98,6,1,25,1,0,0,1,0,0,0,0,1,0,1,1,0,5,0,6,1,1,0.07142857142857142,0
1,168750.0,0.23759791122715404,677,92,6,1,12,3,0,1,0,0,0,0,0,0,0,1,0,1,5,0,0,22,0,0.05970149253731343,0
1,77000.0,0.2696629213483146,855,115,6,1,17,3,0,1,0,0,0,0,0,0,1,0,1,0,5,0,2,14,0,0.125,1
0,105000.0,0.0,643,90,6,1,21,3,0,1,0,0,0,0,0,0,0,1,0,1,3,0,3,10,0,0.05263157894736842,0
1,151500.0,0.22807017543859648,881,123,10,1,33,4,1,0,0,0,0,0,0,1,1,0,1,0,6,1,5,10,1,0.08762886597938144,0
1,121750.0,0.1962962962962963,812,110,6,1,13,2,0,1,0,0,0,0,0,0,0,1,1,0,4,1,0,23,0,0.043478260869565216,0
1,161250.0,0.24728260869565216,679,92,6,1,24,3,1,0,0,0,0,0,0,0,1,0,1,0,4,0,4,7,0,0.1111111111111111,1
0,105000.0,0.0,860,118,10,1,29,1,0,0,1,0,0,0,0,1,1,0,1,0,3,0,4,10,0,0.08108108108108109,0
0,105000.0,0.0,1056,147,10,1,24,3,1,0,0,0,0,0,0,0,1,0,0,0,6,0,3,19,0,0.10784313725490197,1
0,105000.0,0.0,908,129,10,1,24,1,0,0,0,0,1,0,0,0,0,1,0,1,6,0,2,1,0,0.08490566037735849,0
1,86000.0,0.18947368421052632,1099,145,11,1,19,4,1,0,0,0,0,0,0,0,0,1,1,0,3,0,4,11,0,0.037037037037037035,0
1,101000.0,0.2510822510822511,1097,145,11,1,26,4,0,0,0,0,1,0,0,1,0,0,1,0,3,0,0,3,0,0.09615384615384616,0
0,105000.0,0.0,875,116,6,1,15,2,0,0,1,0,0,0,0,1,0,1,1,0,5,0,0,17,0,0.07142857142857142,0
1,129022.40000000001,0.35573227302849575,872,117,6,1,14,4,0,0,0,0,1,0,0,1,1,0,1,0,5,0,0,15,0,0.18181818181818182,1
1,211750.0,0.23173277661795408,1262,166,11,1,25,4,0,1,0,0,0,0,0,0,0,1,1,0,5,0,0,17,0,0.09090909090909091,0
1,78500.0,0.3473684210526316,772,98,6,1,31,3,0,0,0,0,0,0,1,1,0,1,1,0,5,0,6,4,1,0.25477707006369427,1
1,113500.0,0.3490909090909091,1033,141,10,1,26,4,0,0,0,0,1,0,0,1,0,1,0,0,4,1,4,13,0,0.10638297872340426,0
0,105000.0,0.0,1045,146,10,1,18,1,0,0,0,0,1,0,0,0,0,1,1,0,5,1,0,9,0,0.13076923076923078,1
1,96750.0,0.3875,705,94,6,1,25,1,0,1,0,0,0,0,0,1,0,0,1,0,5,1,1,8,0,0.12745098039215685,1
1,98000.0,0.18518518518518517,1106,148,11,1,13,2,0,0,0,1,0,0,0,0,1,0,1,0,4,0,6,10,1,0.12222222222222222,1
1,107500.0,0.35877862595419846,1269,167,11,1,25,1,1,0,0,0,0,0,0,0,0,1,1,0,6,1,2,21,0,0.09722222222222222,0
0,105000.0,0.0,722,96,6,1,17,5,0,0,0,1,0,0,0,0,0,1,0,0,5,0,0,3,0,0.05,0
1,100500.0,0.36585365853658536,1034,145,10,1,17,3,0,1,0,0,0,0,0,0,0,0,1,0,5,1,6,2,1,0.1411764705882353,1
0,105000.0,0.0,801,108,6,1,21,2,0,1,0,0,0,0,0,0,0,1,0,1,3,0,3,3,0,0.08943089430894309,0
1,125236.8,0.364389515143284,844,117,10,1,25,1,0,0,1,0,0,0,0,0,1,0,1,0,3,1,1,4,0,0.11038961038961038,1
1,138000.0,0.21359223300970873,671,92,6,1,14,3,0,0,1,0,0,0,0,1,0,1,1,0,4,1,2,23,0,0.06451612903225806,0
1,84000.0,0.2222222222222222,783,102,6,1,35,5,0,0,0,1,0,0,0,0,1,0,1,0,6,0,2,18,0,0.03125,0
0,105000.0,0.0,757,101,6,1,32,3,0,0,1,0,0,0,0,1,1,0,1,0,5,0,2,1,0,0.17647058823529413,1
1,221000.0,0.25984251968503935,846,115,6,1,25,1,1,0,0,0,0,0,0,0,1,0,1,0,5,0,1,14,0,0.08849557522123894,0
0,105000.0,0.0,697,94,6,1,12,3,0,1,0,0,0,0,0,0,0,1,0,1,6,0,0,3,0,0.05747126436781609,0
1,150000.0,0.3002832861189802,979,135,10,1,18,3,0,1,0,0,0,0,0,1,0,0,1,0,3,1,4,16,0,0.15384615384615385,1
1,132750.0,0.39090909090909093,1147,152,11,1,19,4,1,0,0,0,0,0,0,0,0,1,1,0,7,0,6,15,1,0.15178571428571427,1
1,68500.0,0.38823529411764707,844,116,10,1,20,2,0,0,0,0,0,1,0,0,0,1,1,0,3,0,2,20,0,0.07575757575757576,0
1,109500.0,0.24096385542168675,1069,148,10,1,24,3,0,0,0,0,1,0,0,0,0,1,1,0,6,0,5,3,1,0.0,0
1,84500.0,0.375,1101,147,11,1,14,4,0,0,0,0,1,0,0,1,0,0,1,0,4,0,3,22,0,0.08666666666666667,0
1,68250.0,0.34545454545454546,1091,145,11,1,14,4,0,0,0,0,1,0,0,0,0,1,1,0,3,1,4,23,0,0.14285714285714285,1
1,38750.0,0.2967032967032967,929,125,10,1,28,1,0,0,0,0,0,0,1,0,0,0,0,0,5,0,1,23,0,0.1388888888888889,1
1,94500.0,0.3565217391304348,827,117,10,1,19,2,0,0,0,0,0,1,0,0,1,0,1,0,3,0,1,8,0,0.11267605633802817,1
1,61500.0,0.32653061224489793,1269,167,11,1,25,0,0,1,0,0,0,0,0,0,0,0,1,0,6,0,0,15,0,0.16216216216216217,1
1,147000.0,0.35294117647058826,682,92,6,1,13,4,0,0,0,1,0,0,0,1,0,1,0,0,4,0,3,21,0,0.058823529411764705,0
1,98250.0,0.21363636363636362,1253,166,11,1,18,2,0,0,0,0,1,0,0,0,1,0,0,1,3,1,5,8,1,0.10588235294117647,0
1,66750.0,0.19594594594594594,856,120,10,1,32,3,0,0,1,0,0,0,0,0,0,1,1,0,3,0,3,21,0,0.12,1
1,73250.0,0.29651162790697677,791,104,6,1,35,5,0,0,0,1,0,0,0,1,0,1,0,0,6,0,2,23,0,0.16129032258064516,1
1,84250.0,0.3875598086124402,875,118,6,1,17,5,0,0,0,1,0,0,0,0,0,0,1,0,5,0,4,9,0,0.25,1
1,111280.0,0.2459016393442623,825,116,10,1,14,1,0,0,1,0,0,0,0,0,1,0,1,0,3,1,4,17,0,0.1,0
0,105000.0,0.0,863,121,10,1,33,4,1,0,0,0,0,0,0,1,0,1,0,1,4,0,5,17,1,0.05154639175257732,0
1,116750.0,0.36140350877192984,893,124,10,1,14,2,0,0,1,0,0,0,0,0,1,0,1,0,5,0,5,5,1,0.07692307692307693,0
1,70500.0,0.3977272727272727,895,114,6,1,28,3,0,0,0,0,0,0,1,1,0,1,0,0,4,0,0,7,0,0.24324324324324326,1
1,68750.0,0.3231707317073171,931,122,6,1,35,5,0,0,0,1,0,0,0,0,0,0,0,1,4,1,4,5,0,0.0783132530120482,0
1,90250.0,0.35909090909090907,1132,150,11,1,26,4,0,0,0,0,1,0,0,1,1,0,1,0,6,0,3,16,0,0.21621621621621623,1
1,79750.0,0.3556701030927835,861,119,10,1,28,3,0,0,0,0,0,0,1,1,0,1,1,0,3,1,2,3,0,0.14545454545454545,1
0,105000.0,0.0,860,121,10,1,25,4,0,0,0,1,0,0,0,0,1,0,0,1,4,0,5,6,1,0.09859154929577464,0
1,114691.2,0.2543929080259617,1264,168,11,1,19,4,1,0,0,0,0,0,0,1,0,1,1,0,5,0,0,0,0,0.12244897959183673,1
1,179500.0,0.3607305936073059,1281,170,11,1,14,4,0,0,0,0,1,0,0,1,0,0,1,0,7,0,3,21,0,0.061224489795918366,0
0,105000.0,0.0,923,123,10,1,31,3,0,0,0,0,0,0,1,0,1,0,0,0,4,1,0,3,0,0.06741573033707865,0
1,200250.0,0.3850806451612903,679,94,6,1,24,4,0,0,0,0,1,0,0,0,1,0,1,0,4,0,1,13,0,0.0,0
0,105000.0,0.0,908,125,10,1,22,4,0,0,0,0,0,1,0,1,0,0,0,1,5,0,5,6,1,0.2727272727272727,1
1,87500.0,0.37209302325581395,752,98,6,1,20,3,0,0,0,0,0,1,0,1,0,1,1,0,6,1,4,20,0,0.12903225806451613,1
0,105000.0,0.0,874,120,10,1,32,3,0,0,0,1,0,0,0,1,0,1,1,0,4,1,0,16,0,0.0625,0
1,136500.0,0.21568627450980393,729,98,6,1,24,3,0,0,0,0,1,0,0,0,1,0,1,0,5,0,4,10,0,0.19047619047619047,1
0,105000.0,0.0,744,102,6,1,19,4,1,0,0,0,0,0,0,0,0,1,1,0,6,1,2,8,0,0.03076923076923077,0
1,87131.2,0.39070303495966197,907,120,6,1,17,5,0,0,0,1,0,0,0,1,0,1,0,1,6,0,0,0,0,0.18181818181818182,1
1,170250.0,0.1984126984126984,1141,151,11,1,25,1,0,0,1,0,0,0,0,0,0,0,1,0,6,1,6,11,1,0.07142857142857142,0
1,211750.0,0.345703125,676,91,6,1,17,3,0,1,0,0,0,0,0,0,1,0,1,0,4,0,6,8,1,0.1650485436893204,1
1,110250.0,0.2217741935483871,1074,147,10,1,32,3,0,0,0,1,0,0,0,1,0,1,0,0,4,0,1,10,0,0.16216216216216217,1
1,122500.0,0.3501683501683502,871,121,10,1,33,2,1,0,0,0,0,0,0,0,0,1,1,0,4,0,1,6,0,0.12931034482758622,1
0,105000.0,0.0,927,125,10,1,28,4,0,0,0,0,0,0,1,1,1,0,0,1,5,0,1,9,0,0.10434782608695652,0
1,68000.0,0.32098765432098764,995,138,10,1,26,4,0,0,0,0,1,0,0,1,0,0,1,0,3,1,2,15,0,0.14285714285714285,1
1,158250.0,0.3643410852713178,722,96,6,1,17,5,0,0,0,1,0,0,0,0,0,1,1,0,4,1,2,8,0,0.04838709677419355,0
1,76750.0,0.30386740331491713,745,96,6,1,28,3,0,0,0,0,0,0,1,0,0,1,1,0,4,0,4,10,0,0.14450867052023122,1
0,105000.0,0.0,924,129,10,1,24,4,0,0,0,0,1,0,0,1,0,0,1,0,6,0,5,17,1,0.03592814371257485,0
0,105000.0,0.0,690,93,6,1,17,3,0,1,0,0,0,0,0,0,1,0,1,0,4,1,2,21,0,0.08598726114649681,0
1,73750.0,0.35195530726256985,1113,146,11,1,28,2,0,0,0,1,0,0,0,0,0,0,1,0,4,0,6,22,1,0.03333333333333333,0
0,105000.0,0.0,1133,149,11,1,29,1,0,0,1,0,0,0,0,1,0,1,1,0,5,1,6,7,1,0.15350877192982457,1
1,237500.0,0.3925549915397631,762,102,6,1,32,3,0,0,1,0,0,0,0,0,1,0,1,0,6,0,2,19,0,0.06306306306306306,0
0,105000.0,0.0,1279,168,11,1,15,3,0,0,1,0,0,0,0,0,0,1,1,0,6,1,0,17,0,0.06818181818181818,0
1,34750.0,0.19480519480519481,1142,148,11,1,31,0,0,0,0,0,0,0,1,0,0,1,1,0,5,0,4,15,0,0.09009009009009009,0
0,105000.0,0.0,1265,168,11,1,24,3,0,0,0,0,1,0,0,0,0,1,1,0,4,1,0,12,0,0.051094890510948905,0
1,215000.0,0.3235867446393762,884,122,10,1,21,3,0,1,0,0,0,0,0,1,1,0,0,0,6,0,0,10,0,0.07916666666666666,0
0,105000.0,0.0,757,98,6,1,22,2,0,0,0,0,0,1,0,0,1,0,1,0,6,0,5,6,1,0.10975609756097561,1
1,182500.0,0.3101851851851852,708,93,6,1,21,3,0,1,0,0,0,0,0,0,1,0,1,0,5,0,3,8,0,0.09663865546218488,0
0,105000.0,0.0,719,94,6,1,14,3,0,1,0,0,0,0,0,1,1,0,1,0,7,0,2,22,0,0.06451612903225806,0
1,94848.0,0.18831942789034573,670,90,6,1,15,1,1,0,0,0,0,0,0,1,0,1,1,0,4,0,0,10,0,0.13761467889908258,1
0,105000.0,0.0,761,97,6,1,28,3,0,0,0,0,0,0,1,0,1,0,0,1,5,1,4,9,0,0.13636363636363635,1
0,105000.0,0.0,934,129,10,1,25,4,0,0,0,1,0,0,0,0,0,1,0,1,6,1,0,12,0,0.03980099502487562,0
0,105000.0,0.0,650,90,6,1,15,3,1,0,0,0,0,0,0,0,0,1,0,1,4,0,5,19,1,0.0743801652892562,0
0,105000.0,0.0,948,128,10,1,32,3,0,0,0,1,0,0,0,0,0,1,1,0,6,1,0,16,0,0.040229885057471264,0
0,105000.0,0.0,1114,146,11,1,13,3,0,1,0,0,0,0,0,1,0,1,0,0,6,0,0,15,0,0.027777777777777776,0
1,35500.0,0.24691358024691357,929,121,6,1,28,0,0,0,0,0,0,0,1,1,0,0,1,0,5,0,5,7,1,0.14,1
1,140250.0,0.39255014326647564,1294,172,11,1,15,3,0,0,1,0,0,0,0,0,0,1,1,0,5,1,0,8,0,0.10884353741496598,1
1,107500.0,0.39552238805970147,818,110,6,1,25,2,0,1,0,0,0,0,0,0,0,0,0,0,3,0,0,12,0,0.15267175572519084,1
1,88500.0,0.23,703,96,6,1,21,4,1,0,0,0,0,0,0,1,0,1,0,1,6,0,1,22,0,0.31,1
1,84000.0,0.30303030303030304,1141,149,11,1,28,3,0,0,0,0,0,0,1,0,1,0,1,0,5,1,0,20,0,0.1532258064516129,1
1,180250.0,0.27923627684964203,1049,143,10,1,25,4,0,0,0,1,0,0,0,1,1,0,1,0,4,1,1,2,0,0.061452513966480445,0
1,69000.0,0.19607843137254902,1118,147,11,1,26,4,0,0,0,0,1,0,0,0,0,0,0,1,3,0,6,17,1,0.19117647058823528,1
1,218500.0,0.18295218295218296,656,88,6,1,13,4,0,1,0,0,0,0,0,0,0,1,0,1,3,1,3,17,0,0.05987488829311886,0
1,46500.0,0.29357798165137616,1284,170,11,1,24,2,0,0,0,0,0,0,1,0,0,0,1,0,3,1,6,5,1,0.11522633744855967,1
0,105000.0,0.0,1131,149,11,1,25,1,0,0,1,0,0,0,0,1,0,0,0,0,5,0,2,7,0,0.07608695652173914,0
1,105000.0,0.29959514170040485,812,117,10,1,25,1,1,0,0,0,0,0,0,0,0,1,0,0,3,1,6,8,1,0.08333333333333333,0
1,106000.0,0.31746031746031744,858,120,10,1,26,4,0,0,0,0,1,0,0,0,1,0,1,0,3,1,3,0,0,0.1284722222222222,1
1,88500.0,0.39819004524886875,682,92,6,1,16,1,0,0,1,0,0,0,0,1,0,1,1,0,4,0,3,11,0,0.11904761904761904,1
1,159000.0,0.37755102040816324,812,116,10,1,12,3,0,1,0,0,0,0,0,0,0,0,1,0,4,0,2,22,0,0.0,0
1,60112.0,0.25933734939759046,689,92,6,1,24,2,0,0,0,0,0,0,1,0,0,1,1,0,3,1,0,17,0,0.10606060606060606,0
1,92000.0,0.19607843137254902,1021,141,10,1,17,1,1,0,0,0,0,0,0,1,0,0,1,0,6,0,2,15,0,0.12121212121212122,1
1,58500.0,0.22727272727272727,741,92,6,1,31,2,0,0,0,0,0,0,1,1,0,1,1,0,4,0,5,20,1,0.05,0
0,105000.0,0.0,1130,148,11,1,28,5,0,0,0,0,0,0,1,1,0,0,1,0,4,0,2,22,0,0.04819277108433735,0
1,232814.40000000002,0.2577632500583703,818,116,10,1,25,4,1,0,0,0,0,0,0,1,0,1,0,0,3,1,4,14,0,0.061068702290076333,0
1,70000.0,0.36257309941520466,744,98,6,1,22,4,0,0,0,0,0,1,0,0,0,1,1,0,6,0,5,17,1,0.23809523809523808,1
1,109250.0,0.39338235294117646,668,92,6,1,17,1,1,0,0,0,0,0,0,0,0,1,0,0,5,0,2,3,0,0.1590909090909091,1
1,111750.0,0.3626373626373626,857,121,10,1,21,2,0,1,0,0,0,0,0,1,0,0,0,0,5,0,2,8,0,0.24242424242424243,1
0,105000.0,0.0,1295,171,11,1,18,4,0,0,1,0,0,0,0,0,1,0,1,0,5,1,4,9,0,0.04020100502512563,0
1,156250.0,0.23943661971830985,1118,148,11,1,28,3,0,0,0,1,0,0,0,1,1,0,1,0,4,0,1,14,0,0.140625,1
0,105000.0,0.0,1146,151,11,1,28,3,0,0,0,1,0,0,0,0,0,0,1,0,6,0,0,16,0,0.0,0
0,105000.0,0.0,1040,144,10,1,28,2,0,0,0,0,0,0,1,0,0,1,1,0,3,0,0,15,0,0.08888888888888889,0
0,105000.0,0.0,1290,170,11,1,28,2,0,0,0,0,0,0,1,0,1,0,1,0,3,0,6,9,1,0.13953488372093023,1
0,105000.0,0.0,872,121,10,1,18,0,0,1,0,0,0,0,0,0,0,1,1,0,6,0,0,11,0,0.20833333333333334,1
0,105000.0,0.0,1033,145,10,1,35,5,0,0,0,1,0,0,0,0,0,1,0,0,3,0,0,7,0,0.037267080745341616,0
1,135000.0,0.18791946308724833,1123,148,11,1,19,3,0,0,0,0,0,1,0,0,1,0,1,0,4,0,2,7,0,0.08,0
0,105000.0,0.0,1132,148,11,1,29,5,0,0,1,0,0,0,0,0,0,1,1,0,5,0,6,7,1,0.018867924528301886,0
1,41250.0,0.3333333333333333,850,113,6,1,31,0,0,0,0,0,0,0,1,0,1,0,1,0,3,0,0,6,0,0.11458333333333333,1
1,56500.0,0.3971631205673759,1304,171,11,1,32,0,0,0,0,1,0,0,0,1,0,0,0,0,6,0,5,12,1,0.171875,1
1,129750.0,0.25838926174496646,671,89,6,1,12,1,0,1,0,0,0,0,0,1,1,0,1,0,4,0,5,23,1,0.2,1
1,69500.0,0.2732919254658385,780,102,6,1,35,5,0,0,0,1,0,0,0,0,0,1,1,0,6,0,6,1,1,0.10043668122270742,0
1,72750.0,0.3081395348837209,686,91,6,1,17,0,1,0,0,0,0,0,0,1,0,0,1,0,6,0,3,16,0,0.12903225806451613,1
1,157500.0,0.3064516129032258,1144,151,11,1,24,4,0,0,0,0,1,0,0,1,0,0,1,0,7,0,0,5,0,0.09523809523809523,0
1,79750.0,0.29411764705882354,1274,168,11,1,14,1,0,0,1,0,0,0,0,1,0,1,1,0,6,0,3,7,0,0.15384615384615385,1
0,105000.0,0.0,1279,169,11,1,15,0,0,0,1,0,0,0,0,0,1,0,0,1,4,1,2,4,0,0.10714285714285714,1
0,105000.0,0.0,1284,171,11,1,21,4,1,0,0,0,0,0,0,0,1,0,1,0,6,0,2,18,0,0.03614457831325301,0
1,108500.0,0.2777777777777778,1097,151,10,1,25,1,0,0,1,0,0,0,0,0,0,1,0,0,7,1,2,5,0,0.06666666666666667,0
1,176500.0,0.2216624685138539,699,90,6,1,23,3,0,1,0,0,0,0,0,0,1,0,1,0,5,0,6,14,1,0.2,1
1,108971.2,0.2404701931150294,884,123,10,1,17,3,0,1,0,0,0,0,0,0,1,0,1,0,6,0,5,18,1,0.09554140127388536,0
0,105000.0,0.0,672,92,6,1,14,1,0,0,0,0,1,0,0,1,0,1,1,0,4,0,4,23,0,0.08,0
1,142000.0,0.26299694189602446,914,125,10,1,33,4,1,0,0,0,0,0,0,1,1,0,0,0,7,1,2,1,0,0.18439716312056736,1
1,113750.0,0.22265625,691,94,6,1,19,2,1,0,0,0,0,0,0,0,0,0,1,0,5,1,3,11,0,0.03636363636363636,0
1,90750.0,0.3194444444444444,1261,168,11,1,25,1,1,0,0,0,0,0,0,0,0,1,1,0,6,1,4,21,0,0.11636363636363636,1
1,205250.0,0.1836283185840708,654,89,6,1,13,3,0,1,0,0,0,0,0,0,1,0,1,0,3,0,3,9,0,0.13333333333333333,1
1,42000.0,0.1935483870967742,1139,148,11,1,28,1,0,0,0,0,0,0,1,0,0,0,1,0,5,0,6,4,1,0.21782178217821782,1
0,105000.0,0.0,713,97,6,1,25,1,1,0,0,0,0,0,0,1,1,0,1,0,6,1,5,19,1,0.03260869565217391,0
1,183250.0,0.3071593533487298,1099,153,10,1,15,3,0,0,1,0,0,0,0,1,1,0,1,0,7,0,3,4,0,0.18666666666666668,1
0,105000.0,0.0,1135,148,11,1,28,1,0,0,0,0,0,0,1,1,0,0,1,0,4,1,5,2,1,0.10377358490566038,0
1,59000.0,0.21212121212121213,1273,169,11,1,18,0,0,0,0,0,1,0,0,0,1,0,1,0,6,1,3,1,0,0.10576923076923077,0
1,60750.0,0.3006993006993007,900,125,10,1,22,4,0,0,0,0,0,1,0,0,1,0,1,0,5,0,5,14,1,0.1782178217821782,1
1,84000.0,0.1837837837837838,734,98,6,1,17,3,0,1,0,0,0,0,0,0,0,1,1,0,7,1,6,5,1,0.13278008298755187,1
0,105000.0,0.0,844,114,6,1,33,1,1,0,0,0,0,0,0,0,1,0,1,0,4,1,5,15,1,0.078125,0
1,162000.0,0.18487394957983194,846,119,10,1,25,1,0,0,1,0,0,0,0,1,0,0,0,0,3,0,0,16,0,0.10457516339869281,0
1,115500.0,0.3902439024390244,1091,145,11,1,25,2,1,0,0,0,0,0,0,1,0,0,0,0,4,0,6,17,1,0.25,1
0,105000.0,0.0,1004,141,10,1,14,0,0,0,1,0,0,0,0,0,0,0,0,0,4,0,4,9,0,0.10743801652892562,1
1,207500.0,0.1838074398249453,891,123,6,1,14,4,0,0,0,0,1,0,0,0,1,0,1,0,7,1,2,23,0,0.02142857142857143,0
1,98750.0,0.3191489361702128,852,119,10,1,33,0,1,0,0,0,0,0,0,0,1,0,1,0,3,0,4,14,0,0.10714285714285714,1
0,105000.0,0.0,826,110,6,1,28,1,0,0,0,1,0,0,0,0,0,1,1,0,3,0,2,17,0,0.07692307692307693,0
1,52790.4,0.24818778046254739,909,118,6,1,31,2,0,0,0,0,0,0,1,0,0,0,1,0,3,1,0,9,0,0.16666666666666666,1
1,139500.0,0.32934131736526945,922,126,10,1,17,5,0,0,0,1,0,0,0,0,0,1,1,0,6,0,1,20,0,0.04132231404958678,0
1,221500.0,0.3155893536121673,1051,142,10,1,33,4,1,0,0,0,0,0,0,1,1,0,1,0,6,0,4,15,0,0.1524822695035461,1
1,191692.8,0.39016507991964366,857,121,10,1,19,5,0,0,0,0,0,1,0,0,0,1,0,0,4,1,5,20,1,0.045454545454545456,0
1,67500.0,0.34355828220858897,725,94,6,1,32,1,0,0,0,1,0,0,0,1,0,0,1,0,3,0,3,6,0,0.2222222222222222,1
1,64250.0,0.33116883116883117,1309,173,11,1,29,1,0,0,1,0,0,0,0,0,1,0,0,0,5,0,3,13,0,0.2777777777777778,1
0,105000.0,0.0,1015,142,10,1,21,3,0,1,0,0,0,0,0,1,0,1,0,1,4,0,3,9,0,0.025806451612903226,0
0,105000.0,0.0,916,125,10,1,20,3,0,0,0,0,0,1,0,0,0,1,0,1,6,0,5,10,1,0.07772020725388601,0
0,105000.0,0.0,710,96,6,1,13,0,0,0,0,1,0,0,0,0,0,0,1,0,4,1,6,5,1,0.05309734513274336,0
1,97656.0,0.20336713219820168,1265,166,11,1,32,2,0,0,0,1,0,0,0,0,1,0,0,0,3,0,3,9,0,0.10526315789473684,0
0,105000.0,0.0,1073,147,10,1,32,1,0,0,0,1,0,0,0,0,0,1,1,0,4,1,3,11,0,0.05291970802919708,0
0,105000.0,0.0,1290,170,11,1,24,1,0,0,0,0,0,0,1,0,1,0,1,0,4,0,4,18,0,0.0625,0
1,103500.0,0.350597609561753,1100,144,11,1,22,3,0,0,0,0,0,1,0,1,0,0,0,1,3,0,1,17,0,0.1774193548387097,1
0,105000.0,0.0,678,90,6,1,13,1,0,0,0,1,0,0,0,1,0,1,1,0,4,0,3,23,0,0.15555555555555556,1
1,87000.0,0.29411764705882354,714,94,6,1,18,2,0,0,1,0,0,0,0,1,1,0,0,1,4,1,1,23,0,0.19298245614035087,1
1,236750.0,0.2998204667863555,876,120,10,1,25,1,1,0,0,0,0,0,0,0,0,1,1,0,5,0,3,3,0,0.0,0
1,82500.0,0.3582089552238806,720,94,6,1,24,3,0,0,0,0,0,0,1,0,0,1,1,0,4,1,6,8,1,0.1,0
0,105000.0,0.0,1019,140,10,1,35,5,0,0,0,1,0,0,0,0,0,1,0,1,3,1,1,4,0,0.02727272727272727,0
1,106250.0,0.3333333333333333,892,124,10,1,18,3,0,0,0,0,1,0,0,1,0,0,1,0,5,0,3,21,0,0.05084745762711865,0
1,100500.0,0.19730941704035873,1121,149,11,1,24,3,0,0,0,0,1,0,0,0,0,0,1,0,5,0,1,22,0,0.08552631578947369,0
1,104000.0,0.26666666666666666,1146,152,11,1,24,3,0,0,0,0,1,0,0,0,0,1,1,0,7,1,6,2,1,0.06513409961685823,0
1,109616.0,0.24579796971209855,902,125,10,1,28,3,0,0,0,1,0,0,0,0,0,1,1,0,4,0,4,1,0,0.06578947368421052,0
0,105000.0,0.0,1111,146,11,1,13,4,0,0,0,1,0,0,0,0,1,0,1,0,4,0,1,9,0,0.022222222222222223,0
1,70824.0,0.1893113533634672,1130,149,11,1,18,2,0,0,0,0,1,0,0,1,0,1,1,0,6,0,2,9,0,0.1676300578034682,1
1,114750.0,0.3548387096774194,789,104,6,1,35,5,0,0,0,1,0,0,0,0,0,1,0,0,6,1,3,12,0,0.06140350877192982,0
1,58250.0,0.3931034482758621,1095,150,10,1,32,1,0,0,0,1,0,0,0,0,0,1,1,0,5,0,3,18,0,0.20238095238095238,1
1,80745.6,0.3942088934850052,742,98,6,1,26,4,0,0,0,0,1,0,0,0,1,0,0,0,6,0,2,22,0,0.15151515151515152,1
1,97000.0,0.2831858407079646,1277,170,11,1,26,4,0,0,0,0,1,0,0,0,1,0,0,1,5,0,0,13,0,0.0967741935483871,0
1,238000.0,0.323943661971831,895,121,6,1,25,4,0,1,0,0,0,0,0,1,0,0,1,0,7,0,0,19,0,0.11494252873563218,1
0,105000.0,0.0,859,119,10,1,28,1,0,0,0,0,0,0,1,0,0,1,1,0,3,0,3,19,0,0.09090909090909091,0
1,126500.0,0.3464052287581699,886,126,10,1,14,4,0,0,0,0,1,0,0,1,0,0,1,0,6,0,6,7,1,0.08433734939759036,0
1,163750.0,0.18559556786703602,1114,148,11,1,32,3,0,0,1,0,0,0,0,0,1,0,1,0,3,0,2,11,0,0.08695652173913043,0
0,105000.0,0.0,871,123,10,1,15,3,1,0,0,0,0,0,0,0,1,0,1,0,7,0,3,21,0,0.07272727272727272,0
1,212867.2,0.2251799184947542,1246,165,11,1,17,3,1,0,0,0,0,0,0,0,1,0,0,0,5,0,6,1,1,0.0945945945945946,0
1,84500.0,0.29292929292929293,1116,147,11,1,13,1,0,0,0,1,0,0,0,1,1,0,0,0,4,1,3,18,0,0.13513513513513514,1
